municipio,year,week,date,cases,predicted_cases,municipio_norm,population,model,model_label,observed_incidence_per_100k,predicted_incidence_per_100k,municipio_display
rio de janeiro,2017,13,2017-03-27,123,201.086866441736,rio de janeiro,6747815,S6,S6 rainfall-region,1.8228122733062482,2.9800293345584605,Rio De Janeiro
rio de janeiro,2017,14,2017-04-03,129,182.411342726957,rio de janeiro,6747815,S6,S6 rainfall-region,1.9117299451748455,2.703265319617639,Rio De Janeiro
rio de janeiro,2017,15,2017-04-10,95,180.263601210891,rio de janeiro,6747815,S6,S6 rainfall-region,1.4078631379194597,2.671436623720286,Rio De Janeiro
rio de janeiro,2017,16,2017-04-17,86,159.453120516513,rio de janeiro,6747815,S6,S6 rainfall-region,1.2744866301165636,2.3630333747518715,Rio De Janeiro
rio de janeiro,2017,17,2017-04-24,87,136.170333077224,rio de janeiro,6747815,S6,S6 rainfall-region,1.2893062420946633,2.017991499133038,Rio De Janeiro
rio de janeiro,2017,18,2017-05-01,95,158.722902971232,rio de janeiro,6747815,S6,S6 rainfall-region,1.4078631379194597,2.352211834071207,Rio De Janeiro
rio de janeiro,2017,19,2017-05-08,86,124.132688371468,rio de janeiro,6747815,S6,S6 rainfall-region,1.2744866301165636,1.8395982754635096,Rio De Janeiro
rio de janeiro,2017,20,2017-05-15,52,100.566500725844,rio de janeiro,6747815,S6,S6 rainfall-region,0.770619822861178,1.4903565187522774,Rio De Janeiro
rio de janeiro,2017,21,2017-05-22,34,74.3813496032678,rio de janeiro,6747815,S6,S6 rainfall-region,0.5038668072553856,1.1023027395277996,Rio De Janeiro
rio de janeiro,2017,22,2017-05-29,58,69.9296733697505,rio de janeiro,6747815,S6,S6 rainfall-region,0.8595374947297755,1.0363306250949456,Rio De Janeiro
rio de janeiro,2017,23,2017-06-05,74,55.2297904854487,rio de janeiro,6747815,S6,S6 rainfall-region,1.0966512863793687,0.8184840646260856,Rio De Janeiro
rio de janeiro,2017,24,2017-06-12,34,33.1305497075419,rio de janeiro,6747815,S6,S6 rainfall-region,0.5038668072553856,0.49098189128691144,Rio De Janeiro
rio de janeiro,2017,25,2017-06-19,38,23.8635831964811,rio de janeiro,6747815,S6,S6 rainfall-region,0.5631452551677839,0.3536490433789471,Rio De Janeiro
rio de janeiro,2017,26,2017-06-26,29,30.695905823101,rio de janeiro,6747815,S6,S6 rainfall-region,0.42976874736488774,0.45490141361464415,Rio De Janeiro
rio de janeiro,2017,27,2017-07-03,31,47.8551800034327,rio de janeiro,6747815,S6,S6 rainfall-region,0.4594079713210869,0.7091951987929825,Rio De Janeiro
rio de janeiro,2017,28,2017-07-10,30,22.3532144052275,rio de janeiro,6747815,S6,S6 rainfall-region,0.44458835934298735,0.3312659639487375,Rio De Janeiro
rio de janeiro,2017,29,2017-07-17,40,23.1498969810884,rio de janeiro,6747815,S6,S6 rainfall-region,0.5927844791239831,0.3430724905927089,Rio De Janeiro
rio de janeiro,2017,30,2017-07-24,33,18.9915122833051,rio de janeiro,6747815,S6,S6 rainfall-region,0.4890471952772861,0.2814468429158935,Rio De Janeiro
rio de janeiro,2017,31,2017-07-31,39,16.3991789629086,rio de janeiro,6747815,S6,S6 rainfall-region,0.5779648671458835,0.24302946898971892,Rio De Janeiro
rio de janeiro,2017,32,2017-08-07,24,16.4618621293442,rio de janeiro,6747815,S6,S6 rainfall-region,0.35567068747438985,0.24395840919385314,Rio De Janeiro
rio de janeiro,2017,33,2017-08-14,27,21.3375311307983,rio de janeiro,6747815,S6,S6 rainfall-region,0.40012952340868857,0.3162139319290511,Rio De Janeiro
rio de janeiro,2017,34,2017-08-21,35,20.3945083544406,rio de janeiro,6747815,S6,S6 rainfall-region,0.5186864192334852,0.3022387002969198,Rio De Janeiro
rio de janeiro,2017,35,2017-08-28,31,22.0228233434876,rio de janeiro,6747815,S6,S6 rainfall-region,0.4594079713210869,0.32636969661271986,Rio De Janeiro
rio de janeiro,2017,36,2017-09-04,32,15.5519115447526,rio de janeiro,6747815,S6,S6 rainfall-region,0.47422758329918646,0.23047329461096072,Rio De Janeiro
rio de janeiro,2017,37,2017-09-11,36,19.1021891778117,rio de janeiro,6747815,S6,S6 rainfall-region,0.5335060312115848,0.2830870315474224,Rio De Janeiro
rio de janeiro,2017,38,2017-09-18,54,22.1839609403633,rio de janeiro,6747815,S6,S6 rainfall-region,0.8002590468173771,0.3287576932735011,Rio De Janeiro
rio de janeiro,2017,39,2017-09-25,37,21.904987692622,rio de janeiro,6747815,S6,S6 rainfall-region,0.5483256431896844,0.32462341798970484,Rio De Janeiro
rio de janeiro,2017,40,2017-10-02,59,23.7890870050561,rio de janeiro,6747815,S6,S6 rainfall-region,0.8743571067078751,0.3525450387281824,Rio De Janeiro
rio de janeiro,2017,41,2017-10-09,56,24.1871053771867,rio de janeiro,6747815,S6,S6 rainfall-region,0.8298982707735764,0.35844351656331275,Rio De Janeiro
rio de janeiro,2017,42,2017-10-16,61,40.2138006395551,rio de janeiro,6747815,S6,S6 rainfall-region,0.9039963306640741,0.5959529216428592,Rio De Janeiro
rio de janeiro,2017,43,2017-10-23,53,28.2137522380266,rio de janeiro,6747815,S6,S6 rainfall-region,0.7854394348392777,0.41811686061379283,Rio De Janeiro
rio de janeiro,2017,44,2017-10-30,38,41.5966926314817,rio de janeiro,6747815,S6,S6 rainfall-region,0.5631452551677839,0.6164468443708326,Rio De Janeiro
rio de janeiro,2017,45,2017-11-06,59,42.9465015978712,rio de janeiro,6747815,S6,S6 rainfall-region,0.8743571067078751,0.6364504894972847,Rio De Janeiro
rio de janeiro,2017,46,2017-11-13,56,41.9166484444507,rio de janeiro,6747815,S6,S6 rainfall-region,0.8298982707735764,0.6211884653691706,Rio De Janeiro
rio de janeiro,2017,47,2017-11-20,49,49.3671092150631,rio de janeiro,6747815,S6,S6 rainfall-region,0.7261609869268792,0.7316014030476992,Rio De Janeiro
rio de janeiro,2017,48,2017-11-27,61,38.3572687784959,rio de janeiro,6747815,S6,S6 rainfall-region,0.9039963306640741,0.5684398398369828,Rio De Janeiro
rio de janeiro,2018,6,2018-02-05,74,204.342583147116,rio de janeiro,6747815,S6,S6 rainfall-region,1.0966512863793687,3.028277792842809,Rio De Janeiro
rio de janeiro,2018,7,2018-02-12,78,194.707404274828,rio de janeiro,6747815,S6,S6 rainfall-region,1.155929734291767,2.8854881806159183,Rio De Janeiro
rio de janeiro,2018,8,2018-02-19,129,147.572859690664,rio de janeiro,6747815,S6,S6 rainfall-region,1.9117299451748455,2.1869725191141725,Rio De Janeiro
rio de janeiro,2018,9,2018-02-26,144,166.722253531983,rio de janeiro,6747815,S6,S6 rainfall-region,2.134024124846339,2.4707591054583298,Rio De Janeiro
rio de janeiro,2018,10,2018-03-05,197,122.713286758368,rio de janeiro,6747815,S6,S6 rainfall-region,2.919463559685617,1.8185632943162786,Rio De Janeiro
rio de janeiro,2018,11,2018-03-12,179,141.740403319967,rio de janeiro,6747815,S6,S6 rainfall-region,2.652710544079824,2.100537778821248,Rio De Janeiro
rio de janeiro,2018,12,2018-03-19,200,236.490257250905,rio de janeiro,6747815,S6,S6 rainfall-region,2.9639223956199157,3.504693849059362,Rio De Janeiro
rio de janeiro,2018,13,2018-03-26,237,241.935107163486,rio de janeiro,6747815,S6,S6 rainfall-region,3.5122480388095996,3.585384412042802,Rio De Janeiro
rio de janeiro,2018,14,2018-04-02,289,306.572502118512,rio de janeiro,6747815,S6,S6 rainfall-region,4.282867861670778,4.543285524551458,Rio De Janeiro
rio de janeiro,2018,15,2018-04-09,279,252.077198253004,rio de janeiro,6747815,S6,S6 rainfall-region,4.1346717418897825,3.7356862666360002,Rio De Janeiro
rio de janeiro,2018,16,2018-04-16,251,279.166980943757,rio de janeiro,6747815,S6,S6 rainfall-region,3.719722606502994,4.137146334683997,Rio De Janeiro
rio de janeiro,2018,17,2018-04-23,264,288.117484054702,rio de janeiro,6747815,S6,S6 rainfall-region,3.9123775622182886,4.269789317796976,Rio De Janeiro
rio de janeiro,2018,18,2018-04-30,313,410.67659467632,rio de janeiro,6747815,S6,S6 rainfall-region,4.638538549145168,6.086067781590337,Rio De Janeiro
rio de janeiro,2018,19,2018-05-07,331,406.045011912695,rio de janeiro,6747815,S6,S6 rainfall-region,4.90529156475096,6.01742952218896,Rio De Janeiro
rio de janeiro,2018,20,2018-05-14,328,310.346593098217,rio de janeiro,6747815,S6,S6 rainfall-region,4.8608327288166615,4.599216088440732,Rio De Janeiro
rio de janeiro,2018,21,2018-05-21,211,248.29844830223,rio de janeiro,6747815,S6,S6 rainfall-region,3.126938127379011,3.679686658603267,Rio De Janeiro
rio de janeiro,2018,22,2018-05-28,197,244.373946974068,rio de janeiro,6747815,S6,S6 rainfall-region,2.919463559685617,3.621527071712369,Rio De Janeiro
rio de janeiro,2018,23,2018-06-04,194,226.779619745835,rio de janeiro,6747815,S6,S6 rainfall-region,2.875004723751318,3.3607859691742434,Rio De Janeiro
rio de janeiro,2018,24,2018-06-11,196,194.486823705054,rio de janeiro,6747815,S6,S6 rainfall-region,2.904643947707517,2.8822192621619593,Rio De Janeiro
rio de janeiro,2018,25,2018-06-18,160,138.072764531206,rio de janeiro,6747815,S6,S6 rainfall-region,2.3711379164959325,2.0461847950959826,Rio De Janeiro
rio de janeiro,2018,26,2018-06-25,193,103.449775802408,rio de janeiro,6747815,S6,S6 rainfall-region,2.860185111773218,1.5330855366130813,Rio De Janeiro
rio de janeiro,2018,27,2018-07-02,218,134.238579179322,rio de janeiro,6747815,S6,S6 rainfall-region,3.2306754112257083,1.9893636559289487,Rio De Janeiro
rio de janeiro,2018,28,2018-07-09,153,117.393323148388,rio de janeiro,6747815,S6,S6 rainfall-region,2.267400632649235,1.7397234978787652,Rio De Janeiro
rio de janeiro,2018,29,2018-07-16,152,101.792572287986,rio de janeiro,6747815,S6,S6 rainfall-region,2.2525810206711356,1.5085264235606046,Rio De Janeiro
rio de janeiro,2018,30,2018-07-23,119,120.108986028774,rio de janeiro,6747815,S6,S6 rainfall-region,1.7635338253938497,1.779968568029414,Rio De Janeiro
rio de janeiro,2018,31,2018-07-30,92,110.624781929059,rio de janeiro,6747815,S6,S6 rainfall-region,1.3634043019851612,1.6394163433505367,Rio De Janeiro
rio de janeiro,2018,32,2018-08-06,120,83.7138529796964,rio de janeiro,6747815,S6,S6 rainfall-region,1.7783534373719494,1.2406068183507757,Rio De Janeiro
rio de janeiro,2018,33,2018-08-13,75,85.8311887391064,rio de janeiro,6747815,S6,S6 rainfall-region,1.1114708983574684,1.2719849127325868,Rio De Janeiro
rio de janeiro,2018,34,2018-08-20,67,72.6878822587845,rio de janeiro,6747815,S6,S6 rainfall-region,0.9929140025326716,1.0772062105849747,Rio De Janeiro
rio de janeiro,2018,35,2018-08-27,68,54.7227168398662,rio de janeiro,6747815,S6,S6 rainfall-region,1.0077336145107711,0.8109694299542326,Rio De Janeiro
rio de janeiro,2018,36,2018-09-03,51,73.7790467718413,rio de janeiro,6747815,S6,S6 rainfall-region,0.7558002108830785,1.0933768452727481,Rio De Janeiro
rio de janeiro,2018,37,2018-09-10,54,54.6169271759638,rio de janeiro,6747815,S6,S6 rainfall-region,0.8002590468173771,0.8094016681839056,Rio De Janeiro
rio de janeiro,2018,38,2018-09-17,63,49.4484292739501,rio de janeiro,6747815,S6,S6 rainfall-region,0.9336355546202735,0.7328065347664406,Rio De Janeiro
rio de janeiro,2018,39,2018-09-24,41,51.9659616216408,rio de janeiro,6747815,S6,S6 rainfall-region,0.6076040911020827,0.770115387301531,Rio De Janeiro
rio de janeiro,2018,40,2018-10-01,59,42.3945601399398,rio de janeiro,6747815,S6,S6 rainfall-region,0.8743571067078751,0.6282709312561148,Rio De Janeiro
rio de janeiro,2018,41,2018-10-08,43,43.0125599003692,rio de janeiro,6747815,S6,S6 rainfall-region,0.6372433150582818,0.6374294479082369,Rio De Janeiro
rio de janeiro,2018,42,2018-10-15,72,58.6982312377889,rio de janeiro,6747815,S6,S6 rainfall-region,1.0670120624231696,0.8698850107447953,Rio De Janeiro
rio de janeiro,2018,43,2018-10-22,70,39.744046577286,rio de janeiro,6747815,S6,S6 rainfall-region,1.0373728384669705,0.5889913487148951,Rio De Janeiro
rio de janeiro,2018,44,2018-10-29,66,52.293886437904,rio de janeiro,6747815,S6,S6 rainfall-region,0.9780943905545721,0.7749751058365411,Rio De Janeiro
rio de janeiro,2018,45,2018-11-05,71,43.923494123768,rio de janeiro,6747815,S6,S6 rainfall-region,1.05219245044507,0.6509291396365787,Rio De Janeiro
rio de janeiro,2018,46,2018-11-12,69,59.1694771316509,rio de janeiro,6747815,S6,S6 rainfall-region,1.0225532264888708,0.8768686920381026,Rio De Janeiro
rio de janeiro,2018,47,2018-11-19,65,74.5058933550999,rio de janeiro,6747815,S6,S6 rainfall-region,0.9632747785764725,1.104148429604248,Rio De Janeiro
rio de janeiro,2018,48,2018-11-26,106,70.8394690004665,rio de janeiro,6747815,S6,S6 rainfall-region,1.5708788696785554,1.049813443321527,Rio De Janeiro
rio de janeiro,2018,49,2018-12-03,150,81.4886134143532,rio de janeiro,6747815,S6,S6 rainfall-region,2.2229417967149367,1.2076296314340746,Rio De Janeiro
rio de janeiro,2018,50,2018-12-10,138,78.4601579641916,rio de janeiro,6747815,S6,S6 rainfall-region,2.0451064529777416,1.1627490967697187,Rio De Janeiro
rio de janeiro,2018,51,2018-12-17,124,62.1798556707549,rio de janeiro,6747815,S6,S6 rainfall-region,1.8376318852843476,0.9214813338948222,Rio De Janeiro
rio de janeiro,2018,52,2018-12-24,147,112.148853784593,rio de janeiro,6747815,S6,S6 rainfall-region,2.178482960780638,1.6620024968762925,Rio De Janeiro
rio de janeiro,2019,1,2018-12-31,179,209.745991452415,rio de janeiro,6747815,S6,S6 rainfall-region,2.652710544079824,3.108354207286581,Rio De Janeiro
rio de janeiro,2019,2,2019-01-07,186,234.261126045652,rio de janeiro,6747815,S6,S6 rainfall-region,2.756447827926521,3.4716589895492387,Rio De Janeiro
rio de janeiro,2019,3,2019-01-14,201,221.117418265132,rio de janeiro,6747815,S6,S6 rainfall-region,2.978742007598015,3.276874340288404,Rio De Janeiro
rio de janeiro,2019,4,2019-01-21,205,327.207965660188,rio de janeiro,6747815,S6,S6 rainfall-region,3.0380204555104133,4.849095087227317,Rio De Janeiro
rio de janeiro,2019,5,2019-01-28,159,313.308104740435,rio de janeiro,6747815,S6,S6 rainfall-region,2.3563183045178326,4.643104541847028,Rio De Janeiro
rio de janeiro,2019,6,2019-02-04,167,351.457157384689,rio de janeiro,6747815,S6,S6 rainfall-region,2.4748752003426295,5.2084586993669655,Rio De Janeiro
rio de janeiro,2019,7,2019-02-11,182,331.606944606527,rio de janeiro,6747815,S6,S6 rainfall-region,2.6971693800141234,4.914286248311891,Rio De Janeiro
rio de janeiro,2019,8,2019-02-18,195,334.153837436554,rio de janeiro,6747815,S6,S6 rainfall-region,2.8898243357294175,4.952030211802694,Rio De Janeiro
rio de janeiro,2019,9,2019-02-25,157,305.859736211699,rio de janeiro,6747815,S6,S6 rainfall-region,2.3266790805616338,4.5327226103812714,Rio De Janeiro
rio de janeiro,2019,10,2019-03-04,274,366.224713034991,rio de janeiro,6747815,S6,S6 rainfall-region,4.060573681999284,5.427308143969433,Rio De Janeiro
rio de janeiro,2019,11,2019-03-11,414,415.633775629058,rio de janeiro,6747815,S6,S6 rainfall-region,6.135319358933224,6.15953127981514,Rio De Janeiro
rio de janeiro,2019,12,2019-03-18,643,439.361465190993,rio de janeiro,6747815,S6,S6 rainfall-region,9.529010501918028,6.51116643225982,Rio De Janeiro
rio de janeiro,2019,13,2019-03-25,801,378.753946233533,rio de janeiro,6747815,S6,S6 rainfall-region,11.870509194457762,5.6129865183549486,Rio De Janeiro
rio de janeiro,2019,14,2019-04-01,1112,574.125039643718,rio de janeiro,6747815,S6,S6 rainfall-region,16.47940851964673,8.508310314430938,Rio De Janeiro
rio de janeiro,2019,15,2019-04-08,1207,759.17676790776,rio de janeiro,6747815,S6,S6 rainfall-region,17.887271657566192,11.250705123180763,Rio De Janeiro
rio de janeiro,2019,16,2019-04-15,1280,1170.75992969674,rio de janeiro,6747815,S6,S6 rainfall-region,18.96910333196746,17.350207877612828,Rio De Janeiro
rio de janeiro,2019,17,2019-04-22,1432,1421.31199448357,rio de janeiro,6747815,S6,S6 rainfall-region,21.221684352638594,21.063292258065317,Rio De Janeiro
rio de janeiro,2019,18,2019-04-29,1643,1933.99834659255,rio de janeiro,6747815,S6,S6 rainfall-region,24.348622480017607,28.66110506278773,Rio De Janeiro
rio de janeiro,2019,19,2019-05-06,1864,1949.54159815881,rio de janeiro,6747815,S6,S6 rainfall-region,27.623756727177614,28.891450019877695,Rio De Janeiro
rio de janeiro,2019,20,2019-05-13,1624,1825.41209475921,rio de janeiro,6747815,S6,S6 rainfall-region,24.067049852433716,27.05189894446143,Rio De Janeiro
rio de janeiro,2019,21,2019-05-20,1573,1560.16306960709,rio de janeiro,6747815,S6,S6 rainfall-region,23.311249641550635,23.121011314137835,Rio De Janeiro
rio de janeiro,2019,22,2019-05-27,1233,1530.81478346109,rio de janeiro,6747815,S6,S6 rainfall-region,18.272581568996777,22.68608110123188,Rio De Janeiro
rio de janeiro,2019,23,2019-06-03,980,1589.19852011481,rio de janeiro,6747815,S6,S6 rainfall-region,14.523219738537586,23.551305424271558,Rio De Janeiro
rio de janeiro,2019,24,2019-06-10,769,1201.55160058685,rio de janeiro,6747815,S6,S6 rainfall-region,11.396281611158575,17.806528492361604,Rio De Janeiro
rio de janeiro,2019,25,2019-06-17,551,1214.09638930781,rio de janeiro,6747815,S6,S6 rainfall-region,8.165606199932867,17.99243739355347,Rio De Janeiro
rio de janeiro,2019,26,2019-06-24,497,808.34295000965,rio de janeiro,6747815,S6,S6 rainfall-region,7.36534715311549,11.979328864375358,Rio De Janeiro
rio de janeiro,2019,27,2019-07-01,489,760.504071513861,rio de janeiro,6747815,S6,S6 rainfall-region,7.246790257290694,11.270375247600313,Rio De Janeiro
rio de janeiro,2019,28,2019-07-08,285,574.936907913767,rio de janeiro,6747815,S6,S6 rainfall-region,4.223589413758379,8.520341887170394,Rio De Janeiro
rio de janeiro,2019,29,2019-07-15,238,426.565568845979,rio de janeiro,6747815,S6,S6 rainfall-region,3.5270676507876995,6.32153621351473,Rio De Janeiro
rio de janeiro,2019,30,2019-07-22,168,370.221966309104,rio de janeiro,6747815,S6,S6 rainfall-region,2.489694812320729,5.486545886469976,Rio De Janeiro
rio de janeiro,2019,31,2019-07-29,169,297.798313103712,rio de janeiro,6747815,S6,S6 rainfall-region,2.5045144242988284,4.413255447929619,Rio De Janeiro
rio de janeiro,2019,32,2019-08-05,140,180.663033500811,rio de janeiro,6747815,S6,S6 rainfall-region,2.074745676933941,2.6773560552684237,Rio De Janeiro
rio de janeiro,2019,33,2019-08-12,140,166.105113908038,rio de janeiro,6747815,S6,S6 rainfall-region,2.074745676933941,2.4616133356951546,Rio De Janeiro
rio de janeiro,2019,34,2019-08-19,97,133.210410678986,rio de janeiro,6747815,S6,S6 rainfall-region,1.437502361875659,1.9741265977058648,Rio De Janeiro
rio de janeiro,2019,35,2019-08-26,71,117.301049589586,rio de janeiro,6747815,S6,S6 rainfall-region,1.05219245044507,1.7383560395414812,Rio De Janeiro
rio de janeiro,2019,36,2019-09-02,64,111.704104029213,rio de janeiro,6747815,S6,S6 rainfall-region,0.9484551665983729,1.6554114780742062,Rio De Janeiro
rio de janeiro,2019,37,2019-09-09,66,122.381461844604,rio de janeiro,6747815,S6,S6 rainfall-region,0.9780943905545721,1.81364577784963,Rio De Janeiro
rio de janeiro,2019,38,2019-09-16,83,83.8367423154723,rio de janeiro,6747815,S6,S6 rainfall-region,1.230027794182265,1.242427990623221,Rio De Janeiro
rio de janeiro,2019,39,2019-09-23,99,70.2068322353967,rio de janeiro,6747815,S6,S6 rainfall-region,1.4671415858318582,1.0404380119401127,Rio De Janeiro
rio de janeiro,2019,40,2019-09-30,73,70.7305164405389,rio de janeiro,6747815,S6,S6 rainfall-region,1.0818316744012693,1.0481988086593796,Rio De Janeiro
rio de janeiro,2019,41,2019-10-07,67,65.5770189475794,rio de janeiro,6747815,S6,S6 rainfall-region,0.9929140025326716,0.9718259754836107,Rio De Janeiro
rio de janeiro,2019,42,2019-10-14,65,91.0073980596239,rio de janeiro,6747815,S6,S6 rainfall-region,0.9632747785764725,1.3486943263800786,Rio De Janeiro
rio de janeiro,2019,43,2019-10-21,58,102.268238197476,rio de janeiro,6747815,S6,S6 rainfall-region,0.8595374947297755,1.5155756077704559,Rio De Janeiro
rio de janeiro,2019,44,2019-10-28,40,77.1618895834626,rio de janeiro,6747815,S6,S6 rainfall-region,0.5927844791239831,1.1435092631238792,Rio De Janeiro
rio de janeiro,2019,45,2019-11-04,65,83.2458253268196,rio de janeiro,6747815,S6,S6 rainfall-region,0.9632747785764725,1.233670830140121,Rio De Janeiro
rio de janeiro,2019,46,2019-11-11,56,75.5031286390757,rio de janeiro,6747815,S6,S6 rainfall-region,0.8298982707735764,1.1189270695636395,Rio De Janeiro
rio de janeiro,2019,47,2019-11-18,50,87.5291183720058,rio de janeiro,6747815,S6,S6 rainfall-region,0.7409805989049789,1.297147571058273,Rio De Janeiro
rio de janeiro,2019,48,2019-11-25,74,61.698469931218,rio de janeiro,6747815,S6,S6 rainfall-region,1.0966512863793687,0.9143473840230948,Rio De Janeiro
rio de janeiro,2019,49,2019-12-02,49,97.2678441687245,rio de janeiro,6747815,S6,S6 rainfall-region,0.7261609869268792,1.4414717085267525,Rio De Janeiro
rio de janeiro,2019,50,2019-12-09,75,93.9310132019094,rio de janeiro,6747815,S6,S6 rainfall-region,1.1114708983574684,1.392021168362046,Rio De Janeiro
rio de janeiro,2019,51,2019-12-16,58,58.9609134345238,rio de janeiro,6747815,S6,S6 rainfall-region,0.8595374947297755,0.8737778589739613,Rio De Janeiro
rio de janeiro,2019,52,2019-12-23,43,101.589152999025,rio de janeiro,6747815,S6,S6 rainfall-region,0.6372433150582818,1.5055118286293416,Rio De Janeiro
rio de janeiro,2020,1,2019-12-30,69,47.4661784064611,rio de janeiro,6747815,S6,S6 rainfall-region,1.0225532264888708,0.7034303460670024,Rio De Janeiro
rio de janeiro,2020,2,2020-01-06,100,83.6192361713379,rio de janeiro,6747815,S6,S6 rainfall-region,1.4819611978099578,1.2392046339642966,Rio De Janeiro
rio de janeiro,2020,3,2020-01-13,109,70.7293250963093,rio de janeiro,6747815,S6,S6 rainfall-region,1.6153377056128542,1.0481811534001642,Rio De Janeiro
rio de janeiro,2020,4,2020-01-20,85,71.9989711115073,rio de janeiro,6747815,S6,S6 rainfall-region,1.259667018138464,1.066996814694939,Rio De Janeiro
rio de janeiro,2020,5,2020-01-27,77,84.8576550169037,rio de janeiro,6747815,S6,S6 rainfall-region,1.1411101223136675,1.2575575207219478,Rio De Janeiro
rio de janeiro,2020,6,2020-02-03,57,119.465798767716,rio de janeiro,6747815,S6,S6 rainfall-region,0.8447178827516758,1.7704367823912777,Rio De Janeiro
rio de janeiro,2020,7,2020-02-10,77,118.429643703583,rio de janeiro,6747815,S6,S6 rainfall-region,1.1411101223136675,1.7550813663916838,Rio De Janeiro
rio de janeiro,2020,8,2020-02-17,65,91.1525887107335,rio de janeiro,6747815,S6,S6 rainfall-region,0.9632747785764725,1.3508459954923706,Rio De Janeiro
rio de janeiro,2020,9,2020-02-24,49,95.1816809847191,rio de janeiro,6747815,S6,S6 rainfall-region,0.7261609869268792,1.410555579616796,Rio De Janeiro
rio de janeiro,2020,10,2020-03-02,70,77.9137554100863,rio de janeiro,6747815,S6,S6 rainfall-region,1.0373728384669705,1.1546516229340356,Rio De Janeiro
rio de janeiro,2020,11,2020-03-09,53,114.651628795718,rio de janeiro,6747815,S6,S6 rainfall-region,0.7854394348392777,1.6990926514096487,Rio De Janeiro
rio de janeiro,2020,12,2020-03-16,39,110.488809856024,rio de janeiro,6747815,S6,S6 rainfall-region,0.5779648671458835,1.6374012899883001,Rio De Janeiro
rio de janeiro,2020,13,2020-03-23,32,87.1385722744434,rio de janeiro,6747815,S6,S6 rainfall-region,0.47422758329918646,1.2913598294328372,Rio De Janeiro
rio de janeiro,2020,14,2020-03-30,36,108.052244529542,rio de janeiro,6747815,S6,S6 rainfall-region,0.5335060312115848,1.6012923372905452,Rio De Janeiro
rio de janeiro,2020,15,2020-04-06,21,74.2677839949101,rio de janeiro,6747815,S6,S6 rainfall-region,0.3112118515400911,1.1006197412778818,Rio De Janeiro
rio de janeiro,2020,16,2020-04-13,28,54.174378734589,rio de janeiro,6747815,S6,S6 rainfall-region,0.4149491353867882,0.8028432720012182,Rio De Janeiro
rio de janeiro,2020,17,2020-04-20,29,44.9760092556613,rio de janeiro,6747815,S6,S6 rainfall-region,0.42976874736488774,0.6665270054923157,Rio De Janeiro
rio de janeiro,2020,18,2020-04-27,29,51.5208176292691,rio de janeiro,6747815,S6,S6 rainfall-region,0.42976874736488774,0.7635185260602002,Rio De Janeiro
rio de janeiro,2020,19,2020-05-04,29,33.0867262784601,rio de janeiro,6747815,S6,S6 rainfall-region,0.42976874736488774,0.49033244507236934,Rio De Janeiro
rio de janeiro,2020,20,2020-05-11,13,37.782450151338,rio de janeiro,6747815,S6,S6 rainfall-region,0.1926549557152945,0.5599212508247188,Rio De Janeiro
rio de janeiro,2020,21,2020-05-18,12,28.6784970099911,rio de janeiro,6747815,S6,S6 rainfall-region,0.17783534373719492,0.425004197803157,Rio De Janeiro
rio de janeiro,2020,22,2020-05-25,16,23.8527701810113,rio de janeiro,6747815,S6,S6 rainfall-region,0.23711379164959323,0.35348879868537153,Rio De Janeiro
rio de janeiro,2020,23,2020-06-01,11,22.3839456423913,rio de janeiro,6747815,S6,S6 rainfall-region,0.16301573175909534,0.33172138895911196,Rio De Janeiro
rio de janeiro,2020,24,2020-06-08,16,10.801726184714,rio de janeiro,6747815,S6,S6 rainfall-region,0.23711379164959323,0.16007739075113944,Rio De Janeiro
rio de janeiro,2020,25,2020-06-15,22,10.9680810541839,rio de janeiro,6747815,S6,S6 rainfall-region,0.3260314635181907,0.16254270536735077,Rio De Janeiro
rio de janeiro,2020,26,2020-06-22,14,10.9612283030078,rio de janeiro,6747815,S6,S6 rainfall-region,0.2074745676933941,0.1624411502539385,Rio De Janeiro
rio de janeiro,2020,27,2020-06-29,13,10.0343504751654,rio de janeiro,6747815,S6,S6 rainfall-region,0.1926549557152945,0.14870518049421036,Rio De Janeiro
rio de janeiro,2020,28,2020-07-06,18,12.1216029571755,rio de janeiro,6747815,S6,S6 rainfall-region,0.2667530156057924,0.1796374523779253,Rio De Janeiro
rio de janeiro,2020,29,2020-07-13,22,15.4245613121724,rio de janeiro,6747815,S6,S6 rainfall-region,0.3260314635181907,0.22858601357880146,Rio De Janeiro
rio de janeiro,2020,30,2020-07-20,17,11.3083106959124,rio de janeiro,6747815,S6,S6 rainfall-region,0.2519334036276928,0.16758477664121496,Rio De Janeiro
rio de janeiro,2020,31,2020-07-27,11,8.18265650461888,rio de janeiro,6747815,S6,S6 rainfall-region,0.16301573175909534,0.12126379434852437,Rio De Janeiro
rio de janeiro,2020,32,2020-08-03,11,10.7628127134613,rio de janeiro,6747815,S6,S6 rainfall-region,0.16301573175909534,0.15950070820645348,Rio De Janeiro
rio de janeiro,2020,33,2020-08-10,12,13.832542699564,rio de janeiro,6747815,S6,S6 rainfall-region,0.17783534373719492,0.2049929154780325,Rio De Janeiro
rio de janeiro,2020,34,2020-08-17,10,12.5624221566303,rio de janeiro,6747815,S6,S6 rainfall-region,0.14819611978099578,0.1861702218663419,Rio De Janeiro
rio de janeiro,2020,35,2020-08-24,9,8.18512429729575,rio de janeiro,6747815,S6,S6 rainfall-region,0.1333765078028962,0.121300366078438,Rio De Janeiro
rio de janeiro,2020,36,2020-08-31,10,8.52894513479325,rio de janeiro,6747815,S6,S6 rainfall-region,0.14819611978099578,0.12639565748013618,Rio De Janeiro
rio de janeiro,2020,37,2020-09-07,10,9.89433317839236,rio de janeiro,6747815,S6,S6 rainfall-region,0.14819611978099578,0.14663017848581147,Rio De Janeiro
rio de janeiro,2020,38,2020-09-14,12,9.03387776613907,rio de janeiro,6747815,S6,S6 rainfall-region,0.17783534373719492,0.13387856315176203,Rio De Janeiro
rio de janeiro,2020,39,2020-09-21,14,8.74399424405303,rio de janeiro,6747815,S6,S6 rainfall-region,0.2074745676933941,0.12958260183560202,Rio De Janeiro
rio de janeiro,2020,40,2020-09-28,11,10.4796017654759,rio de janeiro,6747815,S6,S6 rainfall-region,0.16301573175909534,0.15530363184936014,Rio De Janeiro
rio de janeiro,2020,41,2020-10-05,12,8.89662662859484,rio de janeiro,6747815,S6,S6 rainfall-region,0.17783534373719492,0.13184455454980376,Rio De Janeiro
rio de janeiro,2020,42,2020-10-12,10,12.7046702418096,rio de janeiro,6747815,S6,S6 rainfall-region,0.14819611978099578,0.1882782832933268,Rio De Janeiro
rio de janeiro,2020,43,2020-10-19,19,13.2926730861069,rio de janeiro,6747815,S6,S6 rainfall-region,0.28157262758389195,0.1969922572878317,Rio De Janeiro
rio de janeiro,2020,44,2020-10-26,9,10.8148593633097,rio de janeiro,6747815,S6,S6 rainfall-region,0.1333765078028962,0.1602720193619668,Rio De Janeiro
rio de janeiro,2020,45,2020-11-02,12,13.356063899392,rio de janeiro,6747815,S6,S6 rainfall-region,0.17783534373719492,0.19793168454369303,Rio De Janeiro
rio de janeiro,2020,46,2020-11-09,25,10.0874679396717,rio de janeiro,6747815,S6,S6 rainfall-region,0.37049029945248946,0.1494923607074542,Rio De Janeiro
rio de janeiro,2020,47,2020-11-16,20,21.9734984216263,rio de janeiro,6747815,S6,S6 rainfall-region,0.29639223956199157,0.3256387204098853,Rio De Janeiro
rio de janeiro,2020,48,2020-11-23,10,12.667610794007,rio de janeiro,6747815,S6,S6 rainfall-region,0.14819611978099578,0.18772907665676966,Rio De Janeiro
rio de janeiro,2020,49,2020-11-30,17,15.8735738257802,rio de janeiro,6747815,S6,S6 rainfall-region,0.2519334036276928,0.23524020480378016,Rio De Janeiro
rio de janeiro,2020,50,2020-12-07,10,30.1621995415458,rio de janeiro,6747815,S6,S6 rainfall-region,0.14819611978099578,0.44699209361172176,Rio De Janeiro
rio de janeiro,2020,51,2020-12-14,8,17.4844163088438,rio de janeiro,6747815,S6,S6 rainfall-region,0.11855689582479662,0.2591122653606212,Rio De Janeiro
rio de janeiro,2020,52,2020-12-21,6,13.8075563250391,rio de janeiro,6747815,S6,S6 rainfall-region,0.08891767186859746,0.20462262710283402,Rio De Janeiro
rio de janeiro,2021,1,2021-01-04,6,12.8244454046104,rio de janeiro,6747815,S6,S6 rainfall-region,0.08891767186859746,0.19005330473064835,Rio De Janeiro
rio de janeiro,2021,2,2021-01-11,9,12.9932635492237,rio de janeiro,6747815,S6,S6 rainfall-region,0.1333765078028962,0.19255512412868017,Rio De Janeiro
rio de janeiro,2021,3,2021-01-18,12,10.5287751606304,rio de janeiro,6747815,S6,S6 rainfall-region,0.17783534373719492,0.15603236248519559,Rio De Janeiro
rio de janeiro,2021,5,2021-02-01,18,10.4169301450375,rio de janeiro,6747815,S6,S6 rainfall-region,0.2667530156057924,0.1543748627524243,Rio De Janeiro
rio de janeiro,2021,6,2021-02-08,15,14.0453489647555,rio de janeiro,6747815,S6,S6 rainfall-region,0.22229417967149367,0.20814662175467913,Rio De Janeiro
rio de janeiro,2021,7,2021-02-15,15,16.3161549732054,rio de janeiro,6747815,S6,S6 rainfall-region,0.22229417967149367,0.24179908567744374,Rio De Janeiro
rio de janeiro,2021,13,2021-03-29,45,31.1018595858779,rio de janeiro,6747815,S6,S6 rainfall-region,0.666882539014481,0.46091749086004724,Rio De Janeiro
rio de janeiro,2021,14,2021-04-05,52,40.7131735217217,rio de janeiro,6747815,S6,S6 rainfall-region,0.770619822861178,0.6033534339889535,Rio De Janeiro
rio de janeiro,2021,15,2021-04-12,48,49.1604034759758,rio de janeiro,6747815,S6,S6 rainfall-region,0.7113413749487797,0.728538104200779,Rio De Janeiro
rio de janeiro,2021,16,2021-04-19,36,53.1553277927518,rio de janeiro,6747815,S6,S6 rainfall-region,0.5335060312115848,0.787741332457274,Rio De Janeiro
rio de janeiro,2021,17,2021-04-26,38,55.0054562156592,rio de janeiro,6747815,S6,S6 rainfall-region,0.5631452551677839,0.815159517794415,Rio De Janeiro
rio de janeiro,2021,18,2021-05-03,30,67.959989837193,rio de janeiro,6747815,S6,S6 rainfall-region,0.44458835934298735,1.007140679422791,Rio De Janeiro
rio de janeiro,2021,19,2021-05-10,39,60.4895355034875,rio de janeiro,6747815,S6,S6 rainfall-region,0.5779648671458835,0.8964314448971631,Rio De Janeiro
rio de janeiro,2021,20,2021-05-17,50,40.2223410981257,rio de janeiro,6747815,S6,S6 rainfall-region,0.7409805989049789,0.5960794879249905,Rio De Janeiro
rio de janeiro,2021,21,2021-05-24,49,34.6039094631269,rio de janeiro,6747815,S6,S6 rainfall-region,0.7261609869268792,0.5128165111688286,Rio De Janeiro
rio de janeiro,2021,22,2021-05-31,40,22.2248746890367,rio de janeiro,6747815,S6,S6 rainfall-region,0.5927844791239831,0.32936401915341035,Rio De Janeiro
rio de janeiro,2021,23,2021-06-07,34,25.6398267006469,rio de janeiro,6747815,S6,S6 rainfall-region,0.5038668072553856,0.3799722828893042,Rio De Janeiro
rio de janeiro,2021,24,2021-06-14,33,28.9358960141583,rio de janeiro,6747815,S6,S6 rainfall-region,0.4890471952772861,0.42881875116846413,Rio De Janeiro
rio de janeiro,2021,25,2021-06-21,21,27.7571467901183,rio de janeiro,6747815,S6,S6 rainfall-region,0.3112118515400911,0.4113501450487054,Rio De Janeiro
rio de janeiro,2021,26,2021-06-28,28,19.7620763682831,rio de janeiro,6747815,S6,S6 rainfall-region,0.4149491353867882,0.2928663036595268,Rio De Janeiro
rio de janeiro,2021,27,2021-07-05,22,22.8986966218496,rio de janeiro,6747815,S6,S6 rainfall-region,0.3260314635181907,0.33934979874003063,Rio De Janeiro
rio de janeiro,2021,28,2021-07-12,19,18.504703699807,rio de janeiro,6747815,S6,S6 rainfall-region,0.28157262758389195,0.27423252860084335,Rio De Janeiro
rio de janeiro,2021,29,2021-07-19,19,12.601409128361,rio de janeiro,6747815,S6,S6 rainfall-region,0.28157262758389195,0.18674799365959202,Rio De Janeiro
rio de janeiro,2021,30,2021-07-26,7,15.328653585291,rio de janeiro,6747815,S6,S6 rainfall-region,0.10373728384669705,0.22716469828071753,Rio De Janeiro
rio de janeiro,2021,31,2021-08-02,12,10.5869741332796,rio de janeiro,6747815,S6,S6 rainfall-region,0.17783534373719492,0.15689484867738077,Rio De Janeiro
rio de janeiro,2021,32,2021-08-09,9,9.99440133585799,rio de janeiro,6747815,S6,S6 rainfall-region,0.1333765078028962,0.1481131497508155,Rio De Janeiro
rio de janeiro,2021,33,2021-08-16,9,11.061071256768,rio de janeiro,6747815,S6,S6 rainfall-region,0.1333765078028962,0.163920784087412,Rio De Janeiro
rio de janeiro,2021,34,2021-08-23,16,5.39591525164358,rio de janeiro,6747815,S6,S6 rainfall-region,0.23711379164959323,0.0799653702960674,Rio De Janeiro
rio de janeiro,2021,35,2021-08-30,17,7.45055553065502,rio de janeiro,6747815,S6,S6 rainfall-region,0.2519334036276928,0.11041434198559119,Rio De Janeiro
rio de janeiro,2021,36,2021-09-06,12,6.51877855394344,rio de janeiro,6747815,S6,S6 rainfall-region,0.17783534373719492,0.09660576874059885,Rio De Janeiro
rio de janeiro,2021,37,2021-09-13,9,7.3556561266176,rio de janeiro,6747815,S6,S6 rainfall-region,0.1333765078028962,0.10900796964080371,Rio De Janeiro
rio de janeiro,2021,38,2021-09-20,6,11.0789944010122,rio de janeiro,6747815,S6,S6 rainfall-region,0.08891767186859746,0.16418639813053854,Rio De Janeiro
rio de janeiro,2021,39,2021-09-27,14,11.4569288857767,rio de janeiro,6747815,S6,S6 rainfall-region,0.2074745676933941,0.1697872405478914,Rio De Janeiro
rio de janeiro,2021,40,2021-10-04,4,10.0561387734411,rio de janeiro,6747815,S6,S6 rainfall-region,0.05927844791239831,0.14902807462031933,Rio De Janeiro
rio de janeiro,2021,41,2021-10-11,9,7.5432881799993,rio de janeiro,6747815,S6,S6 rainfall-region,0.1333765078028962,0.11178860386657459,Rio De Janeiro
rio de janeiro,2021,42,2021-10-18,3,6.7898571040861,rio de janeiro,6747815,S6,S6 rainfall-region,0.04445883593429873,0.10062304766929887,Rio De Janeiro
rio de janeiro,2021,43,2021-10-25,6,11.5540767557977,rio de janeiro,6747815,S6,S6 rainfall-region,0.08891767186859746,0.1712269342861015,Rio De Janeiro
rio de janeiro,2021,44,2021-11-01,6,4.60169042330269,rio de janeiro,6747815,S6,S6 rainfall-region,0.08891767186859746,0.06819526651668266,Rio De Janeiro
rio de janeiro,2021,45,2021-11-08,5,8.92289066174636,rio de janeiro,6747815,S6,S6 rainfall-region,0.07409805989049789,0.1322337773300892,Rio De Janeiro
rio de janeiro,2021,46,2021-11-15,20,4.29125830387197,rio de janeiro,6747815,S6,S6 rainfall-region,0.29639223956199157,0.06359478296118033,Rio De Janeiro
rio de janeiro,2021,47,2021-11-22,24,7.60077556243797,rio de janeiro,6747815,S6,S6 rainfall-region,0.35567068747438985,0.11264054456795229,Rio De Janeiro
rio de janeiro,2021,48,2021-11-29,23,7.59470788939939,rio de janeiro,6747815,S6,S6 rainfall-region,0.3408510754962903,0.11255062400791058,Rio De Janeiro
rio de janeiro,2021,49,2021-12-06,16,6.86679219950323,rio de janeiro,6747815,S6,S6 rainfall-region,0.23711379164959323,0.10176319593087882,Rio De Janeiro
rio de janeiro,2021,50,2021-12-13,6,21.3687008437879,rio de janeiro,6747815,S6,S6 rainfall-region,0.08891767186859746,0.3166758549810257,Rio De Janeiro
rio de janeiro,2021,51,2021-12-20,4,18.6365528294301,rio de janeiro,6747815,S6,S6 rainfall-region,0.05927844791239831,0.2761864815415079,Rio De Janeiro
rio de janeiro,2021,52,2021-12-27,4,20.9192522321108,rio de janeiro,6747815,S6,S6 rainfall-region,0.05927844791239831,0.31001520095187557,Rio De Janeiro
rio de janeiro,2022,1,2022-01-03,21,31.3037508907146,rio de janeiro,6747815,S6,S6 rainfall-region,0.3112118515400911,0.46390944165947934,Rio De Janeiro
rio de janeiro,2022,2,2022-01-10,14,17.1389869309546,rio de janeiro,6747815,S6,S6 rainfall-region,0.2074745676933941,0.25399313601446694,Rio De Janeiro
rio de janeiro,2022,3,2022-01-17,22,14.2148516107547,rio de janeiro,6747815,S6,S6 rainfall-region,0.3260314635181907,0.2106585851976484,Rio De Janeiro
rio de janeiro,2022,4,2022-01-24,19,17.1641523449619,rio de janeiro,6747815,S6,S6 rainfall-region,0.28157262758389195,0.2543660776853233,Rio De Janeiro
rio de janeiro,2022,5,2022-01-31,31,46.7749294608975,rio de janeiro,6747815,S6,S6 rainfall-region,0.4594079713210869,0.6931863049134794,Rio De Janeiro
rio de janeiro,2022,6,2022-02-07,35,38.5842955719321,rio de janeiro,6747815,S6,S6 rainfall-region,0.5186864192334852,0.5718042888243394,Rio De Janeiro
rio de janeiro,2022,7,2022-02-14,47,47.8760771976994,rio de janeiro,6747815,S6,S6 rainfall-region,0.6965217629706801,0.7095048871034462,Rio De Janeiro
rio de janeiro,2022,8,2022-02-21,62,40.0163449615841,rio de janeiro,6747815,S6,S6 rainfall-region,0.9188159426421738,0.5930267051124565,Rio De Janeiro
rio de janeiro,2022,9,2022-02-28,66,66.3192344680818,rio de janeiro,6747815,S6,S6 rainfall-region,0.9780943905545721,0.9828253215015793,Rio De Janeiro
rio de janeiro,2022,10,2022-03-07,116,78.6864893903591,rio de janeiro,6747815,S6,S6 rainfall-region,1.719074989459551,1.166103240683971,Rio De Janeiro
rio de janeiro,2022,11,2022-03-14,126,107.933731713127,rio de janeiro,6747815,S6,S6 rainfall-region,1.867271109240547,1.5995360233368432,Rio De Janeiro
rio de janeiro,2022,12,2022-03-21,177,137.777825118864,rio de janeiro,6747815,S6,S6 rainfall-region,2.6230713201236253,2.041813907448026,Rio De Janeiro
rio de janeiro,2022,13,2022-03-28,153,158.286389670471,rio de janeiro,6747815,S6,S6 rainfall-region,2.267400632649235,2.3457428763306494,Rio De Janeiro
rio de janeiro,2022,14,2022-04-04,222,230.747703021603,rio de janeiro,6747815,S6,S6 rainfall-region,3.289953859138106,3.419591423617912,Rio De Janeiro
rio de janeiro,2022,15,2022-04-11,201,224.954249150562,rio de janeiro,6747815,S6,S6 rainfall-region,2.978742007598015,3.333734685236065,Rio De Janeiro
rio de janeiro,2022,16,2022-04-18,234,327.47219954836,rio de janeiro,6747815,S6,S6 rainfall-region,3.467789202875301,4.85301093092149,Rio De Janeiro
rio de janeiro,2022,17,2022-04-25,342,255.777497697887,rio de janeiro,6747815,S6,S6 rainfall-region,5.0683072965100555,3.790523268611943,Rio De Janeiro
rio de janeiro,2022,18,2022-05-02,461,391.865377559452,rio de janeiro,6747815,S6,S6 rainfall-region,6.8318411219039055,5.807292843082568,Rio De Janeiro
rio de janeiro,2022,19,2022-05-09,505,356.670601787526,rio de janeiro,6747815,S6,S6 rainfall-region,7.483904048940286,5.285719922486405,Rio De Janeiro
rio de janeiro,2022,20,2022-05-16,406,376.224775565922,rio de janeiro,6747815,S6,S6 rainfall-region,6.016762463108429,5.575505190434563,Rio De Janeiro
rio de janeiro,2022,21,2022-05-23,400,432.725190293902,rio de janeiro,6747815,S6,S6 rainfall-region,5.927844791239831,6.41281941330493,Rio De Janeiro
rio de janeiro,2022,22,2022-05-30,338,485.498827829721,rio de janeiro,6747815,S6,S6 rainfall-region,5.009028848597657,7.1949042442586375,Rio De Janeiro
rio de janeiro,2022,23,2022-06-06,255,488.74442748756,rio de janeiro,6747815,S6,S6 rainfall-region,3.7790010544153922,7.243002771824065,Rio De Janeiro
rio de janeiro,2022,24,2022-06-13,153,366.204965812001,rio de janeiro,6747815,S6,S6 rainfall-region,2.267400632649235,5.427015497787076,Rio De Janeiro
rio de janeiro,2022,25,2022-06-20,209,341.928512137703,rio de janeiro,6747815,S6,S6 rainfall-region,3.097298903422812,5.067247874129671,Rio De Janeiro
rio de janeiro,2022,26,2022-06-27,189,244.802805787056,rio de janeiro,6747815,S6,S6 rainfall-region,2.80090666386082,3.6278825929142395,Rio De Janeiro
rio de janeiro,2022,27,2022-07-04,155,247.14624246566,rio de janeiro,6747815,S6,S6 rainfall-region,2.2970398566054344,3.6626114151863978,Rio De Janeiro
rio de janeiro,2022,28,2022-07-11,144,144.151287618797,rio de janeiro,6747815,S6,S6 rainfall-region,2.134024124846339,2.136266148654001,Rio De Janeiro
rio de janeiro,2022,29,2022-07-18,194,171.818822525724,rio de janeiro,6747815,S6,S6 rainfall-region,2.875004723751318,2.5462882803651845,Rio De Janeiro
rio de janeiro,2022,30,2022-07-25,148,156.486875137278,rio de janeiro,6747815,S6,S6 rainfall-region,2.1933025727587374,2.3190747691997777,Rio De Janeiro
rio de janeiro,2022,31,2022-08-01,145,104.895615782801,rio de janeiro,6747815,S6,S6 rainfall-region,2.1488437368244386,1.5545123241049288,Rio De Janeiro
rio de janeiro,2022,32,2022-08-08,106,106.644287566709,rio de janeiro,6747815,S6,S6 rainfall-region,1.5708788696785554,1.5804269614194966,Rio De Janeiro
rio de janeiro,2022,33,2022-08-15,110,137.904501337674,rio de janeiro,6747815,S6,S6 rainfall-region,1.6301573175909536,2.043691199857643,Rio De Janeiro
rio de janeiro,2022,34,2022-08-22,99,116.35668125666,rio de janeiro,6747815,S6,S6 rainfall-region,1.4671415858318582,1.7243608672831132,Rio De Janeiro
rio de janeiro,2022,35,2022-08-29,94,103.837302871494,rio de janeiro,6747815,S6,S6 rainfall-region,1.3930435259413603,1.5388285374079462,Rio De Janeiro
rio de janeiro,2022,36,2022-09-05,101,89.2612820241611,rio de janeiro,6747815,S6,S6 rainfall-region,1.4967808097880575,1.3228175642657825,Rio De Janeiro
rio de janeiro,2022,37,2022-09-12,120,99.4459326913164,rio de janeiro,6747815,S6,S6 rainfall-region,1.7783534373719494,1.473750135285517,Rio De Janeiro
rio de janeiro,2022,38,2022-09-19,102,86.9993107256958,rio de janeiro,6747815,S6,S6 rainfall-region,1.511600421766157,1.2892960273169287,Rio De Janeiro
rio de janeiro,2022,39,2022-09-26,95,90.2025380139465,rio de janeiro,6747815,S6,S6 rainfall-region,1.4078631379194597,1.336766612806464,Rio De Janeiro
rio de janeiro,2022,40,2022-10-03,102,103.338710369029,rio de janeiro,6747815,S6,S6 rainfall-region,1.511600421766157,1.5314395899862254,Rio De Janeiro
rio de janeiro,2022,41,2022-10-10,123,109.645785336805,rio de janeiro,6747815,S6,S6 rainfall-region,1.8228122733062482,1.6249079937254505,Rio De Janeiro
rio de janeiro,2022,42,2022-10-17,160,114.965037311275,rio de janeiro,6747815,S6,S6 rainfall-region,2.3711379164959325,1.7037372440008358,Rio De Janeiro
rio de janeiro,2022,43,2022-10-24,139,99.3215242256304,rio de janeiro,6747815,S6,S6 rainfall-region,2.059926064955841,1.4719064500972596,Rio De Janeiro
rio de janeiro,2022,44,2022-10-31,131,108.642177617719,rio de janeiro,6747815,S6,S6 rainfall-region,1.9413691691310444,1.6100349167503702,Rio De Janeiro
rio de janeiro,2022,45,2022-11-07,171,146.970831296675,rio de janeiro,6747815,S6,S6 rainfall-region,2.5341536482550278,2.1780506919154567,Rio De Janeiro
rio de janeiro,2022,46,2022-11-14,129,159.963120905152,rio de janeiro,6747815,S6,S6 rainfall-region,1.9117299451748455,2.370591382620182,Rio De Janeiro
rio de janeiro,2022,47,2022-11-21,94,186.583212338916,rio de janeiro,6747815,S6,S6 rainfall-region,1.3930435259413603,2.7650908084900965,Rio De Janeiro
rio de janeiro,2022,48,2022-11-28,86,182.231088064657,rio de janeiro,6747815,S6,S6 rainfall-region,1.2744866301165636,2.70059401546511,Rio De Janeiro
rio de janeiro,2022,49,2022-12-05,98,208.702873878753,rio de janeiro,6747815,S6,S6 rainfall-region,1.4523219738537585,3.0928956095973734,Rio De Janeiro
rio de janeiro,2022,50,2022-12-12,123,192.072743552489,rio de janeiro,6747815,S6,S6 rainfall-region,1.8228122733062482,2.8464435310169143,Rio De Janeiro
rio de janeiro,2022,51,2022-12-19,117,102.895285515951,rio de janeiro,6747815,S6,S6 rainfall-region,1.7338946014376504,1.5248682057221634,Rio De Janeiro
rio de janeiro,2022,52,2022-12-26,163,122.682339381482,rio de janeiro,6747815,S6,S6 rainfall-region,2.4155967524302313,1.8181046661990883,Rio De Janeiro
rio de janeiro,2023,1,2023-01-02,230,213.429816384954,rio de janeiro,6747815,S6,S6 rainfall-region,3.408510754962903,3.1629470633820578,Rio De Janeiro
rio de janeiro,2023,2,2023-01-09,218,308.157986221183,rio de janeiro,6747815,S6,S6 rainfall-region,3.2306754112257083,4.566781783750488,Rio De Janeiro
rio de janeiro,2023,3,2023-01-16,246,306.712955152998,rio de janeiro,6747815,S6,S6 rainfall-region,3.6456245466124964,4.545366984023688,Rio De Janeiro
rio de janeiro,2023,4,2023-01-23,312,512.358009075373,rio de janeiro,6747815,S6,S6 rainfall-region,4.623718937167068,7.59294688836865,Rio De Janeiro
rio de janeiro,2023,5,2023-01-30,383,574.813309664425,rio de janeiro,6747815,S6,S6 rainfall-region,5.675911387612138,8.518510209073975,Rio De Janeiro
rio de janeiro,2023,6,2023-02-06,525,607.387050059434,rio de janeiro,6747815,S6,S6 rainfall-region,7.780296288502279,9.001240402403356,Rio De Janeiro
rio de janeiro,2023,7,2023-02-13,372,600.720580490047,rio de janeiro,6747815,S6,S6 rainfall-region,5.512895655853042,8.902445910121232,Rio De Janeiro
rio de janeiro,2023,8,2023-02-20,507,701.01872402388,rio de janeiro,6747815,S6,S6 rainfall-region,7.513543272896486,10.388825479416374,Rio De Janeiro
rio de janeiro,2023,9,2023-02-27,870,1033.2199104963,rio de janeiro,6747815,S6,S6 rainfall-region,12.893062420946631,15.311918161601941,Rio De Janeiro
rio de janeiro,2023,10,2023-03-06,945,1443.73382083937,rio de janeiro,6747815,S6,S6 rainfall-region,14.0045333193041,21.395575024498598,Rio De Janeiro
rio de janeiro,2023,11,2023-03-13,1125,1054.62235283196,rio de janeiro,6747815,S6,S6 rainfall-region,16.672063475362023,15.629094052400074,Rio De Janeiro
rio de janeiro,2023,12,2023-03-20,1382,1581.73986370524,rio de janeiro,6747815,S6,S6 rainfall-region,20.480703753733614,23.440771030403766,Rio De Janeiro
rio de janeiro,2023,13,2023-03-27,1580,2546.29001326956,rio de janeiro,6747815,S6,S6 rainfall-region,23.41498692539733,37.7350299803649,Rio De Janeiro
rio de janeiro,2023,14,2023-04-03,1420,2543.97227890672,rio de janeiro,6747815,S6,S6 rainfall-region,21.0438490089014,37.700682056439305,Rio De Janeiro
rio de janeiro,2023,15,2023-04-10,1783,2682.02273098127,rio de janeiro,6747815,S6,S6 rainfall-region,26.423368156951547,39.74653618958537,Rio De Janeiro
rio de janeiro,2023,16,2023-04-17,1502,3143.47590303365,rio de janeiro,6747815,S6,S6 rainfall-region,22.259057191105565,46.58509314546486,Rio De Janeiro
rio de janeiro,2023,17,2023-04-24,1572,3347.55331310652,rio de janeiro,6747815,S6,S6 rainfall-region,23.296430029572534,49.60944117624031,Rio De Janeiro
rio de janeiro,2023,18,2023-05-01,1919,3448.19765669181,rio de janeiro,6747815,S6,S6 rainfall-region,28.43883538597309,51.10095129596485,Rio De Janeiro
rio de janeiro,2023,19,2023-05-08,1807,4113.817655094,rio de janeiro,6747815,S6,S6 rainfall-region,26.779038844425934,60.96518139714856,Rio De Janeiro
rio de janeiro,2023,20,2023-05-15,1731,3136.74401277645,rio de janeiro,6747815,S6,S6 rainfall-region,25.65274833409037,46.48532914397401,Rio De Janeiro
rio de janeiro,2023,21,2023-05-22,1479,2511.31181667477,rio de janeiro,6747815,S6,S6 rainfall-region,21.918206115609276,37.21666667913643,Rio De Janeiro
rio de janeiro,2023,22,2023-05-29,1328,2469.80944146854,rio de janeiro,6747815,S6,S6 rainfall-region,19.68044470691624,36.601617582410604,Rio De Janeiro
rio de janeiro,2023,23,2023-06-05,1238,2109.89922964543,rio de janeiro,6747815,S6,S6 rainfall-region,18.346679628887276,31.267887896236484,Rio De Janeiro
rio de janeiro,2023,24,2023-06-12,1348,1879.22739473383,rio de janeiro,6747815,S6,S6 rainfall-region,19.97683694647823,27.84942080857033,Rio De Janeiro
rio de janeiro,2023,25,2023-06-19,1236,1591.08511844971,rio de janeiro,6747815,S6,S6 rainfall-region,18.317040404931078,23.579264079553308,Rio De Janeiro
rio de janeiro,2023,26,2023-06-26,996,1186.7212636365,rio de janeiro,6747815,S6,S6 rainfall-region,14.76033353018718,17.586748653252943,Rio De Janeiro
rio de janeiro,2023,27,2023-07-03,835,1409.65749710391,rio de janeiro,6747815,S6,S6 rainfall-region,12.374376001713147,20.890577129098975,Rio De Janeiro
rio de janeiro,2023,28,2023-07-10,770,1397.77516027239,rio de janeiro,6747815,S6,S6 rainfall-region,11.411101223136676,20.71448550786277,Rio De Janeiro
rio de janeiro,2023,29,2023-07-17,647,1224.19504903556,rio de janeiro,6747815,S6,S6 rainfall-region,9.588288949830426,18.142095612217584,Rio De Janeiro
rio de janeiro,2023,30,2023-07-24,557,959.538328674186,rio de janeiro,6747815,S6,S6 rainfall-region,8.254523871801466,14.219985709065615,Rio De Janeiro
rio de janeiro,2023,31,2023-07-31,603,664.661939661093,rio de janeiro,6747815,S6,S6 rainfall-region,8.936226022794045,9.850032042388433,Rio De Janeiro
rio de janeiro,2023,32,2023-08-07,536,646.513779491195,rio de janeiro,6747815,S6,S6 rainfall-region,7.943312020261373,9.581083350554142,Rio De Janeiro
rio de janeiro,2023,33,2023-08-14,534,602.249403702163,rio de janeiro,6747815,S6,S6 rainfall-region,7.913672796305175,8.925102476907902,Rio De Janeiro
rio de janeiro,2023,34,2023-08-21,505,522.747477861956,rio de janeiro,6747815,S6,S6 rainfall-region,7.483904048940286,7.746914784444387,Rio De Janeiro
rio de janeiro,2023,35,2023-08-28,459,555.961635008912,rio de janeiro,6747815,S6,S6 rainfall-region,6.802201897947706,8.239135705541898,Rio De Janeiro
rio de janeiro,2023,36,2023-09-04,446,550.293816189571,rio de janeiro,6747815,S6,S6 rainfall-region,6.609546942232411,8.155140829877094,Rio De Janeiro
rio de janeiro,2023,37,2023-09-11,550,601.657148408002,rio de janeiro,6747815,S6,S6 rainfall-region,8.150786587954768,8.916325483256461,Rio De Janeiro
rio de janeiro,2023,38,2023-09-18,519,547.144563450741,rio de janeiro,6747815,S6,S6 rainfall-region,7.691378616633681,8.108470126266665,Rio De Janeiro
rio de janeiro,2023,39,2023-09-25,446,515.621576537552,rio de janeiro,6747815,S6,S6 rainfall-region,6.609546942232411,7.641311691822493,Rio De Janeiro
rio de janeiro,2023,40,2023-10-02,472,586.487582842266,rio de janeiro,6747815,S6,S6 rainfall-region,6.994856853663001,8.691518407695913,Rio De Janeiro
rio de janeiro,2023,41,2023-10-09,380,624.938308024376,rio de janeiro,6747815,S6,S6 rainfall-region,5.631452551677839,9.261343235171328,Rio De Janeiro
rio de janeiro,2023,42,2023-10-16,464,739.633534496881,rio de janeiro,6747815,S6,S6 rainfall-region,6.876299957838204,10.961081987234104,Rio De Janeiro
rio de janeiro,2023,43,2023-10-23,450,587.141211713802,rio de janeiro,6747815,S6,S6 rainfall-region,6.668825390144809,8.70120493394976,Rio De Janeiro
rio de janeiro,2023,44,2023-10-30,481,662.889136926639,rio de janeiro,6747815,S6,S6 rainfall-region,7.128233361465897,9.823759793750112,Rio De Janeiro
rio de janeiro,2023,45,2023-11-06,704,598.418564871844,rio de janeiro,6747815,S6,S6 rainfall-region,10.433006832582102,8.868330931891938,Rio De Janeiro
rio de janeiro,2023,46,2023-11-13,571,679.179016445454,rio de janeiro,6747815,S6,S6 rainfall-region,8.461998439494858,10.065169487388939,Rio De Janeiro
rio de janeiro,2023,47,2023-11-20,900,801.146000450614,rio de janeiro,6747815,S6,S6 rainfall-region,13.337650780289618,11.872672864484489,Rio De Janeiro
rio de janeiro,2023,48,2023-11-27,983,852.595848577514,rio de janeiro,6747815,S6,S6 rainfall-region,14.567678574471884,12.6351396500573,Rio De Janeiro
rio de janeiro,2023,49,2023-12-04,1149,1256.81064826026,rio de janeiro,6747815,S6,S6 rainfall-region,17.027734162836413,18.625446137160843,Rio De Janeiro
rio de janeiro,2023,50,2023-12-11,1411,1142.571267371,rio de janeiro,6747815,S6,S6 rainfall-region,20.910472501098504,16.932462839763687,Rio De Janeiro
rio de janeiro,2023,51,2023-12-18,1098,1256.47441887649,rio de janeiro,6747815,S6,S6 rainfall-region,16.271933951953336,18.620463348157738,Rio De Janeiro
rio de janeiro,2023,52,2023-12-25,1198,1612.63529475411,rio de janeiro,6747815,S6,S6 rainfall-region,17.753895149763295,23.89862933044415,Rio De Janeiro
santa maria madalena,2017,13,2017-03-27,0,0.0410235725369335,santa maria madalena,10392,S6,S6 rainfall-region,0.0,0.394761090617143,Santa Maria Madalena
santa maria madalena,2017,14,2017-04-03,0,0.0382783416496519,santa maria madalena,10392,S6,S6 rainfall-region,0.0,0.3683443191844871,Santa Maria Madalena
santa maria madalena,2017,15,2017-04-10,0,0.0321834062740805,santa maria madalena,10392,S6,S6 rainfall-region,0.0,0.3096940557552011,Santa Maria Madalena
santa maria madalena,2017,16,2017-04-17,0,0.0328350443140904,santa maria madalena,10392,S6,S6 rainfall-region,0.0,0.3159646296582987,Santa Maria Madalena
santa maria madalena,2017,17,2017-04-24,0,0.0267898032383821,santa maria madalena,10392,S6,S6 rainfall-region,0.0,0.25779256387973537,Santa Maria Madalena
santa maria madalena,2017,18,2017-05-01,0,0.0317520858051624,santa maria madalena,10392,S6,S6 rainfall-region,0.0,0.3055435508579908,Santa Maria Madalena
santa maria madalena,2017,19,2017-05-08,0,0.0292463870536406,santa maria madalena,10392,S6,S6 rainfall-region,0.0,0.2814317460896902,Santa Maria Madalena
santa maria madalena,2017,20,2017-05-15,0,0.0281060648809533,santa maria madalena,10392,S6,S6 rainfall-region,0.0,0.2704586689853089,Santa Maria Madalena
santa maria madalena,2017,21,2017-05-22,0,0.0228927550175389,santa maria madalena,10392,S6,S6 rainfall-region,0.0,0.22029209986084392,Santa Maria Madalena
santa maria madalena,2017,22,2017-05-29,0,0.0178496122479761,santa maria madalena,10392,S6,S6 rainfall-region,0.0,0.17176301239391936,Santa Maria Madalena
santa maria madalena,2017,23,2017-06-05,0,0.0157251297522973,santa maria madalena,10392,S6,S6 rainfall-region,0.0,0.15131957036467766,Santa Maria Madalena
santa maria madalena,2017,24,2017-06-12,0,0.013732709568573,santa maria madalena,10392,S6,S6 rainfall-region,0.0,0.13214693580228062,Santa Maria Madalena
santa maria madalena,2017,25,2017-06-19,0,0.0131091207680346,santa maria madalena,10392,S6,S6 rainfall-region,0.0,0.12614627374937065,Santa Maria Madalena
santa maria madalena,2017,26,2017-06-26,0,0.0111764414196851,santa maria madalena,10392,S6,S6 rainfall-region,0.0,0.10754851250659257,Santa Maria Madalena
santa maria madalena,2017,27,2017-07-03,0,0.0147299395407496,santa maria madalena,10392,S6,S6 rainfall-region,0.0,0.14174306717426483,Santa Maria Madalena
santa maria madalena,2017,28,2017-07-10,0,0.012871398367135,santa maria madalena,10392,S6,S6 rainfall-region,0.0,0.1238587217776655,Santa Maria Madalena
santa maria madalena,2017,29,2017-07-17,0,0.0113067331011516,santa maria madalena,10392,S6,S6 rainfall-region,0.0,0.10880228157382217,Santa Maria Madalena
santa maria madalena,2017,30,2017-07-24,0,0.0103614920839488,santa maria madalena,10392,S6,S6 rainfall-region,0.0,0.09970642882937644,Santa Maria Madalena
santa maria madalena,2017,31,2017-07-31,0,0.0091614564990371,santa maria madalena,10392,S6,S6 rainfall-region,0.0,0.08815874229250481,Santa Maria Madalena
santa maria madalena,2017,32,2017-08-07,0,0.0091033683780017,santa maria madalena,10392,S6,S6 rainfall-region,0.0,0.08759977269054753,Santa Maria Madalena
santa maria madalena,2017,33,2017-08-14,0,0.0090864029503947,santa maria madalena,10392,S6,S6 rainfall-region,0.0,0.08743651799840936,Santa Maria Madalena
santa maria madalena,2017,34,2017-08-21,0,0.0095976013219086,santa maria madalena,10392,S6,S6 rainfall-region,0.0,0.09235567091905889,Santa Maria Madalena
santa maria madalena,2017,35,2017-08-28,0,0.0099368652101594,santa maria madalena,10392,S6,S6 rainfall-region,0.0,0.09562033497074096,Santa Maria Madalena
santa maria madalena,2017,36,2017-09-04,0,0.0091135684329867,santa maria madalena,10392,S6,S6 rainfall-region,0.0,0.08769792564459873,Santa Maria Madalena
santa maria madalena,2017,37,2017-09-11,0,0.0104538767717963,santa maria madalena,10392,S6,S6 rainfall-region,0.0,0.1005954269803339,Santa Maria Madalena
santa maria madalena,2017,38,2017-09-18,0,0.010006599852458,santa maria madalena,10392,S6,S6 rainfall-region,0.0,0.09629137656329868,Santa Maria Madalena
santa maria madalena,2017,39,2017-09-25,0,0.0106563052778791,santa maria madalena,10392,S6,S6 rainfall-region,0.0,0.10254335332832082,Santa Maria Madalena
santa maria madalena,2017,40,2017-10-02,0,0.0112833466068067,santa maria madalena,10392,S6,S6 rainfall-region,0.0,0.10857723832569958,Santa Maria Madalena
santa maria madalena,2017,41,2017-10-09,0,0.0103860738879346,santa maria madalena,10392,S6,S6 rainfall-region,0.0,0.09994297428728446,Santa Maria Madalena
santa maria madalena,2017,42,2017-10-16,0,0.0128083069506049,santa maria madalena,10392,S6,S6 rainfall-region,0.0,0.12325160653007027,Santa Maria Madalena
santa maria madalena,2017,43,2017-10-23,0,0.0122559721537113,santa maria madalena,10392,S6,S6 rainfall-region,0.0,0.11793660655996246,Santa Maria Madalena
santa maria madalena,2017,44,2017-10-30,0,0.0136295363665141,santa maria madalena,10392,S6,S6 rainfall-region,0.0,0.1311541220796199,Santa Maria Madalena
santa maria madalena,2017,45,2017-11-06,0,0.0142488132079591,santa maria madalena,10392,S6,S6 rainfall-region,0.0,0.1371132910696603,Santa Maria Madalena
santa maria madalena,2017,46,2017-11-13,0,0.0133997121368946,santa maria madalena,10392,S6,S6 rainfall-region,0.0,0.12894257252592956,Santa Maria Madalena
santa maria madalena,2017,47,2017-11-20,0,0.0170723435995764,santa maria madalena,10392,S6,S6 rainfall-region,0.0,0.16428352193587759,Santa Maria Madalena
santa maria madalena,2017,48,2017-11-27,0,0.0163304410267903,santa maria madalena,10392,S6,S6 rainfall-region,0.0,0.1571443516819698,Santa Maria Madalena
santa maria madalena,2018,9,2018-02-26,0,0.0438531599207376,santa maria madalena,10392,S6,S6 rainfall-region,0.0,0.42198960662757506,Santa Maria Madalena
santa maria madalena,2018,10,2018-03-05,0,0.0484019489624083,santa maria madalena,10392,S6,S6 rainfall-region,0.0,0.46576163358745476,Santa Maria Madalena
santa maria madalena,2018,11,2018-03-12,0,0.0518770178965786,santa maria madalena,10392,S6,S6 rainfall-region,0.0,0.49920148091395883,Santa Maria Madalena
santa maria madalena,2018,12,2018-03-19,0,0.0572055419425198,santa maria madalena,10392,S6,S6 rainfall-region,0.0,0.5504767315484969,Santa Maria Madalena
santa maria madalena,2018,13,2018-03-26,0,0.0603695316035873,santa maria madalena,10392,S6,S6 rainfall-region,0.0,0.5809231293647739,Santa Maria Madalena
santa maria madalena,2018,14,2018-04-02,0,0.0547784305862772,santa maria madalena,10392,S6,S6 rainfall-region,0.0,0.5271211565269169,Santa Maria Madalena
santa maria madalena,2018,15,2018-04-09,0,0.0480996673078041,santa maria madalena,10392,S6,S6 rainfall-region,0.0,0.4628528416840271,Santa Maria Madalena
santa maria madalena,2018,16,2018-04-16,0,0.0472306346527263,santa maria madalena,10392,S6,S6 rainfall-region,0.0,0.45449032575756637,Santa Maria Madalena
santa maria madalena,2018,17,2018-04-23,0,0.0408021768443529,santa maria madalena,10392,S6,S6 rainfall-region,0.0,0.3926306470780687,Santa Maria Madalena
santa maria madalena,2018,18,2018-04-30,0,0.0492361811652235,santa maria madalena,10392,S6,S6 rainfall-region,0.0,0.47378927218267414,Santa Maria Madalena
santa maria madalena,2018,19,2018-05-07,0,0.0458019980601751,santa maria madalena,10392,S6,S6 rainfall-region,0.0,0.4407428604712769,Santa Maria Madalena
santa maria madalena,2018,20,2018-05-14,0,0.0412068884994637,santa maria madalena,10392,S6,S6 rainfall-region,0.0,0.39652510103410027,Santa Maria Madalena
santa maria madalena,2018,21,2018-05-21,0,0.0328644966470595,santa maria madalena,10392,S6,S6 rainfall-region,0.0,0.3162480431780168,Santa Maria Madalena
santa maria madalena,2018,22,2018-05-28,0,0.0290818235182789,santa maria madalena,10392,S6,S6 rainfall-region,0.0,0.27984818628058983,Santa Maria Madalena
santa maria madalena,2018,23,2018-06-04,0,0.0242590867551116,santa maria madalena,10392,S6,S6 rainfall-region,0.0,0.233440018813622,Santa Maria Madalena
santa maria madalena,2018,24,2018-06-11,0,0.0201171609428233,santa maria madalena,10392,S6,S6 rainfall-region,0.0,0.19358314995018572,Santa Maria Madalena
santa maria madalena,2018,25,2018-06-18,0,0.0201819320620499,santa maria madalena,10392,S6,S6 rainfall-region,0.0,0.194206428618648,Santa Maria Madalena
santa maria madalena,2018,26,2018-06-25,0,0.0159746952808692,santa maria madalena,10392,S6,S6 rainfall-region,0.0,0.15372108622853348,Santa Maria Madalena
santa maria madalena,2018,27,2018-07-02,0,0.0189564072016368,santa maria madalena,10392,S6,S6 rainfall-region,0.0,0.18241346421898383,Santa Maria Madalena
santa maria madalena,2018,28,2018-07-09,0,0.0178278526347818,santa maria madalena,10392,S6,S6 rainfall-region,0.0,0.17155362427619134,Santa Maria Madalena
santa maria madalena,2018,29,2018-07-16,0,0.0170139468871782,santa maria madalena,10392,S6,S6 rainfall-region,0.0,0.16372158282504043,Santa Maria Madalena
santa maria madalena,2018,30,2018-07-23,0,0.017847667808655,santa maria madalena,10392,S6,S6 rainfall-region,0.0,0.17174430146896652,Santa Maria Madalena
santa maria madalena,2018,31,2018-07-30,0,0.0153735065530773,santa maria madalena,10392,S6,S6 rainfall-region,0.0,0.14793597529905023,Santa Maria Madalena
santa maria madalena,2018,32,2018-08-06,0,0.0151234524617089,santa maria madalena,10392,S6,S6 rainfall-region,0.0,0.14552975809958527,Santa Maria Madalena
santa maria madalena,2018,33,2018-08-13,0,0.0152796486197677,santa maria madalena,10392,S6,S6 rainfall-region,0.0,0.14703280042116726,Santa Maria Madalena
santa maria madalena,2018,34,2018-08-20,0,0.0146544510171911,santa maria madalena,10392,S6,S6 rainfall-region,0.0,0.1410166572093062,Santa Maria Madalena
santa maria madalena,2018,35,2018-08-27,0,0.0141158289472063,santa maria madalena,10392,S6,S6 rainfall-region,0.0,0.13583361188612683,Santa Maria Madalena
santa maria madalena,2018,36,2018-09-03,0,0.0166860512980673,santa maria madalena,10392,S6,S6 rainfall-region,0.0,0.16056631349179465,Santa Maria Madalena
santa maria madalena,2018,37,2018-09-10,0,0.0155801723483394,santa maria madalena,10392,S6,S6 rainfall-region,0.0,0.14992467617724597,Santa Maria Madalena
santa maria madalena,2018,38,2018-09-17,0,0.0158598824422752,santa maria madalena,10392,S6,S6 rainfall-region,0.0,0.15261626676554274,Santa Maria Madalena
santa maria madalena,2018,39,2018-09-24,0,0.0159222183622251,santa maria madalena,10392,S6,S6 rainfall-region,0.0,0.15321611203064953,Santa Maria Madalena
santa maria madalena,2018,40,2018-10-01,0,0.0157282335198837,santa maria madalena,10392,S6,S6 rainfall-region,0.0,0.1513494372583112,Santa Maria Madalena
santa maria madalena,2018,41,2018-10-08,0,0.0160092245274971,santa maria madalena,10392,S6,S6 rainfall-region,0.0,0.15405335380578425,Santa Maria Madalena
santa maria madalena,2018,42,2018-10-15,0,0.0192168129165648,santa maria madalena,10392,S6,S6 rainfall-region,0.0,0.18491929288457273,Santa Maria Madalena
santa maria madalena,2018,43,2018-10-22,0,0.0171003195818888,santa maria madalena,10392,S6,S6 rainfall-region,0.0,0.16455272884804464,Santa Maria Madalena
santa maria madalena,2018,44,2018-10-29,0,0.0178352379557898,santa maria madalena,10392,S6,S6 rainfall-region,0.0,0.17162469164539837,Santa Maria Madalena
santa maria madalena,2018,45,2018-11-05,0,0.0183464827355058,santa maria madalena,10392,S6,S6 rainfall-region,0.0,0.1765442911422806,Santa Maria Madalena
santa maria madalena,2018,46,2018-11-12,0,0.01776023987828,santa maria madalena,10392,S6,S6 rainfall-region,0.0,0.1709030011381832,Santa Maria Madalena
santa maria madalena,2018,47,2018-11-19,0,0.0228477228238179,santa maria madalena,10392,S6,S6 rainfall-region,0.0,0.2198587646633747,Santa Maria Madalena
santa maria madalena,2018,48,2018-11-26,0,0.0237064099565329,santa maria madalena,10392,S6,S6 rainfall-region,0.0,0.2281217278342273,Santa Maria Madalena
santa maria madalena,2018,49,2018-12-03,0,0.0240863290249345,santa maria madalena,10392,S6,S6 rainfall-region,0.0,0.23177760801515107,Santa Maria Madalena
santa maria madalena,2018,50,2018-12-10,0,0.0249947487377946,santa maria madalena,10392,S6,S6 rainfall-region,0.0,0.24051913719971707,Santa Maria Madalena
santa maria madalena,2018,51,2018-12-17,0,0.0198920794937323,santa maria madalena,10392,S6,S6 rainfall-region,0.0,0.1914172391621661,Santa Maria Madalena
santa maria madalena,2018,52,2018-12-24,0,0.0265325462706473,santa maria madalena,10392,S6,S6 rainfall-region,0.0,0.25531703493694474,Santa Maria Madalena
santa maria madalena,2019,1,2018-12-31,0,0.041722352627627,santa maria madalena,10392,S6,S6 rainfall-region,0.0,0.40148530242135294,Santa Maria Madalena
santa maria madalena,2019,2,2019-01-07,0,0.0465696059908404,santa maria madalena,10392,S6,S6 rainfall-region,0.0,0.44812938790262125,Santa Maria Madalena
santa maria madalena,2019,3,2019-01-14,0,0.0506000510601144,santa maria madalena,10392,S6,S6 rainfall-region,0.0,0.486913501348291,Santa Maria Madalena
santa maria madalena,2019,4,2019-01-21,0,0.0667635203516199,santa maria madalena,10392,S6,S6 rainfall-region,0.0,0.6424511196268274,Santa Maria Madalena
santa maria madalena,2019,5,2019-01-28,0,0.055148615240491,santa maria madalena,10392,S6,S6 rainfall-region,0.0,0.5306833645158873,Santa Maria Madalena
santa maria madalena,2019,6,2019-02-04,0,0.0589745414812901,santa maria madalena,10392,S6,S6 rainfall-region,0.0,0.5674994368869333,Santa Maria Madalena
santa maria madalena,2019,7,2019-02-11,0,0.0505874760596909,santa maria madalena,10392,S6,S6 rainfall-region,0.0,0.48679249480072073,Santa Maria Madalena
santa maria madalena,2019,8,2019-02-18,0,0.0478215578219342,santa maria madalena,10392,S6,S6 rainfall-region,0.0,0.4601766534058333,Santa Maria Madalena
santa maria madalena,2019,9,2019-02-25,0,0.0556287156904718,santa maria madalena,10392,S6,S6 rainfall-region,0.0,0.5353032687689743,Santa Maria Madalena
santa maria madalena,2019,10,2019-03-04,0,0.0656686662963217,santa maria madalena,10392,S6,S6 rainfall-region,0.0,0.6319155725204167,Santa Maria Madalena
santa maria madalena,2019,11,2019-03-11,0,0.0714470046330477,santa maria madalena,10392,S6,S6 rainfall-region,0.0,0.6875192901563482,Santa Maria Madalena
santa maria madalena,2019,12,2019-03-18,0,0.0690844639921469,santa maria madalena,10392,S6,S6 rainfall-region,0.0,0.6647850653593813,Santa Maria Madalena
santa maria madalena,2019,13,2019-03-25,0,0.0638119536310416,santa maria madalena,10392,S6,S6 rainfall-region,0.0,0.6140488224696073,Santa Maria Madalena
santa maria madalena,2019,14,2019-04-01,0,0.0670086474158841,santa maria madalena,10392,S6,S6 rainfall-region,0.0,0.6448099250951126,Santa Maria Madalena
santa maria madalena,2019,15,2019-04-08,0,0.0653866214925916,santa maria madalena,10392,S6,S6 rainfall-region,0.0,0.629201515517625,Santa Maria Madalena
santa maria madalena,2019,16,2019-04-15,0,0.076302329268016,santa maria madalena,10392,S6,S6 rainfall-region,0.0,0.7342410437645881,Santa Maria Madalena
santa maria madalena,2019,17,2019-04-22,0,0.0710051572733637,santa maria madalena,10392,S6,S6 rainfall-region,0.0,0.6832674872340618,Santa Maria Madalena
santa maria madalena,2019,18,2019-04-29,0,0.0759877648204423,santa maria madalena,10392,S6,S6 rainfall-region,0.0,0.7312140571636094,Santa Maria Madalena
santa maria madalena,2019,19,2019-05-06,0,0.0692234840420667,santa maria madalena,10392,S6,S6 rainfall-region,0.0,0.6661228256549914,Santa Maria Madalena
santa maria madalena,2019,20,2019-05-13,0,0.0634301236244687,santa maria madalena,10392,S6,S6 rainfall-region,0.0,0.6103745537381514,Santa Maria Madalena
santa maria madalena,2019,21,2019-05-20,0,0.0556093953050393,santa maria madalena,10392,S6,S6 rainfall-region,0.0,0.5351173528198546,Santa Maria Madalena
santa maria madalena,2019,22,2019-05-27,0,0.0462681499068527,santa maria madalena,10392,S6,S6 rainfall-region,0.0,0.4452285402891907,Santa Maria Madalena
santa maria madalena,2019,23,2019-06-03,0,0.0411629640438941,santa maria madalena,10392,S6,S6 rainfall-region,0.0,0.39610242536464685,Santa Maria Madalena
santa maria madalena,2019,24,2019-06-10,0,0.0378426933428085,santa maria madalena,10392,S6,S6 rainfall-region,0.0,0.3641521684257939,Santa Maria Madalena
santa maria madalena,2019,25,2019-06-17,0,0.0377024206200375,santa maria madalena,10392,S6,S6 rainfall-region,0.0,0.3628023539264579,Santa Maria Madalena
santa maria madalena,2019,26,2019-06-24,0,0.0296005625893767,santa maria madalena,10392,S6,S6 rainfall-region,0.0,0.28483990174534934,Santa Maria Madalena
santa maria madalena,2019,27,2019-07-01,0,0.0369189856035107,santa maria madalena,10392,S6,S6 rainfall-region,0.0,0.35526352582285126,Santa Maria Madalena
santa maria madalena,2019,28,2019-07-08,0,0.0291429029665102,santa maria madalena,10392,S6,S6 rainfall-region,0.0,0.2804359407862798,Santa Maria Madalena
santa maria madalena,2019,29,2019-07-15,0,0.0257219189582762,santa maria madalena,10392,S6,S6 rainfall-region,0.0,0.2475165411689396,Santa Maria Madalena
santa maria madalena,2019,30,2019-07-22,0,0.0253699465203041,santa maria madalena,10392,S6,S6 rainfall-region,0.0,0.2441295854532727,Santa Maria Madalena
santa maria madalena,2019,31,2019-07-29,0,0.0203216385199994,santa maria madalena,10392,S6,S6 rainfall-region,0.0,0.1955507940723576,Santa Maria Madalena
santa maria madalena,2019,32,2019-08-05,0,0.0194246436974587,santa maria madalena,10392,S6,S6 rainfall-region,0.0,0.18691920417108063,Santa Maria Madalena
santa maria madalena,2019,33,2019-08-12,0,0.0219901700483216,santa maria madalena,10392,S6,S6 rainfall-region,0.0,0.21160671717014626,Santa Maria Madalena
santa maria madalena,2019,34,2019-08-19,0,0.0219501515382427,santa maria madalena,10392,S6,S6 rainfall-region,0.0,0.21122162758124233,Santa Maria Madalena
santa maria madalena,2019,35,2019-08-26,0,0.0193381567371918,santa maria madalena,10392,S6,S6 rainfall-region,0.0,0.18608695859499422,Santa Maria Madalena
santa maria madalena,2019,36,2019-09-02,0,0.020491570795635,santa maria madalena,10392,S6,S6 rainfall-region,0.0,0.19718601612427827,Santa Maria Madalena
santa maria madalena,2019,37,2019-09-09,0,0.0230521103716713,santa maria madalena,10392,S6,S6 rainfall-region,0.0,0.22182554245257216,Santa Maria Madalena
santa maria madalena,2019,38,2019-09-16,0,0.021385964554382,santa maria madalena,10392,S6,S6 rainfall-region,0.0,0.2057925765433218,Santa Maria Madalena
santa maria madalena,2019,39,2019-09-23,0,0.0219006263364699,santa maria madalena,10392,S6,S6 rainfall-region,0.0,0.21074505712538394,Santa Maria Madalena
santa maria madalena,2019,40,2019-09-30,0,0.0243460032606283,santa maria madalena,10392,S6,S6 rainfall-region,0.0,0.23427639781205065,Santa Maria Madalena
santa maria madalena,2019,41,2019-10-07,0,0.0205263757467488,santa maria madalena,10392,S6,S6 rainfall-region,0.0,0.1975209367470054,Santa Maria Madalena
santa maria madalena,2019,42,2019-10-14,0,0.0250683358627167,santa maria madalena,10392,S6,S6 rainfall-region,0.0,0.2412272504110537,Santa Maria Madalena
santa maria madalena,2019,43,2019-10-21,0,0.0235142533299783,santa maria madalena,10392,S6,S6 rainfall-region,0.0,0.22627264559255486,Santa Maria Madalena
santa maria madalena,2019,44,2019-10-28,0,0.0227506084975397,santa maria madalena,10392,S6,S6 rainfall-region,0.0,0.21892425421035122,Santa Maria Madalena
santa maria madalena,2019,45,2019-11-04,0,0.0255317498602115,santa maria madalena,10392,S6,S6 rainfall-region,0.0,0.24568658449010294,Santa Maria Madalena
santa maria madalena,2019,46,2019-11-11,0,0.0233284512927105,santa maria madalena,10392,S6,S6 rainfall-region,0.0,0.2244847122085306,Santa Maria Madalena
santa maria madalena,2019,47,2019-11-18,0,0.030368645565265,santa maria madalena,10392,S6,S6 rainfall-region,0.0,0.2922310004355754,Santa Maria Madalena
santa maria madalena,2019,48,2019-11-25,0,0.0282392722123112,santa maria madalena,10392,S6,S6 rainfall-region,0.0,0.27174049472970746,Santa Maria Madalena
santa maria madalena,2019,49,2019-12-02,0,0.0327825764405773,santa maria madalena,10392,S6,S6 rainfall-region,0.0,0.31545974249978154,Santa Maria Madalena
santa maria madalena,2019,50,2019-12-09,0,0.0358767593092279,santa maria madalena,10392,S6,S6 rainfall-region,0.0,0.3452344044382978,Santa Maria Madalena
santa maria madalena,2019,51,2019-12-16,0,0.0230717476114252,santa maria madalena,10392,S6,S6 rainfall-region,0.0,0.2220145074232602,Santa Maria Madalena
santa maria madalena,2019,52,2019-12-23,0,0.0320055011999691,santa maria madalena,10392,S6,S6 rainfall-region,0.0,0.30798211316367496,Santa Maria Madalena
santa maria madalena,2020,1,2019-12-30,0,0.0203399712238874,santa maria madalena,10392,S6,S6 rainfall-region,0.0,0.19572720577258854,Santa Maria Madalena
santa maria madalena,2020,2,2020-01-06,0,0.0251320016058399,santa maria madalena,10392,S6,S6 rainfall-region,0.0,0.2418398922809844,Santa Maria Madalena
santa maria madalena,2020,3,2020-01-13,0,0.0271282133602181,santa maria madalena,10392,S6,S6 rainfall-region,0.0,0.26104901231926575,Santa Maria Madalena
santa maria madalena,2020,4,2020-01-20,0,0.0332805827118241,santa maria madalena,10392,S6,S6 rainfall-region,0.0,0.3202519506526569,Santa Maria Madalena
santa maria madalena,2020,5,2020-01-27,0,0.0331951111246941,santa maria madalena,10392,S6,S6 rainfall-region,0.0,0.3194294757957477,Santa Maria Madalena
santa maria madalena,2020,6,2020-02-03,0,0.0325961464220941,santa maria madalena,10392,S6,S6 rainfall-region,0.0,0.3136657661864328,Santa Maria Madalena
santa maria madalena,2020,7,2020-02-10,0,0.0284454165475908,santa maria madalena,10392,S6,S6 rainfall-region,0.0,0.27372417770968827,Santa Maria Madalena
santa maria madalena,2020,8,2020-02-17,0,0.0275070004520672,santa maria madalena,10392,S6,S6 rainfall-region,0.0,0.2646939997312086,Santa Maria Madalena
santa maria madalena,2020,9,2020-02-24,0,0.0307253374838428,santa maria madalena,10392,S6,S6 rainfall-region,0.0,0.2956633707067244,Santa Maria Madalena
santa maria madalena,2020,10,2020-03-02,0,0.0318131483951224,santa maria madalena,10392,S6,S6 rainfall-region,0.0,0.3061311431401309,Santa Maria Madalena
santa maria madalena,2020,11,2020-03-09,0,0.0365455942028781,santa maria madalena,10392,S6,S6 rainfall-region,0.0,0.3516704599969024,Santa Maria Madalena
santa maria madalena,2020,12,2020-03-16,0,0.0369377363981793,santa maria madalena,10392,S6,S6 rainfall-region,0.0,0.3554439607215098,Santa Maria Madalena
santa maria madalena,2020,13,2020-03-23,0,0.0334259993792141,santa maria madalena,10392,S6,S6 rainfall-region,0.0,0.3216512642341619,Santa Maria Madalena
santa maria madalena,2020,14,2020-03-30,0,0.0363764540737054,santa maria madalena,10392,S6,S6 rainfall-region,0.0,0.3500428606014761,Santa Maria Madalena
santa maria madalena,2020,15,2020-04-06,0,0.0295001767124867,santa maria madalena,10392,S6,S6 rainfall-region,0.0,0.28387390985841704,Santa Maria Madalena
santa maria madalena,2020,16,2020-04-13,0,0.02443892305405,santa maria madalena,10392,S6,S6 rainfall-region,0.0,0.23517054516984218,Santa Maria Madalena
santa maria madalena,2020,17,2020-04-20,0,0.0222881981299727,santa maria madalena,10392,S6,S6 rainfall-region,0.0,0.2144745778480822,Santa Maria Madalena
santa maria madalena,2020,18,2020-04-27,0,0.024293027184906,santa maria madalena,10392,S6,S6 rainfall-region,0.0,0.23376662033204385,Santa Maria Madalena
santa maria madalena,2020,19,2020-05-04,0,0.0217264525874205,santa maria madalena,10392,S6,S6 rainfall-region,0.0,0.2090690202792581,Santa Maria Madalena
santa maria madalena,2020,20,2020-05-11,0,0.0196531772193438,santa maria madalena,10392,S6,S6 rainfall-region,0.0,0.1891183335194746,Santa Maria Madalena
santa maria madalena,2020,21,2020-05-18,0,0.014163678120864,santa maria madalena,10392,S6,S6 rainfall-region,0.0,0.1362940542808314,Santa Maria Madalena
santa maria madalena,2020,22,2020-05-25,0,0.0125708587901897,santa maria madalena,10392,S6,S6 rainfall-region,0.0,0.12096669351606719,Santa Maria Madalena
santa maria madalena,2020,23,2020-06-01,0,0.0112802183249915,santa maria madalena,10392,S6,S6 rainfall-region,0.0,0.10854713553686972,Santa Maria Madalena
santa maria madalena,2020,24,2020-06-08,0,0.010057150204275,santa maria madalena,10392,S6,S6 rainfall-region,0.0,0.0967778118194284,Santa Maria Madalena
santa maria madalena,2020,25,2020-06-15,0,0.0131095822008758,santa maria madalena,10392,S6,S6 rainfall-region,0.0,0.12615071401920516,Santa Maria Madalena
santa maria madalena,2020,26,2020-06-22,0,0.008823837343205,santa maria madalena,10392,S6,S6 rainfall-region,0.0,0.08490990515016358,Santa Maria Madalena
santa maria madalena,2020,27,2020-06-29,0,0.0104157380847352,santa maria madalena,10392,S6,S6 rainfall-region,0.0,0.10022842652747499,Santa Maria Madalena
santa maria madalena,2020,28,2020-07-06,0,0.0097587784042137,santa maria madalena,10392,S6,S6 rainfall-region,0.0,0.09390664361252599,Santa Maria Madalena
santa maria madalena,2020,29,2020-07-13,0,0.0097480885549015,santa maria madalena,10392,S6,S6 rainfall-region,0.0,0.09380377747210836,Santa Maria Madalena
santa maria madalena,2020,30,2020-07-20,0,0.0100226129344416,santa maria madalena,10392,S6,S6 rainfall-region,0.0,0.096445467036582,Santa Maria Madalena
santa maria madalena,2020,31,2020-07-27,0,0.0073920322207328,santa maria madalena,10392,S6,S6 rainfall-region,0.0,0.0711319497761047,Santa Maria Madalena
santa maria madalena,2020,32,2020-08-03,0,0.0080285731510249,santa maria madalena,10392,S6,S6 rainfall-region,0.0,0.07725724741170997,Santa Maria Madalena
santa maria madalena,2020,33,2020-08-10,0,0.0091017804604633,santa maria madalena,10392,S6,S6 rainfall-region,0.0,0.08758449249868457,Santa Maria Madalena
santa maria madalena,2020,34,2020-08-17,0,0.009660478584548,santa maria madalena,10392,S6,S6 rainfall-region,0.0,0.09296072540943033,Santa Maria Madalena
santa maria madalena,2020,35,2020-08-24,0,0.0085161403572745,santa maria madalena,10392,S6,S6 rainfall-region,0.0,0.08194900266815339,Santa Maria Madalena
santa maria madalena,2020,36,2020-08-31,0,0.0091487233466704,santa maria madalena,10392,S6,S6 rainfall-region,0.0,0.08803621388250962,Santa Maria Madalena
santa maria madalena,2020,37,2020-09-07,0,0.0097011098001921,santa maria madalena,10392,S6,S6 rainfall-region,0.0,0.09335171093333429,Santa Maria Madalena
santa maria madalena,2020,38,2020-09-14,0,0.0102441693134173,santa maria madalena,10392,S6,S6 rainfall-region,0.0,0.0985774568265714,Santa Maria Madalena
santa maria madalena,2020,39,2020-09-21,0,0.0099023590388422,santa maria madalena,10392,S6,S6 rainfall-region,0.0,0.09528828944228444,Santa Maria Madalena
santa maria madalena,2020,40,2020-09-28,0,0.0115885779860434,santa maria madalena,10392,S6,S6 rainfall-region,0.0,0.11151441480026368,Santa Maria Madalena
santa maria madalena,2020,41,2020-10-05,0,0.0098744432672979,santa maria madalena,10392,S6,S6 rainfall-region,0.0,0.09501966192549942,Santa Maria Madalena
santa maria madalena,2020,42,2020-10-12,0,0.012076447827867,santa maria madalena,10392,S6,S6 rainfall-region,0.0,0.11620908225430138,Santa Maria Madalena
santa maria madalena,2020,43,2020-10-19,0,0.0117017873897444,santa maria madalena,10392,S6,S6 rainfall-region,0.0,0.11260380475119708,Santa Maria Madalena
santa maria madalena,2020,44,2020-10-26,0,0.0116203624938209,santa maria madalena,10392,S6,S6 rainfall-region,0.0,0.11182027034084777,Santa Maria Madalena
santa maria madalena,2020,45,2020-11-02,0,0.0133538476711158,santa maria madalena,10392,S6,S6 rainfall-region,0.0,0.12850122855192264,Santa Maria Madalena
santa maria madalena,2020,46,2020-11-09,0,0.0111974792630552,santa maria madalena,10392,S6,S6 rainfall-region,0.0,0.10775095518721325,Santa Maria Madalena
santa maria madalena,2020,47,2020-11-16,0,0.0157396292307812,santa maria madalena,10392,S6,S6 rainfall-region,0.0,0.15145909575424557,Santa Maria Madalena
santa maria madalena,2020,48,2020-11-23,0,0.0144515523776831,santa maria madalena,10392,S6,S6 rainfall-region,0.0,0.13906420686762028,Santa Maria Madalena
santa maria madalena,2020,49,2020-11-30,0,0.0158738573590879,santa maria madalena,10392,S6,S6 rainfall-region,0.0,0.15275074441000672,Santa Maria Madalena
santa maria madalena,2020,50,2020-12-07,0,0.0183710839585309,santa maria madalena,10392,S6,S6 rainfall-region,0.0,0.17678102346546287,Santa Maria Madalena
santa maria madalena,2020,51,2020-12-14,0,0.0121211893205436,santa maria madalena,10392,S6,S6 rainfall-region,0.0,0.1166396200976097,Santa Maria Madalena
santa maria madalena,2020,52,2020-12-21,0,0.0155949092627787,santa maria madalena,10392,S6,S6 rainfall-region,0.0,0.15006648636238165,Santa Maria Madalena
santa maria madalena,2021,1,2021-01-04,0,0.0140478031501057,santa maria madalena,10392,S6,S6 rainfall-region,0.0,0.13517901414651365,Santa Maria Madalena
santa maria madalena,2021,2,2021-01-11,0,0.0169217022245857,santa maria madalena,10392,S6,S6 rainfall-region,0.0,0.1628339321072527,Santa Maria Madalena
santa maria madalena,2021,3,2021-01-18,0,0.0166775587304976,santa maria madalena,10392,S6,S6 rainfall-region,0.0,0.16048459132503462,Santa Maria Madalena
santa maria madalena,2021,5,2021-02-01,0,0.0196252796765338,santa maria madalena,10392,S6,S6 rainfall-region,0.0,0.18884988141391262,Santa Maria Madalena
santa maria madalena,2021,6,2021-02-08,0,0.0207111609605964,santa maria madalena,10392,S6,S6 rainfall-region,0.0,0.19929908545608546,Santa Maria Madalena
santa maria madalena,2021,7,2021-02-15,0,0.017880991190467,santa maria madalena,10392,S6,S6 rainfall-region,0.0,0.17206496526623363,Santa Maria Madalena
santa maria madalena,2021,13,2021-03-29,0,0.0251877678965678,santa maria madalena,10392,S6,S6 rainfall-region,0.0,0.2423765194050019,Santa Maria Madalena
santa maria madalena,2021,14,2021-04-05,0,0.0264978259797549,santa maria madalena,10392,S6,S6 rainfall-region,0.0,0.25498292898147523,Santa Maria Madalena
santa maria madalena,2021,15,2021-04-12,0,0.0233525345557179,santa maria madalena,10392,S6,S6 rainfall-region,0.0,0.22471646031291284,Santa Maria Madalena
santa maria madalena,2021,16,2021-04-19,0,0.024013988059668,santa maria madalena,10392,S6,S6 rainfall-region,0.0,0.23108148633244804,Santa Maria Madalena
santa maria madalena,2021,17,2021-04-26,0,0.0203255730134574,santa maria madalena,10392,S6,S6 rainfall-region,0.0,0.19558865486390878,Santa Maria Madalena
santa maria madalena,2021,18,2021-05-03,0,0.0217132247793995,santa maria madalena,10392,S6,S6 rainfall-region,0.0,0.20894173190338242,Santa Maria Madalena
santa maria madalena,2021,19,2021-05-10,0,0.0211118848268903,santa maria madalena,10392,S6,S6 rainfall-region,0.0,0.2031551657706919,Santa Maria Madalena
santa maria madalena,2021,20,2021-05-17,0,0.0178302733604069,santa maria madalena,10392,S6,S6 rainfall-region,0.0,0.1715769184026838,Santa Maria Madalena
santa maria madalena,2021,21,2021-05-24,0,0.0154752872067122,santa maria madalena,10392,S6,S6 rainfall-region,0.0,0.14891538882517513,Santa Maria Madalena
santa maria madalena,2021,22,2021-05-31,0,0.0117011434352282,santa maria madalena,10392,S6,S6 rainfall-region,0.0,0.11259760811420515,Santa Maria Madalena
santa maria madalena,2021,23,2021-06-07,0,0.0118575532106666,santa maria madalena,10392,S6,S6 rainfall-region,0.0,0.11410270603027907,Santa Maria Madalena
santa maria madalena,2021,24,2021-06-14,0,0.0110042547577364,santa maria madalena,10392,S6,S6 rainfall-region,0.0,0.10589159697590837,Santa Maria Madalena
santa maria madalena,2021,25,2021-06-21,0,0.0106489859424977,santa maria madalena,10392,S6,S6 rainfall-region,0.0,0.10247292092472768,Santa Maria Madalena
santa maria madalena,2021,26,2021-06-28,0,0.0086179906078539,santa maria madalena,10392,S6,S6 rainfall-region,0.0,0.0829290859108343,Santa Maria Madalena
santa maria madalena,2021,27,2021-07-05,0,0.0102896399650883,santa maria madalena,10392,S6,S6 rainfall-region,0.0,0.09901501121139628,Santa Maria Madalena
santa maria madalena,2021,28,2021-07-12,0,0.0091629631595558,santa maria madalena,10392,S6,S6 rainfall-region,0.0,0.08817324056539454,Santa Maria Madalena
santa maria madalena,2021,29,2021-07-19,0,0.0082727927422399,santa maria madalena,10392,S6,S6 rainfall-region,0.0,0.07960732046035315,Santa Maria Madalena
santa maria madalena,2021,30,2021-07-26,0,0.0086607180709419,santa maria madalena,10392,S6,S6 rainfall-region,0.0,0.0833402431768851,Santa Maria Madalena
santa maria madalena,2021,31,2021-08-02,0,0.007025944850673,santa maria madalena,10392,S6,S6 rainfall-region,0.0,0.06760916907883949,Santa Maria Madalena
santa maria madalena,2021,32,2021-08-09,0,0.0072372111110905,santa maria madalena,10392,S6,S6 rainfall-region,0.0,0.06964213925221806,Santa Maria Madalena
santa maria madalena,2021,33,2021-08-16,0,0.0077367631419326,santa maria madalena,10392,S6,S6 rainfall-region,0.0,0.07444922192005966,Santa Maria Madalena
santa maria madalena,2021,34,2021-08-23,0,0.0074204782095341,santa maria madalena,10392,S6,S6 rainfall-region,0.0,0.0714056794604898,Santa Maria Madalena
santa maria madalena,2021,35,2021-08-30,0,0.0068839435582247,santa maria madalena,10392,S6,S6 rainfall-region,0.0,0.06624272092210066,Santa Maria Madalena
santa maria madalena,2021,36,2021-09-06,0,0.0076077889031623,santa maria madalena,10392,S6,S6 rainfall-region,0.0,0.07320813032296286,Santa Maria Madalena
santa maria madalena,2021,37,2021-09-13,0,0.0086906142119823,santa maria madalena,10392,S6,S6 rainfall-region,0.0,0.08362792736703523,Santa Maria Madalena
santa maria madalena,2021,38,2021-09-20,0,0.0089249387627945,santa maria madalena,10392,S6,S6 rainfall-region,0.0,0.08588278255191012,Santa Maria Madalena
santa maria madalena,2021,39,2021-09-27,0,0.0091902829623103,santa maria madalena,10392,S6,S6 rainfall-region,0.0,0.08843613320160028,Santa Maria Madalena
santa maria madalena,2021,40,2021-10-04,0,0.0096715005905931,santa maria madalena,10392,S6,S6 rainfall-region,0.0,0.09306678782325924,Santa Maria Madalena
santa maria madalena,2021,41,2021-10-11,0,0.0086233757846509,santa maria madalena,10392,S6,S6 rainfall-region,0.0,0.0829809063188116,Santa Maria Madalena
santa maria madalena,2021,42,2021-10-18,0,0.009936415439721,santa maria madalena,10392,S6,S6 rainfall-region,0.0,0.09561600692572171,Santa Maria Madalena
santa maria madalena,2021,43,2021-10-25,0,0.0097366486685698,santa maria madalena,10392,S6,S6 rainfall-region,0.0,0.0936936938853907,Santa Maria Madalena
santa maria madalena,2021,44,2021-11-01,0,0.0087618278286595,santa maria madalena,10392,S6,S6 rainfall-region,0.0,0.08431320081466032,Santa Maria Madalena
santa maria madalena,2021,45,2021-11-08,0,0.0103553451276907,santa maria madalena,10392,S6,S6 rainfall-region,0.0,0.09964727798008757,Santa Maria Madalena
santa maria madalena,2021,46,2021-11-15,0,0.0093446519090716,santa maria madalena,10392,S6,S6 rainfall-region,0.0,0.0899215926585027,Santa Maria Madalena
santa maria madalena,2021,47,2021-11-22,0,0.0115755574751903,santa maria madalena,10392,S6,S6 rainfall-region,0.0,0.11138912120083044,Santa Maria Madalena
santa maria madalena,2021,48,2021-11-29,0,0.0112479282804825,santa maria madalena,10392,S6,S6 rainfall-region,0.0,0.10823641532411953,Santa Maria Madalena
santa maria madalena,2021,49,2021-12-06,0,0.0121811917513575,santa maria madalena,10392,S6,S6 rainfall-region,0.0,0.11721701069435622,Santa Maria Madalena
santa maria madalena,2021,50,2021-12-13,0,0.0156500735880778,santa maria madalena,10392,S6,S6 rainfall-region,0.0,0.15059732090144148,Santa Maria Madalena
santa maria madalena,2021,51,2021-12-20,0,0.0115405518039408,santa maria madalena,10392,S6,S6 rainfall-region,0.0,0.11105226909103927,Santa Maria Madalena
santa maria madalena,2021,52,2021-12-27,0,0.0132866427656776,santa maria madalena,10392,S6,S6 rainfall-region,0.0,0.12785453007772904,Santa Maria Madalena
santa maria madalena,2022,1,2022-01-03,0,0.0236084791239226,santa maria madalena,10392,S6,S6 rainfall-region,0.0,0.2271793603148826,Santa Maria Madalena
santa maria madalena,2022,2,2022-01-10,0,0.0266824981999213,santa maria madalena,10392,S6,S6 rainfall-region,0.0,0.2567599903764559,Santa Maria Madalena
santa maria madalena,2022,3,2022-01-17,0,0.0286466368640028,santa maria madalena,10392,S6,S6 rainfall-region,0.0,0.27566047790610854,Santa Maria Madalena
santa maria madalena,2022,4,2022-01-24,0,0.0404531498663061,santa maria madalena,10392,S6,S6 rainfall-region,0.0,0.3892720348951703,Santa Maria Madalena
santa maria madalena,2022,5,2022-01-31,1,0.0370960473404421,santa maria madalena,10392,S6,S6 rainfall-region,9.622786759045418,0.35696735316052824,Santa Maria Madalena
santa maria madalena,2022,6,2022-02-07,0,0.0389776117242197,santa maria madalena,10392,S6,S6 rainfall-region,0.0,0.37507324599903485,Santa Maria Madalena
santa maria madalena,2022,7,2022-02-14,1,0.0350092604892105,santa maria madalena,10392,S6,S6 rainfall-region,9.622786759045418,0.33688664827954673,Santa Maria Madalena
santa maria madalena,2022,8,2022-02-21,0,0.0313229323982974,santa maria madalena,10392,S6,S6 rainfall-region,0.0,0.301413899136811,Santa Maria Madalena
santa maria madalena,2022,9,2022-02-28,1,0.0697846460497067,santa maria madalena,10392,S6,S6 rainfall-region,9.622786759045418,0.6715227679917889,Santa Maria Madalena
santa maria madalena,2022,10,2022-03-07,1,0.0442925471438614,santa maria madalena,10392,S6,S6 rainfall-region,9.622786759045418,0.4262177361803445,Santa Maria Madalena
santa maria madalena,2022,11,2022-03-14,0,0.0826980607101664,santa maria madalena,10392,S6,S6 rainfall-region,0.0,0.7957858036005235,Santa Maria Madalena
santa maria madalena,2022,12,2022-03-21,0,0.0481510377894966,santa maria madalena,10392,S6,S6 rainfall-region,0.0,0.4633471688750635,Santa Maria Madalena
santa maria madalena,2022,13,2022-03-28,0,0.093556395800135,santa maria madalena,10392,S6,S6 rainfall-region,0.0,0.9002732467295516,Santa Maria Madalena
santa maria madalena,2022,14,2022-04-04,0,0.0959846425662183,santa maria madalena,10392,S6,S6 rainfall-region,0.0,0.9236397475579129,Santa Maria Madalena
santa maria madalena,2022,15,2022-04-11,0,0.0500777311690653,santa maria madalena,10392,S6,S6 rainfall-region,0.0,0.4818873284167176,Santa Maria Madalena
santa maria madalena,2022,16,2022-04-18,0,0.0559310454960586,santa maria madalena,10392,S6,S6 rainfall-region,0.0,0.5382125240190396,Santa Maria Madalena
santa maria madalena,2022,17,2022-04-25,0,0.0445702988748925,santa maria madalena,10392,S6,S6 rainfall-region,0.0,0.42889048186001255,Santa Maria Madalena
santa maria madalena,2022,18,2022-05-02,0,0.052486873798667,santa maria madalena,10392,S6,S6 rainfall-region,0.0,0.5050699942135007,Santa Maria Madalena
santa maria madalena,2022,19,2022-05-09,0,0.0504276034798309,santa maria madalena,10392,S6,S6 rainfall-region,0.0,0.4852540750561095,Santa Maria Madalena
santa maria madalena,2022,20,2022-05-16,0,0.0475402103444739,santa maria madalena,10392,S6,S6 rainfall-region,0.0,0.4574693066250375,Santa Maria Madalena
santa maria madalena,2022,21,2022-05-23,0,0.0439561690586443,santa maria madalena,10392,S6,S6 rainfall-region,0.0,0.42298084159588434,Santa Maria Madalena
santa maria madalena,2022,22,2022-05-30,0,0.038560403880363,santa maria madalena,10392,S6,S6 rainfall-region,0.0,0.3710585438834007,Santa Maria Madalena
santa maria madalena,2022,23,2022-06-06,0,0.0351357066558011,santa maria madalena,10392,S6,S6 rainfall-region,0.0,0.3381034127771468,Santa Maria Madalena
santa maria madalena,2022,24,2022-06-13,0,0.0286326238634222,santa maria madalena,10392,S6,S6 rainfall-region,0.0,0.2755256337896671,Santa Maria Madalena
santa maria madalena,2022,25,2022-06-20,0,0.0287093561145096,santa maria madalena,10392,S6,S6 rainfall-region,0.0,0.2762640118794226,Santa Maria Madalena
santa maria madalena,2022,26,2022-06-27,0,0.0232544123872414,santa maria madalena,10392,S6,S6 rainfall-region,0.0,0.22377225160932834,Santa Maria Madalena
santa maria madalena,2022,27,2022-07-04,0,0.0269728153104397,santa maria madalena,10392,S6,S6 rainfall-region,0.0,0.2595536500234767,Santa Maria Madalena
santa maria madalena,2022,28,2022-07-11,0,0.0228872800249633,santa maria madalena,10392,S6,S6 rainfall-region,0.0,0.22023941517478157,Santa Maria Madalena
santa maria madalena,2022,29,2022-07-18,0,0.0216250026159552,santa maria madalena,10392,S6,S6 rainfall-region,0.0,0.20809278883713628,Santa Maria Madalena
santa maria madalena,2022,30,2022-07-25,0,0.0216399427482335,santa maria madalena,10392,S6,S6 rainfall-region,0.0,0.20823655454420226,Santa Maria Madalena
santa maria madalena,2022,31,2022-08-01,0,0.0170096578246419,santa maria madalena,10392,S6,S6 rainfall-region,0.0,0.1636803100908574,Santa Maria Madalena
santa maria madalena,2022,32,2022-08-08,0,0.0187087507974516,santa maria madalena,10392,S6,S6 rainfall-region,0.0,0.1800303194519977,Santa Maria Madalena
santa maria madalena,2022,33,2022-08-15,0,0.019538116538128,santa maria madalena,10392,S6,S6 rainfall-region,0.0,0.18801112911978446,Santa Maria Madalena
santa maria madalena,2022,34,2022-08-22,0,0.0199474398363391,santa maria madalena,10392,S6,S6 rainfall-region,0.0,0.191949959933979,Santa Maria Madalena
santa maria madalena,2022,35,2022-08-29,0,0.0183395443953507,santa maria madalena,10392,S6,S6 rainfall-region,0.0,0.17647752497450633,Santa Maria Madalena
santa maria madalena,2022,36,2022-09-05,0,0.0199388472907589,santa maria madalena,10392,S6,S6 rainfall-region,0.0,0.19186727570014336,Santa Maria Madalena
santa maria madalena,2022,37,2022-09-12,0,0.0212595151677785,santa maria madalena,10392,S6,S6 rainfall-region,0.0,0.20457578106022423,Santa Maria Madalena
santa maria madalena,2022,38,2022-09-19,0,0.0201985306614352,santa maria madalena,10392,S6,S6 rainfall-region,0.0,0.19436615340103158,Santa Maria Madalena
santa maria madalena,2022,39,2022-09-26,0,0.0215688545258567,santa maria madalena,10392,S6,S6 rainfall-region,0.0,0.20755248773919072,Santa Maria Madalena
santa maria madalena,2022,40,2022-10-03,0,0.0228217634146368,santa maria madalena,10392,S6,S6 rainfall-region,0.0,0.21960896280443418,Santa Maria Madalena
santa maria madalena,2022,41,2022-10-10,0,0.0218412387039059,santa maria madalena,10392,S6,S6 rainfall-region,0.0,0.21017358260109606,Santa Maria Madalena
santa maria madalena,2022,42,2022-10-17,0,0.0253957259327384,santa maria madalena,10392,S6,S6 rainfall-region,0.0,0.24437765524190147,Santa Maria Madalena
santa maria madalena,2022,43,2022-10-24,0,0.0248808880776977,santa maria madalena,10392,S6,S6 rainfall-region,0.0,0.23942348034736044,Santa Maria Madalena
santa maria madalena,2022,44,2022-10-31,0,0.0254927931486223,santa maria madalena,10392,S6,S6 rainfall-region,0.0,0.24531171236164648,Santa Maria Madalena
santa maria madalena,2022,45,2022-11-07,0,0.0284882670988009,santa maria madalena,10392,S6,S6 rainfall-region,0.0,0.2741365194264906,Santa Maria Madalena
santa maria madalena,2022,46,2022-11-14,0,0.026158330553161,santa maria madalena,10392,S6,S6 rainfall-region,0.0,0.2517160368856909,Santa Maria Madalena
santa maria madalena,2022,47,2022-11-21,0,0.0338111786870105,santa maria madalena,10392,S6,S6 rainfall-region,0.0,0.3253577625770834,Santa Maria Madalena
santa maria madalena,2022,48,2022-11-28,0,0.0336550757706534,santa maria madalena,10392,S6,S6 rainfall-region,0.0,0.3238556175005139,Santa Maria Madalena
santa maria madalena,2022,49,2022-12-05,0,0.0323601970986744,santa maria madalena,10392,S6,S6 rainfall-region,0.0,0.31139527616122403,Santa Maria Madalena
santa maria madalena,2022,50,2022-12-12,0,0.0350689013711846,santa maria madalena,10392,S6,S6 rainfall-region,0.0,0.33746055976890493,Santa Maria Madalena
santa maria madalena,2022,51,2022-12-19,0,0.0242766716677514,santa maria madalena,10392,S6,S6 rainfall-region,0.0,0.23360923467813124,Santa Maria Madalena
santa maria madalena,2022,52,2022-12-26,0,0.0299877733322055,santa maria madalena,10392,S6,S6 rainfall-region,0.0,0.28856594815440245,Santa Maria Madalena
santa maria madalena,2023,1,2023-01-02,0,0.0508381272487412,santa maria madalena,10392,S6,S6 rainfall-region,0.0,0.48920445774385296,Santa Maria Madalena
santa maria madalena,2023,2,2023-01-09,0,0.0625591349254909,santa maria madalena,10392,S6,S6 rainfall-region,0.0,0.6019932152183497,Santa Maria Madalena
santa maria madalena,2023,3,2023-01-16,0,0.0654978692564005,santa maria madalena,10392,S6,S6 rainfall-region,0.0,0.6302720290261787,Santa Maria Madalena
santa maria madalena,2023,4,2023-01-23,0,0.0886408749684287,santa maria madalena,10392,S6,S6 rainfall-region,0.0,0.8529722379563963,Santa Maria Madalena
santa maria madalena,2023,5,2023-01-30,0,0.0788788613066434,santa maria madalena,10392,S6,S6 rainfall-region,0.0,0.7590344621501481,Santa Maria Madalena
santa maria madalena,2023,6,2023-02-06,0,0.0820246736505319,santa maria madalena,10392,S6,S6 rainfall-region,0.0,0.78930594351936,Santa Maria Madalena
santa maria madalena,2023,7,2023-02-13,0,0.0713827088783176,santa maria madalena,10392,S6,S6 rainfall-region,0.0,0.6869005858190685,Santa Maria Madalena
santa maria madalena,2023,8,2023-02-20,0,0.0656595844051638,santa maria madalena,10392,S6,S6 rainfall-region,0.0,0.6318281794184353,Santa Maria Madalena
santa maria madalena,2023,9,2023-02-27,0,0.0851104094093727,santa maria madalena,10392,S6,S6 rainfall-region,0.0,0.8189993207214463,Santa Maria Madalena
santa maria madalena,2023,10,2023-03-06,0,0.0985667578333547,santa maria madalena,10392,S6,S6 rainfall-region,0.0,0.948486892160842,Santa Maria Madalena
santa maria madalena,2023,11,2023-03-13,0,0.0883722120570733,santa maria madalena,10392,S6,S6 rainfall-region,0.0,0.850386952050359,Santa Maria Madalena
santa maria madalena,2023,12,2023-03-20,0,0.104850622049997,santa maria madalena,10392,S6,S6 rainfall-region,0.0,1.0089551775403869,Santa Maria Madalena
santa maria madalena,2023,13,2023-03-27,0,0.117094638801996,santa maria madalena,10392,S6,S6 rainfall-region,0.0,1.1267767398190531,Santa Maria Madalena
santa maria madalena,2023,14,2023-04-03,1,0.108756796188177,santa maria madalena,10392,S6,S6 rainfall-region,9.622786759045418,1.046543458315791,Santa Maria Madalena
santa maria madalena,2023,15,2023-04-10,0,0.0907334571049759,santa maria madalena,10392,S6,S6 rainfall-region,0.0,0.8731087096321778,Santa Maria Madalena
santa maria madalena,2023,16,2023-04-17,0,0.0955307848007947,santa maria madalena,10392,S6,S6 rainfall-region,0.0,0.9192723710623046,Santa Maria Madalena
santa maria madalena,2023,17,2023-04-24,0,0.0907434796212461,santa maria madalena,10392,S6,S6 rainfall-region,0.0,0.8732051541690348,Santa Maria Madalena
santa maria madalena,2023,18,2023-05-01,0,0.16915158810972,santa maria madalena,10392,S6,S6 rainfall-region,0.0,1.6277096623337184,Santa Maria Madalena
santa maria madalena,2023,19,2023-05-08,0,0.101275152598666,santa maria madalena,10392,S6,S6 rainfall-region,0.0,0.9745491974467474,Santa Maria Madalena
santa maria madalena,2023,20,2023-05-15,0,0.0929669562629658,santa maria madalena,10392,S6,S6 rainfall-region,0.0,0.894601195756022,Santa Maria Madalena
santa maria madalena,2023,21,2023-05-22,1,0.0693825820503308,santa maria madalena,10392,S6,S6 rainfall-region,9.622786759045418,0.6676537918623056,Santa Maria Madalena
santa maria madalena,2023,22,2023-05-29,0,0.059903792651107,santa maria madalena,10392,S6,S6 rainfall-region,0.0,0.5764414227396747,Santa Maria Madalena
santa maria madalena,2023,23,2023-06-05,0,0.0519899232081739,santa maria madalena,10392,S6,S6 rainfall-region,0.0,0.500287944651404,Santa Maria Madalena
santa maria madalena,2023,24,2023-06-12,0,0.0514163554350975,santa maria madalena,10392,S6,S6 rainfall-region,0.0,0.4947686242792292,Santa Maria Madalena
santa maria madalena,2023,25,2023-06-19,0,0.0866118193635684,santa maria madalena,10392,S6,S6 rainfall-region,0.0,0.8334470685485798,Santa Maria Madalena
santa maria madalena,2023,26,2023-06-26,0,0.0415415788102661,santa maria madalena,10392,S6,S6 rainfall-region,0.0,0.3997457545252704,Santa Maria Madalena
santa maria madalena,2023,27,2023-07-03,0,0.0484157670049249,santa maria madalena,10392,S6,S6 rainfall-region,0.0,0.4658946016640194,Santa Maria Madalena
santa maria madalena,2023,28,2023-07-10,0,0.0449809742750975,santa maria madalena,10392,S6,S6 rainfall-region,0.0,0.43284232366337083,Santa Maria Madalena
santa maria madalena,2023,29,2023-07-17,0,0.04087472791942,santa maria madalena,10392,S6,S6 rainfall-region,0.0,0.39332879060257886,Santa Maria Madalena
santa maria madalena,2023,30,2023-07-24,0,0.0362734242395397,santa maria madalena,10392,S6,S6 rainfall-region,0.0,0.3490514264774798,Santa Maria Madalena
santa maria madalena,2023,31,2023-07-31,0,0.0301260867972218,santa maria madalena,10392,S6,S6 rainfall-region,0.0,0.28989690913415894,Santa Maria Madalena
santa maria madalena,2023,32,2023-08-07,0,0.0333297461284722,santa maria madalena,10392,S6,S6 rainfall-region,0.0,0.32072503972740757,Santa Maria Madalena
santa maria madalena,2023,33,2023-08-14,0,0.0322231383427485,santa maria madalena,10392,S6,S6 rainfall-region,0.0,0.3100763889794891,Santa Maria Madalena
santa maria madalena,2023,34,2023-08-21,0,0.0322824984981312,santa maria madalena,10392,S6,S6 rainfall-region,0.0,0.3106475990967206,Santa Maria Madalena
santa maria madalena,2023,35,2023-08-28,0,0.0322477799691577,santa maria madalena,10392,S6,S6 rainfall-region,0.0,0.31031351009582087,Santa Maria Madalena
santa maria madalena,2023,36,2023-09-04,0,0.0343771834434485,santa maria madalena,10392,S6,S6 rainfall-region,0.0,0.33080430565289165,Santa Maria Madalena
santa maria madalena,2023,37,2023-09-11,0,0.0372547121263332,santa maria madalena,10392,S6,S6 rainfall-region,0.0,0.35849415056132794,Santa Maria Madalena
santa maria madalena,2023,38,2023-09-18,0,0.034003622528472,santa maria madalena,10392,S6,S6 rainfall-region,0.0,0.3272096086265589,Santa Maria Madalena
santa maria madalena,2023,39,2023-09-25,0,0.0368894119344736,santa maria madalena,10392,S6,S6 rainfall-region,0.0,0.3549789447120246,Santa Maria Madalena
santa maria madalena,2023,40,2023-10-02,0,0.0413531957958528,santa maria madalena,10392,S6,S6 rainfall-region,0.0,0.3979329849485451,Santa Maria Madalena
santa maria madalena,2023,41,2023-10-09,0,0.0369465552089704,santa maria madalena,10392,S6,S6 rainfall-region,0.0,0.355528822257221,Santa Maria Madalena
santa maria madalena,2023,42,2023-10-16,0,0.0438197460891143,santa maria madalena,10392,S6,S6 rainfall-region,0.0,0.4216680724510614,Santa Maria Madalena
santa maria madalena,2023,43,2023-10-23,0,0.0412222442581063,santa maria madalena,10392,S6,S6 rainfall-region,0.0,0.3966728662250414,Santa Maria Madalena
santa maria madalena,2023,44,2023-10-30,0,0.0426280273505198,santa maria madalena,10392,S6,S6 rainfall-region,0.0,0.4102004171528079,Santa Maria Madalena
santa maria madalena,2023,45,2023-11-06,0,0.0441413497719647,santa maria madalena,10392,S6,S6 rainfall-region,0.0,0.4247627961120545,Santa Maria Madalena
santa maria madalena,2023,46,2023-11-13,0,0.0437415375212023,santa maria madalena,10392,S6,S6 rainfall-region,0.0,0.4209154880793139,Santa Maria Madalena
santa maria madalena,2023,47,2023-11-20,0,0.0522242613847914,santa maria madalena,10392,S6,S6 rainfall-region,0.0,0.5025429309544978,Santa Maria Madalena
santa maria madalena,2023,48,2023-11-27,0,0.0546285111587964,santa maria madalena,10392,S6,S6 rainfall-region,0.0,0.5256785138452309,Santa Maria Madalena
santa maria madalena,2023,49,2023-12-04,0,0.0621614219284025,santa maria madalena,10392,S6,S6 rainfall-region,0.0,0.5981661078560672,Santa Maria Madalena
santa maria madalena,2023,50,2023-12-11,0,0.0656505546740611,santa maria madalena,10392,S6,S6 rainfall-region,0.0,0.6317412882415425,Santa Maria Madalena
santa maria madalena,2023,51,2023-12-18,0,0.0527695516398423,santa maria madalena,10392,S6,S6 rainfall-region,0.0,0.5077901428006381,Santa Maria Madalena
santa maria madalena,2023,52,2023-12-25,0,0.0633943655873236,santa maria madalena,10392,S6,S6 rainfall-region,0.0,0.6100304617717821,Santa Maria Madalena
seropedica,2017,13,2017-03-27,0,1.03180793915933,seropedica,83092,S6,S6 rainfall-region,0.0,1.2417656804016393,Seropedica
seropedica,2017,14,2017-04-03,3,0.928085294518782,seropedica,83092,S6,S6 rainfall-region,3.6104558802291438,1.1169370029831778,Seropedica
seropedica,2017,15,2017-04-10,6,0.805762862458463,seropedica,83092,S6,S6 rainfall-region,7.2209117604582875,0.9697237549444747,Seropedica
seropedica,2017,16,2017-04-17,6,1.97229282688754,seropedica,83092,S6,S6 rainfall-region,7.2209117604582875,2.373625411456626,Seropedica
seropedica,2017,17,2017-04-24,2,0.779306400176203,seropedica,83092,S6,S6 rainfall-region,2.4069705868194293,0.937883791672126,Seropedica
seropedica,2017,18,2017-05-01,8,2.64895827633121,seropedica,83092,S6,S6 rainfall-region,9.627882347277717,3.1879823284205577,Seropedica
seropedica,2017,19,2017-05-08,4,4.15959043624984,seropedica,83092,S6,S6 rainfall-region,4.813941173638859,5.006005916634381,Seropedica
seropedica,2017,20,2017-05-15,2,3.47357790469943,seropedica,83092,S6,S6 rainfall-region,2.4069705868194293,4.180399923818695,Seropedica
seropedica,2017,21,2017-05-22,5,1.26839048656481,seropedica,83092,S6,S6 rainfall-region,6.017426467048573,1.526489296881541,Seropedica
seropedica,2017,22,2017-05-29,4,2.68764546021172,seropedica,83092,S6,S6 rainfall-region,4.813941173638859,3.2345417852641893,Seropedica
seropedica,2017,23,2017-06-05,12,1.49252784556948,seropedica,83092,S6,S6 rainfall-region,14.441823520916575,1.7962353121473549,Seropedica
seropedica,2017,24,2017-06-12,3,0.775844490422402,seropedica,83092,S6,S6 rainfall-region,3.6104558802291438,0.9337174341963148,Seropedica
seropedica,2017,25,2017-06-19,2,1.30502462354636,seropedica,83092,S6,S6 rainfall-region,2.4069705868194293,1.5705779419755932,Seropedica
seropedica,2017,26,2017-06-26,4,1.01811117559876,seropedica,83092,S6,S6 rainfall-region,4.813941173638859,1.225281826889183,Seropedica
seropedica,2017,27,2017-07-03,2,3.00551706078581,seropedica,83092,S6,S6 rainfall-region,2.4069705868194293,3.6170955817477135,Seropedica
seropedica,2017,28,2017-07-10,0,0.928309901454576,seropedica,83092,S6,S6 rainfall-region,0.0,1.1172073141272036,Seropedica
seropedica,2017,29,2017-07-17,1,0.699982445078093,seropedica,83092,S6,S6 rainfall-region,1.2034852934097147,0.8424185782964582,Seropedica
seropedica,2017,30,2017-07-24,0,1.01104581494899,seropedica,83092,S6,S6 rainfall-region,0.0,1.2167787692545493,Seropedica
seropedica,2017,31,2017-07-31,0,0.549828592534982,seropedica,83092,S6,S6 rainfall-region,0.0,0.6617106250120132,Seropedica
seropedica,2017,32,2017-08-07,1,0.238170288661899,seropedica,83092,S6,S6 rainfall-region,1.2034852934097147,0.2866344397317419,Seropedica
seropedica,2017,33,2017-08-14,3,0.465180907715469,seropedica,83092,S6,S6 rainfall-region,3.6104558802291438,0.5598383812105485,Seropedica
seropedica,2017,34,2017-08-21,2,0.274889910658895,seropedica,83092,S6,S6 rainfall-region,2.4069705868194293,0.33082596478469045,Seropedica
seropedica,2017,35,2017-08-28,1,0.286407152340011,seropedica,83092,S6,S6 rainfall-region,1.2034852934097147,0.344686795768559,Seropedica
seropedica,2017,36,2017-09-04,0,0.466071982932136,seropedica,83092,S6,S6 rainfall-region,0.0,0.5609107771291291,Seropedica
seropedica,2017,38,2017-09-18,0,0.728438261562203,seropedica,83092,S6,S6 rainfall-region,0.0,0.8766647349470503,Seropedica
seropedica,2017,39,2017-09-25,0,0.54797137707869,seropedica,83092,S6,S6 rainfall-region,0.0,0.6594754935236726,Seropedica
seropedica,2017,40,2017-10-02,0,0.353968386848827,seropedica,83092,S6,S6 rainfall-region,0.0,0.4259957479045239,Seropedica
seropedica,2017,41,2017-10-09,1,0.321510188100722,seropedica,83092,S6,S6 rainfall-region,1.2034852934097147,0.38693278306060996,Seropedica
seropedica,2017,42,2017-10-16,1,0.418237745812407,seropedica,83092,S6,S6 rainfall-region,1.2034852934097147,0.5033429762340622,Seropedica
seropedica,2017,43,2017-10-23,0,0.37365869097547,seropedica,83092,S6,S6 rainfall-region,0.0,0.44969273934370335,Seropedica
seropedica,2017,44,2017-10-30,3,0.401614279597362,seropedica,83092,S6,S6 rainfall-region,3.6104558802291438,0.4833368791187624,Seropedica
seropedica,2017,45,2017-11-06,0,0.778216220813769,seropedica,83092,S6,S6 rainfall-region,0.0,0.936571776842258,Seropedica
seropedica,2017,46,2017-11-13,0,0.717808748502292,seropedica,83092,S6,S6 rainfall-region,0.0,0.863872272303341,Seropedica
seropedica,2017,47,2017-11-20,2,0.513774743230996,seropedica,83092,S6,S6 rainfall-region,2.4069705868194293,0.618320347603856,Seropedica
seropedica,2017,48,2017-11-27,0,1.46903833057763,seropedica,83092,S6,S6 rainfall-region,0.0,1.7679660263053363,Seropedica
seropedica,2018,9,2018-02-26,0,4.50681907492514,seropedica,83092,S6,S6 rainfall-region,0.0,5.42389047673078,Seropedica
seropedica,2018,10,2018-03-05,0,1.81411679629057,seropedica,83092,S6,S6 rainfall-region,0.0,2.183262884863248,Seropedica
seropedica,2018,11,2018-03-12,3,3.35652639964965,seropedica,83092,S6,S6 rainfall-region,3.6104558802291438,4.039530158919812,Seropedica
seropedica,2018,12,2018-03-19,2,3.04710677440881,seropedica,83092,S6,S6 rainfall-region,2.4069705868194293,3.6671481904501158,Seropedica
seropedica,2018,13,2018-03-26,0,1.24198014683767,seropedica,83092,S6,S6 rainfall-region,0.0,1.4947048414259738,Seropedica
seropedica,2018,14,2018-04-02,0,1.24245514227144,seropedica,83092,S6,S6 rainfall-region,0.0,1.4952764914449526,Seropedica
seropedica,2018,15,2018-04-09,1,3.18251141603178,seropedica,83092,S6,S6 rainfall-region,1.2034852934097147,3.830105685302773,Seropedica
seropedica,2018,16,2018-04-16,2,2.7058955016243,seropedica,83092,S6,S6 rainfall-region,2.4069705868194293,3.2565054417083474,Seropedica
seropedica,2018,17,2018-04-23,2,1.02391077987952,seropedica,83092,S6,S6 rainfall-region,2.4069705868194293,1.2322615653486737,Seropedica
seropedica,2018,18,2018-04-30,2,1.21468423487372,seropedica,83092,S6,S6 rainfall-region,2.4069705868194293,1.4618546128071535,Seropedica
seropedica,2018,19,2018-05-07,1,2.07447372592192,seropedica,83092,S6,S6 rainfall-region,1.2034852934097147,2.4965986207118855,Seropedica
seropedica,2018,20,2018-05-14,4,2.58792964891983,seropedica,83092,S6,S6 rainfall-region,4.813941173638859,3.1145352728539812,Seropedica
seropedica,2018,21,2018-05-21,0,2.07619781565532,seropedica,83092,S6,S6 rainfall-region,0.0,2.498673537350551,Seropedica
seropedica,2018,22,2018-05-28,1,1.66066281447802,seropedica,83092,S6,S6 rainfall-region,1.2034852934097147,1.9985832745366823,Seropedica
seropedica,2018,23,2018-06-04,4,1.15283584896394,seropedica,83092,S6,S6 rainfall-region,4.813941173638859,1.3874209899436047,Seropedica
seropedica,2018,24,2018-06-11,1,2.09572635218565,seropedica,83092,S6,S6 rainfall-region,1.2034852934097147,2.5221758438666178,Seropedica
seropedica,2018,25,2018-06-18,4,0.560879612730712,seropedica,83092,S6,S6 rainfall-region,4.813941173638859,0.6750103652947479,Seropedica
seropedica,2018,26,2018-06-25,1,0.773362101057931,seropedica,83092,S6,S6 rainfall-region,1.2034852934097147,0.9307299151036574,Seropedica
seropedica,2018,27,2018-07-02,0,2.06375412945207,seropedica,83092,S6,S6 rainfall-region,0.0,2.483697744009134,Seropedica
seropedica,2018,28,2018-07-09,2,0.872869098142283,seropedica,83092,S6,S6 rainfall-region,2.4069705868194293,1.0504851226860383,Seropedica
seropedica,2018,29,2018-07-16,2,1.95412073958066,seropedica,83092,S6,S6 rainfall-region,2.4069705868194293,2.3517555716322387,Seropedica
seropedica,2018,30,2018-07-23,1,1.03383259601277,seropedica,83092,S6,S6 rainfall-region,1.2034852934097147,1.2442023251489556,Seropedica
seropedica,2018,31,2018-07-30,3,0.487021750347284,seropedica,83092,S6,S6 rainfall-region,3.6104558802291438,0.5861235141136139,Seropedica
seropedica,2018,32,2018-08-06,1,1.13833508361311,seropedica,83092,S6,S6 rainfall-region,1.2034852934097147,1.3699695321006957,Seropedica
seropedica,2018,33,2018-08-13,2,1.0707283607443,seropedica,83092,S6,S6 rainfall-region,2.4069705868194293,1.2886058353924563,Seropedica
seropedica,2018,34,2018-08-20,2,0.753779473036092,seropedica,83092,S6,S6 rainfall-region,2.4069705868194293,0.9071625102730612,Seropedica
seropedica,2018,35,2018-08-27,0,1.28482354881072,seropedica,83092,S6,S6 rainfall-region,0.0,1.5462662456201801,Seropedica
seropedica,2018,36,2018-09-03,0,0.801134030525141,seropedica,83092,S6,S6 rainfall-region,0.0,0.9641530237870565,Seropedica
seropedica,2018,37,2018-09-10,0,1.09766930199212,seropedica,83092,S6,S6 rainfall-region,0.0,1.3210288619748232,Seropedica
seropedica,2018,38,2018-09-17,2,1.07667035588685,seropedica,83092,S6,S6 rainfall-region,2.4069705868194293,1.2957569391600274,Seropedica
seropedica,2018,39,2018-09-24,1,0.479591296280559,seropedica,83092,S6,S6 rainfall-region,1.2034852934097147,0.5771810719209539,Seropedica
seropedica,2018,40,2018-10-01,0,0.47496619796192,seropedica,83092,S6,S6 rainfall-region,0.0,0.5716148341138979,Seropedica
seropedica,2018,41,2018-10-08,1,0.494419576889688,seropedica,83092,S6,S6 rainfall-region,1.2034852934097147,0.5950266895605931,Seropedica
seropedica,2018,42,2018-10-15,4,1.51999329619834,seropedica,83092,S6,S6 rainfall-region,4.813941173638859,1.829289578056058,Seropedica
seropedica,2018,43,2018-10-22,0,0.937862483425964,seropedica,83092,S6,S6 rainfall-region,0.0,1.1287037060438598,Seropedica
seropedica,2018,44,2018-10-29,1,0.563057430268999,seropedica,83092,S6,S6 rainfall-region,1.2034852934097147,0.6776313366738062,Seropedica
seropedica,2018,45,2018-11-05,1,0.948847565124217,seropedica,83092,S6,S6 rainfall-region,1.2034852934097147,1.1419240903146115,Seropedica
seropedica,2018,46,2018-11-12,2,2.04512657463901,seropedica,83092,S6,S6 rainfall-region,2.4069705868194293,2.461279755739433,Seropedica
seropedica,2018,47,2018-11-19,5,0.733182385993719,seropedica,83092,S6,S6 rainfall-region,6.017426467048573,0.8823742189304855,Seropedica
seropedica,2018,48,2018-11-26,9,1.19239132451244,seropedica,83092,S6,S6 rainfall-region,10.83136764068743,1.435025423040052,Seropedica
seropedica,2018,49,2018-12-03,7,1.37991087355481,seropedica,83092,S6,S6 rainfall-region,8.424397053868002,1.660702442539366,Seropedica
seropedica,2018,50,2018-12-10,3,1.81445401640383,seropedica,83092,S6,S6 rainfall-region,3.6104558802291438,2.1836687243101984,Seropedica
seropedica,2018,51,2018-12-17,8,2.42662943503041,seropedica,83092,S6,S6 rainfall-region,9.627882347277717,2.920412837614223,Seropedica
seropedica,2018,52,2018-12-24,2,5.14826209688861,seropedica,83092,S6,S6 rainfall-region,2.4069705868194293,6.195857720224101,Seropedica
seropedica,2019,1,2018-12-31,3,6.60401278826729,seropedica,83092,S6,S6 rainfall-region,3.6104558802291438,7.947832268169366,Seropedica
seropedica,2019,2,2019-01-07,14,4.25676837327956,seropedica,83092,S6,S6 rainfall-region,16.848794107736005,5.122958134693545,Seropedica
seropedica,2019,3,2019-01-14,10,8.11099390732391,seropedica,83092,S6,S6 rainfall-region,12.034852934097145,9.761461882400123,Seropedica
seropedica,2019,4,2019-01-21,9,4.45773370728975,seropedica,83092,S6,S6 rainfall-region,10.83136764068743,5.364816958659978,Seropedica
seropedica,2019,5,2019-01-28,11,4.51710511746967,seropedica,83092,S6,S6 rainfall-region,13.238338227506862,5.436269577660509,Seropedica
seropedica,2019,6,2019-02-04,1,13.880626543812,seropedica,83092,S6,S6 rainfall-region,1.2034852934097147,16.705129908790255,Seropedica
seropedica,2019,7,2019-02-11,3,9.45669460817084,seropedica,83092,S6,S6 rainfall-region,3.6104558802291438,11.380992885200548,Seropedica
seropedica,2019,8,2019-02-18,7,8.46794065267969,seropedica,83092,S6,S6 rainfall-region,8.424397053868002,10.191042040966266,Seropedica
seropedica,2019,9,2019-02-25,11,10.5710644822382,seropedica,83092,S6,S6 rainfall-region,13.238338227506862,12.722120640059451,Seropedica
seropedica,2019,10,2019-03-04,5,3.02269057421626,seropedica,83092,S6,S6 rainfall-region,6.017426467048573,3.6377636525974344,Seropedica
seropedica,2019,11,2019-03-11,3,5.88147898617648,seropedica,83092,S6,S6 rainfall-region,3.6104558802291438,7.07827346336167,Seropedica
seropedica,2019,12,2019-03-18,5,9.95317576682887,seropedica,83092,S6,S6 rainfall-region,6.017426467048573,11.978500658100504,Seropedica
seropedica,2019,13,2019-03-25,1,12.6872277590125,seropedica,83092,S6,S6 rainfall-region,1.2034852934097147,15.268892022111036,Seropedica
seropedica,2019,14,2019-04-01,1,7.49472107198385,seropedica,83092,S6,S6 rainfall-region,1.2034852934097147,9.019786588340455,Seropedica
seropedica,2019,15,2019-04-08,2,5.82270141940776,seropedica,83092,S6,S6 rainfall-region,2.4069705868194293,7.007535526173109,Seropedica
seropedica,2019,16,2019-04-15,0,8.91589661258436,seropedica,83092,S6,S6 rainfall-region,0.0,10.730150450806768,Seropedica
seropedica,2019,17,2019-04-22,4,3.85843861665463,seropedica,83092,S6,S6 rainfall-region,4.813941173638859,4.64357413066797,Seropedica
seropedica,2019,18,2019-04-29,1,3.8588921135331,seropedica,83092,S6,S6 rainfall-region,1.2034852934097147,4.644119907491817,Seropedica
seropedica,2019,19,2019-05-06,1,5.28292790043732,seropedica,83092,S6,S6 rainfall-region,1.2034852934097147,6.357926034320176,Seropedica
seropedica,2019,20,2019-05-13,1,1.97777486515078,seropedica,83092,S6,S6 rainfall-region,1.2034852934097147,2.380222963884345,Seropedica
seropedica,2019,21,2019-05-20,1,5.73403283305835,seropedica,83092,S6,S6 rainfall-region,1.2034852934097147,6.900824186514166,Seropedica
seropedica,2019,22,2019-05-27,1,2.38600833653834,seropedica,83092,S6,S6 rainfall-region,1.2034852934097147,2.871525942976869,Seropedica
seropedica,2019,23,2019-06-03,5,2.26423379418863,seropedica,83092,S6,S6 rainfall-region,6.017426467048573,2.7249720721472945,Seropedica
seropedica,2019,24,2019-06-10,4,1.89805196720247,seropedica,83092,S6,S6 rainfall-region,4.813941173638859,2.2842776286555506,Seropedica
seropedica,2019,25,2019-06-17,2,2.03485441376909,seropedica,83092,S6,S6 rainfall-region,2.4069705868194293,2.448917361200946,Seropedica
seropedica,2019,26,2019-06-24,4,1.61461819085063,seropedica,83092,S6,S6 rainfall-region,4.813941173638859,1.943169247160533,Seropedica
seropedica,2019,27,2019-07-01,8,4.66141357190831,seropedica,83092,S6,S6 rainfall-region,9.627882347277717,5.6099426802920975,Seropedica
seropedica,2019,28,2019-07-08,1,3.52024889063514,seropedica,83092,S6,S6 rainfall-region,1.2034852934097147,4.236567769021253,Seropedica
seropedica,2019,29,2019-07-15,3,2.08969521502757,seropedica,83092,S6,S6 rainfall-region,3.6104558802291438,2.5149174589943315,Seropedica
seropedica,2019,30,2019-07-22,1,3.15417280921622,seropedica,83092,S6,S6 rainfall-region,1.2034852934097147,3.796000588764526,Seropedica
seropedica,2019,31,2019-07-29,1,4.23535348160982,seropedica,83092,S6,S6 rainfall-region,1.2034852934097147,5.097185627509051,Seropedica
seropedica,2019,32,2019-08-05,1,1.141781437135,seropedica,83092,S6,S6 rainfall-region,1.2034852934097147,1.374117167880181,Seropedica
seropedica,2019,33,2019-08-12,1,2.0167786059978,seropedica,83092,S6,S6 rainfall-region,1.2034852934097147,2.427163392381697,Seropedica
seropedica,2019,34,2019-08-19,0,1.22096711158192,seropedica,83092,S6,S6 rainfall-region,0.0,1.4694159625257788,Seropedica
seropedica,2019,35,2019-08-26,0,1.12316779857424,seropedica,83092,S6,S6 rainfall-region,0.0,1.3517159276154624,Seropedica
seropedica,2019,36,2019-09-02,0,1.18905431695254,seropedica,83092,S6,S6 rainfall-region,0.0,1.4310093835177153,Seropedica
seropedica,2019,37,2019-09-09,0,1.29417913627954,seropedica,83092,S6,S6 rainfall-region,0.0,1.5575255575501135,Seropedica
seropedica,2019,38,2019-09-16,3,0.679027287209465,seropedica,83092,S6,S6 rainfall-region,3.6104558802291438,0.8171993539804856,Seropedica
seropedica,2019,39,2019-09-23,0,0.687158380142081,seropedica,83092,S6,S6 rainfall-region,0.0,0.8269850047442364,Seropedica
seropedica,2019,40,2019-09-30,1,0.713516175379155,seropedica,83092,S6,S6 rainfall-region,1.2034852934097147,0.8587062236787597,Seropedica
seropedica,2019,41,2019-10-07,0,0.657946073221843,seropedica,83092,S6,S6 rainfall-region,0.0,0.7918284229791591,Seropedica
seropedica,2019,42,2019-10-14,1,2.44290520426755,seropedica,83092,S6,S6 rainfall-region,1.2034852934097147,2.9400004865300513,Seropedica
seropedica,2019,43,2019-10-21,0,0.800526969697064,seropedica,83092,S6,S6 rainfall-region,0.0,0.9634224350082607,Seropedica
seropedica,2019,44,2019-10-28,0,1.25178375572447,seropedica,83092,S6,S6 rainfall-region,0.0,1.5065033405435782,Seropedica
seropedica,2019,45,2019-11-04,1,0.773615778452666,seropedica,83092,S6,S6 rainfall-region,1.2034852934097147,0.9310352121174916,Seropedica
seropedica,2019,46,2019-11-11,1,1.24042348379179,seropedica,83092,S6,S6 rainfall-region,1.2034852934097147,1.4928314203434627,Seropedica
seropedica,2019,47,2019-11-18,1,0.90218855387358,seropedica,83092,S6,S6 rainfall-region,1.2034852934097147,1.0857706564694316,Seropedica
seropedica,2019,48,2019-11-25,0,0.812599609833386,seropedica,83092,S6,S6 rainfall-region,0.0,0.9779516798649521,Seropedica
seropedica,2019,49,2019-12-02,1,1.61176292339084,seropedica,83092,S6,S6 rainfall-region,1.2034852934097147,1.9397329747639243,Seropedica
seropedica,2019,50,2019-12-09,0,1.80300471470232,seropedica,83092,S6,S6 rainfall-region,0.0,2.1698896580926204,Seropedica
seropedica,2019,51,2019-12-16,0,1.2098209451873,seropedica,83092,S6,S6 rainfall-region,0.0,1.456001715191956,Seropedica
seropedica,2019,52,2019-12-23,0,0.933615648855123,seropedica,83092,S6,S6 rainfall-region,0.0,1.123592703094309,Seropedica
seropedica,2020,1,2019-12-30,0,0.95464952311293,seropedica,83092,S6,S6 rainfall-region,0.0,1.1489066614270087,Seropedica
seropedica,2020,2,2020-01-06,0,0.715131697390952,seropedica,83092,S6,S6 rainfall-region,0.0,0.860650480661137,Seropedica
seropedica,2020,3,2020-01-13,0,0.726176839984378,seropedica,83092,S6,S6 rainfall-region,0.0,0.8739431473359385,Seropedica
seropedica,2020,4,2020-01-20,0,0.894100226012754,seropedica,83092,S6,S6 rainfall-region,0.0,1.0760364728406513,Seropedica
seropedica,2020,5,2020-01-27,0,0.758824425414502,seropedica,83092,S6,S6 rainfall-region,0.0,0.9132340362664301,Seropedica
seropedica,2020,6,2020-02-03,0,0.794241096932681,seropedica,83092,S6,S6 rainfall-region,0.0,0.955857479580081,Seropedica
seropedica,2020,7,2020-02-10,0,0.732672225895455,seropedica,83092,S6,S6 rainfall-region,0.0,0.8817602487549404,Seropedica
seropedica,2020,8,2020-02-17,0,0.684022459156089,seropedica,83092,S6,S6 rainfall-region,0.0,0.8232109699563002,Seropedica
seropedica,2020,9,2020-02-24,0,0.757712529118905,seropedica,83092,S6,S6 rainfall-region,0.0,0.9118958854268822,Seropedica
seropedica,2020,10,2020-03-02,0,0.730178857639492,seropedica,83092,S6,S6 rainfall-region,0.0,0.8787595167278341,Seropedica
seropedica,2020,11,2020-03-09,0,0.853379856724022,seropedica,83092,S6,S6 rainfall-region,0.0,1.0270301072594497,Seropedica
seropedica,2020,12,2020-03-16,0,1.00923729410502,seropedica,83092,S6,S6 rainfall-region,0.0,1.2146022410160064,Seropedica
seropedica,2020,13,2020-03-23,0,0.920608498471013,seropedica,83092,S6,S6 rainfall-region,0.0,1.1079387888978638,Seropedica
seropedica,2020,14,2020-03-30,0,0.912384607122019,seropedica,83092,S6,S6 rainfall-region,0.0,1.09804145660475,Seropedica
seropedica,2020,15,2020-04-06,0,0.734754092756476,seropedica,83092,S6,S6 rainfall-region,0.0,0.8842657449050162,Seropedica
seropedica,2020,16,2020-04-13,0,0.681459447114774,seropedica,83092,S6,S6 rainfall-region,0.0,0.8201264226577456,Seropedica
seropedica,2020,17,2020-04-20,0,0.663534057364477,seropedica,83092,S6,S6 rainfall-region,0.0,0.7985534797146261,Seropedica
seropedica,2020,18,2020-04-27,0,0.676312129507364,seropedica,83092,S6,S6 rainfall-region,0.0,0.8139317016167188,Seropedica
seropedica,2020,19,2020-05-04,0,0.597437812217709,seropedica,83092,S6,S6 rainfall-region,0.0,0.7190076207308874,Seropedica
seropedica,2020,20,2020-05-11,0,0.579946317288209,seropedica,83092,S6,S6 rainfall-region,0.0,0.6979568638234837,Seropedica
seropedica,2020,21,2020-05-18,0,0.412219966909363,seropedica,83092,S6,S6 rainfall-region,0.0,0.4961006678252575,Seropedica
seropedica,2020,22,2020-05-25,0,0.350529964002452,seropedica,83092,S6,S6 rainfall-region,0.0,0.42185765657638763,Seropedica
seropedica,2020,23,2020-06-01,0,0.346869514510459,seropedica,83092,S6,S6 rainfall-region,0.0,0.417452359445505,Seropedica
seropedica,2020,24,2020-06-08,0,0.272269938793667,seropedica,83092,S6,S6 rainfall-region,0.0,0.32767286717574134,Seropedica
seropedica,2020,25,2020-06-15,0,0.297837674667616,seropedica,83092,S6,S6 rainfall-region,0.0,0.35844326128582293,Seropedica
seropedica,2020,26,2020-06-22,0,0.260436124021078,seropedica,83092,S6,S6 rainfall-region,0.0,0.3134310451319959,Seropedica
seropedica,2020,27,2020-06-29,0,0.296044427556119,seropedica,83092,S6,S6 rainfall-region,0.0,0.3562851147596868,Seropedica
seropedica,2020,28,2020-07-06,0,0.290635276281995,seropedica,83092,S6,S6 rainfall-region,0.0,0.34977528075145015,Seropedica
seropedica,2020,29,2020-07-13,0,0.311437435378695,seropedica,83092,S6,S6 rainfall-region,0.0,0.37481037329549777,Seropedica
seropedica,2020,30,2020-07-20,0,0.301848626388088,seropedica,83092,S6,S6 rainfall-region,0.0,0.3632703826939874,Seropedica
seropedica,2020,31,2020-07-27,0,0.229468746614204,seropedica,83092,S6,S6 rainfall-region,0.0,0.27616226184735476,Seropedica
seropedica,2020,32,2020-08-03,0,0.250794319609012,seropedica,83092,S6,S6 rainfall-region,0.0,0.30182727532014153,Seropedica
seropedica,2020,33,2020-08-10,0,0.295561229662318,seropedica,83092,S6,S6 rainfall-region,0.0,0.35570359320069084,Seropedica
seropedica,2020,34,2020-08-17,0,0.29310733518581,seropedica,83092,S6,S6 rainfall-region,0.0,0.3527503672866341,Seropedica
seropedica,2020,35,2020-08-24,0,0.265843454443355,seropedica,83092,S6,S6 rainfall-region,0.0,0.31993868777181317,Seropedica
seropedica,2020,36,2020-08-31,0,0.28904974908722,seropedica,83092,S6,S6 rainfall-region,0.0,0.3478671220902373,Seropedica
seropedica,2020,37,2020-09-07,0,0.305271801689212,seropedica,83092,S6,S6 rainfall-region,0.0,0.36739012382565345,Seropedica
seropedica,2020,38,2020-09-14,0,0.309820047009671,seropedica,83092,S6,S6 rainfall-region,0.0,0.37286387017964545,Seropedica
seropedica,2020,39,2020-09-21,0,0.307755732471309,seropedica,83092,S6,S6 rainfall-region,0.0,0.3703794979917549,Seropedica
seropedica,2020,40,2020-09-28,0,0.355635935613656,seropedica,83092,S6,S6 rainfall-region,0.0,0.42800261831903913,Seropedica
seropedica,2020,41,2020-10-05,0,0.311380907450395,seropedica,83092,S6,S6 rainfall-region,0.0,0.3747423427651218,Seropedica
seropedica,2020,42,2020-10-12,0,0.403995782405614,seropedica,83092,S6,S6 rainfall-region,0.0,0.4862029827247075,Seropedica
seropedica,2020,43,2020-10-19,0,0.358351890980836,seropedica,83092,S6,S6 rainfall-region,0.0,0.43127123066099743,Seropedica
seropedica,2020,44,2020-10-26,0,0.356440628367578,seropedica,83092,S6,S6 rainfall-region,0.0,0.4289710542140976,Seropedica
seropedica,2020,45,2020-11-02,0,0.419210427525781,seropedica,83092,S6,S6 rainfall-region,0.0,0.5045135843712765,Seropedica
seropedica,2020,46,2020-11-09,0,0.334771217330367,seropedica,83092,S6,S6 rainfall-region,0.0,0.4028922367139641,Seropedica
seropedica,2020,47,2020-11-16,0,0.518420975023183,seropedica,83092,S6,S6 rainfall-region,0.0,0.6239120192355256,Seropedica
seropedica,2020,48,2020-11-23,0,0.451920894753601,seropedica,83092,S6,S6 rainfall-region,0.0,0.5438801506205182,Seropedica
seropedica,2020,49,2020-11-30,0,0.492447225334003,seropedica,83092,S6,S6 rainfall-region,0.0,0.5926529934698923,Seropedica
seropedica,2020,50,2020-12-07,0,0.590994510062103,seropedica,83092,S6,S6 rainfall-region,0.0,0.7112532013456205,Seropedica
seropedica,2020,51,2020-12-14,0,0.371474071739396,seropedica,83092,S6,S6 rainfall-region,0.0,0.4470635822213883,Seropedica
seropedica,2020,52,2020-12-21,0,0.451626696018672,seropedica,83092,S6,S6 rainfall-region,0.0,0.5435260867696914,Seropedica
seropedica,2021,1,2021-01-04,0,0.427185176849705,seropedica,83092,S6,S6 rainfall-region,0.0,0.514111077901248,Seropedica
seropedica,2021,2,2021-01-11,0,0.508288917627044,seropedica,83092,S6,S6 rainfall-region,0.0,0.6117182371672892,Seropedica
seropedica,2021,3,2021-01-18,0,0.492384466731957,seropedica,83092,S6,S6 rainfall-region,0.0,0.5925774644152951,Seropedica
seropedica,2021,5,2021-02-01,0,0.475977396703313,seropedica,83092,S6,S6 rainfall-region,0.0,0.5728317969278788,Seropedica
seropedica,2021,6,2021-02-08,0,0.491875105946146,seropedica,83092,S6,S6 rainfall-region,0.0,0.591964456200532,Seropedica
seropedica,2021,7,2021-02-15,0,0.514304720872104,seropedica,83092,S6,S6 rainfall-region,0.0,0.6189581679007654,Seropedica
seropedica,2021,13,2021-03-29,0,0.640251354802963,seropedica,83092,S6,S6 rainfall-region,0.0,0.7705330895910112,Seropedica
seropedica,2021,14,2021-04-05,0,0.662432629442837,seropedica,83092,S6,S6 rainfall-region,0.0,0.7972279274091814,Seropedica
seropedica,2021,15,2021-04-12,0,0.613258087731511,seropedica,83092,S6,S6 rainfall-region,0.0,0.738047089649438,Seropedica
seropedica,2021,16,2021-04-19,1,0.623385946962651,seropedica,83092,S6,S6 rainfall-region,1.2034852934097147,0.7502358192878388,Seropedica
seropedica,2021,17,2021-04-26,0,0.572380986803728,seropedica,83092,S6,S6 rainfall-region,0.0,0.6888520998456265,Seropedica
seropedica,2021,18,2021-05-03,0,0.641431410418997,seropedica,83092,S6,S6 rainfall-region,0.0,0.7719532691703136,Seropedica
seropedica,2021,19,2021-05-10,0,0.632676414097017,seropedica,83092,S6,S6 rainfall-region,0.0,0.7614167598529545,Seropedica
seropedica,2021,20,2021-05-17,0,0.893336269521931,seropedica,83092,S6,S6 rainfall-region,0.0,1.075117062439141,Seropedica
seropedica,2021,21,2021-05-24,0,0.429272412444188,seropedica,83092,S6,S6 rainfall-region,0.0,0.5166230352430896,Seropedica
seropedica,2021,22,2021-05-31,0,0.324366864610091,seropedica,83092,S6,S6 rainfall-region,0.0,0.3903707512276645,Seropedica
seropedica,2021,23,2021-06-07,0,0.320617871810483,seropedica,83092,S6,S6 rainfall-region,0.0,0.3858588935282374,Seropedica
seropedica,2021,24,2021-06-14,0,0.31140593196952,seropedica,83092,S6,S6 rainfall-region,0.0,0.37477245940586335,Seropedica
seropedica,2021,25,2021-06-21,0,0.307680405302718,seropedica,83092,S6,S6 rainfall-region,0.0,0.37028884285216146,Seropedica
seropedica,2021,26,2021-06-28,0,0.251580012364317,seropedica,83092,S6,S6 rainfall-region,0.0,0.30277284499628965,Seropedica
seropedica,2021,27,2021-07-05,0,0.317373444521013,seropedica,83092,S6,S6 rainfall-region,0.0,0.3819542729998231,Seropedica
seropedica,2021,28,2021-07-12,0,0.27471118143674,seropedica,83092,S6,S6 rainfall-region,0.0,0.3306108667943244,Seropedica
seropedica,2021,29,2021-07-19,0,0.242139735748861,seropedica,83092,S6,S6 rainfall-region,0.0,0.2914116109238687,Seropedica
seropedica,2021,30,2021-07-26,0,0.255329984969624,seropedica,83092,S6,S6 rainfall-region,0.0,0.30728588187746597,Seropedica
seropedica,2021,31,2021-08-02,0,0.201312915635403,seropedica,83092,S6,S6 rainfall-region,0.0,0.24227713334063805,Seropedica
seropedica,2021,32,2021-08-09,0,0.208931136277989,seropedica,83092,S6,S6 rainfall-region,0.0,0.25144554984594064,Seropedica
seropedica,2021,33,2021-08-16,0,0.227972068642304,seropedica,83092,S6,S6 rainfall-region,0.0,0.2743610319192028,Seropedica
seropedica,2021,34,2021-08-23,0,0.20797517822466,seropedica,83092,S6,S6 rainfall-region,0.0,0.2502950683876426,Seropedica
seropedica,2021,35,2021-08-30,0,0.209159349761418,seropedica,83092,S6,S6 rainfall-region,0.0,0.25172020141700524,Seropedica
seropedica,2021,36,2021-09-06,1,0.211100636579811,seropedica,83092,S6,S6 rainfall-region,1.2034852934097147,0.2540565115532314,Seropedica
seropedica,2021,37,2021-09-13,0,0.255309282388064,seropedica,83092,S6,S6 rainfall-region,0.0,0.30726096662502284,Seropedica
seropedica,2021,38,2021-09-20,0,0.261121252679067,seropedica,83092,S6,S6 rainfall-region,0.0,0.31425558739597914,Seropedica
seropedica,2021,39,2021-09-27,0,0.25646067298301,seropedica,83092,S6,S6 rainfall-region,0.0,0.30864664827301064,Seropedica
seropedica,2021,40,2021-10-04,0,0.484504522452306,seropedica,83092,S6,S6 rainfall-region,0.0,0.5830940673618471,Seropedica
seropedica,2021,41,2021-10-11,1,0.24341335918794,seropedica,83092,S6,S6 rainfall-region,1.2034852934097147,0.2929443980021422,Seropedica
seropedica,2021,42,2021-10-18,1,0.284817110787966,seropedica,83092,S6,S6 rainfall-region,1.2034852934097147,0.3427732041447625,Seropedica
seropedica,2021,43,2021-10-25,0,0.284631057222223,seropedica,83092,S6,S6 rainfall-region,0.0,0.3425492914146043,Seropedica
seropedica,2021,44,2021-11-01,0,0.250686571988276,seropedica,83092,S6,S6 rainfall-region,0.0,0.30169760264318585,Seropedica
seropedica,2021,45,2021-11-08,0,0.528541870682188,seropedica,83092,S6,S6 rainfall-region,0.0,0.6360923683172726,Seropedica
seropedica,2021,46,2021-11-15,1,0.481380856691325,seropedica,83092,S6,S6 rainfall-region,1.2034852934097147,0.579334781556979,Seropedica
seropedica,2021,47,2021-11-22,0,0.328798517400079,seropedica,83092,S6,S6 rainfall-region,0.0,0.3957041801859132,Seropedica
seropedica,2021,48,2021-11-29,0,0.333243486696398,seropedica,83092,S6,S6 rainfall-region,0.0,0.40105363536369076,Seropedica
seropedica,2021,49,2021-12-06,1,0.332963763471216,seropedica,83092,S6,S6 rainfall-region,1.2034852934097147,0.40071699257595916,Seropedica
seropedica,2021,50,2021-12-13,0,0.774928650475445,seropedica,83092,S6,S6 rainfall-region,0.0,0.9326152342890351,Seropedica
seropedica,2021,51,2021-12-20,0,0.326881035411403,seropedica,83092,S6,S6 rainfall-region,0.0,0.3933965188121637,Seropedica
seropedica,2021,52,2021-12-27,0,0.386208986882568,seropedica,83092,S6,S6 rainfall-region,0.0,0.4647968358958359,Seropedica
seropedica,2022,1,2022-01-03,0,1.30208112879605,seropedica,83092,S6,S6 rainfall-region,0.0,1.5670354893323666,Seropedica
seropedica,2022,2,2022-01-10,2,0.729630224797476,seropedica,83092,S6,S6 rainfall-region,2.4069705868194293,0.8780992451709863,Seropedica
seropedica,2022,3,2022-01-17,0,0.726740635678357,seropedica,83092,S6,S6 rainfall-region,0.0,0.8746216671621299,Seropedica
seropedica,2022,4,2022-01-24,0,0.926238778609378,seropedica,83092,S6,S6 rainfall-region,0.0,1.1147147482421629,Seropedica
seropedica,2022,5,2022-01-31,0,0.912398056066989,seropedica,83092,S6,S6 rainfall-region,0.0,1.0980576422122335,Seropedica
seropedica,2022,6,2022-02-07,1,2.22086295012955,seropedica,83092,S6,S6 rainfall-region,1.2034852934097147,2.6727758991594257,Seropedica
seropedica,2022,7,2022-02-14,1,0.871503474291673,seropedica,83092,S6,S6 rainfall-region,1.2034852934097147,1.0488416144654995,Seropedica
seropedica,2022,8,2022-02-21,0,0.824488560135207,seropedica,83092,S6,S6 rainfall-region,0.0,0.9922598567072727,Seropedica
seropedica,2022,9,2022-02-28,0,0.977194276794317,seropedica,83092,S6,S6 rainfall-region,0.0,1.1760389409261025,Seropedica
seropedica,2022,10,2022-03-07,0,1.79672102675247,seropedica,83092,S6,S6 rainfall-region,0.0,2.1623273320566,Seropedica
seropedica,2022,11,2022-03-14,2,2.15090524766113,seropedica,83092,S6,S6 rainfall-region,2.4069705868194293,2.58858283307795,Seropedica
seropedica,2022,12,2022-03-21,13,1.30619386382018,seropedica,83092,S6,S6 rainfall-region,15.64530881432629,1.571985105449598,Seropedica
seropedica,2022,13,2022-03-28,22,1.3492714418805,seropedica,83092,S6,S6 rainfall-region,26.476676455013724,1.6238283371209021,Seropedica
seropedica,2022,14,2022-04-04,22,1.3586577485562,seropedica,83092,S6,S6 rainfall-region,26.476676455013724,1.6351246191645405,Seropedica
seropedica,2022,15,2022-04-11,16,2.97677958658265,seropedica,83092,S6,S6 rainfall-region,19.255764694555435,3.5825104541744697,Seropedica
seropedica,2022,16,2022-04-18,8,11.4115294645253,seropedica,83092,S6,S6 rainfall-region,9.627882347277717,13.733607885867832,Seropedica
seropedica,2022,17,2022-04-25,11,14.509036547617,seropedica,83092,S6,S6 rainfall-region,13.238338227506862,17.46141210660112,Seropedica
seropedica,2022,18,2022-05-02,11,17.9501252564136,seropedica,83092,S6,S6 rainfall-region,13.238338227506862,21.602711760956048,Seropedica
seropedica,2022,19,2022-05-09,15,14.0169023894401,seropedica,83092,S6,S6 rainfall-region,18.052279401145718,16.869135884850646,Seropedica
seropedica,2022,20,2022-05-16,2,7.78641154813596,seropedica,83092,S6,S6 rainfall-region,2.4069705868194293,9.370831786617195,Seropedica
seropedica,2022,21,2022-05-23,3,8.30396342952558,seropedica,83092,S6,S6 rainfall-region,3.6104558802291438,9.993697864446133,Seropedica
seropedica,2022,22,2022-05-30,5,7.68594558267914,seropedica,83092,S6,S6 rainfall-region,6.017426467048573,9.249922474701703,Seropedica
seropedica,2022,23,2022-06-06,3,8.53545380995042,seropedica,83092,S6,S6 rainfall-region,3.6104558802291438,10.272293132853246,Seropedica
seropedica,2022,24,2022-06-13,11,1.95572038727455,seropedica,83092,S6,S6 rainfall-region,13.238338227506862,2.3536807241064723,Seropedica
seropedica,2022,25,2022-06-20,1,2.34695941219086,seropedica,83092,S6,S6 rainfall-region,1.2034852934097147,2.8245311368012085,Seropedica
seropedica,2022,26,2022-06-27,0,2.67132855602277,seropedica,83092,S6,S6 rainfall-region,0.0,3.214904631038812,Seropedica
seropedica,2022,27,2022-07-04,3,2.38957336418616,seropedica,83092,S6,S6 rainfall-region,3.6104558802291438,2.875816401321619,Seropedica
seropedica,2022,28,2022-07-11,2,4.65993092634093,seropedica,83092,S6,S6 rainfall-region,2.4069705868194293,5.608158338156417,Seropedica
seropedica,2022,29,2022-07-18,4,1.14414840716105,seropedica,83092,S6,S6 rainfall-region,4.813941173638859,1.3769657814964738,Seropedica
seropedica,2022,30,2022-07-25,0,0.653272186232097,seropedica,83092,S6,S6 rainfall-region,0.0,0.7862034687239409,Seropedica
seropedica,2022,31,2022-08-01,0,1.53904390536801,seropedica,83092,S6,S6 rainfall-region,0.0,1.8522167060222525,Seropedica
seropedica,2022,32,2022-08-08,0,1.28518955609445,seropedica,83092,S6,S6 rainfall-region,0.0,1.5467067300034298,Seropedica
seropedica,2022,33,2022-08-15,0,2.2239988012047,seropedica,83092,S6,S6 rainfall-region,0.0,2.676549849810691,Seropedica
seropedica,2022,34,2022-08-22,0,0.598913646566861,seropedica,83092,S6,S6 rainfall-region,0.0,0.7207837656656008,Seropedica
seropedica,2022,35,2022-08-29,0,0.546882515109585,seropedica,83092,S6,S6 rainfall-region,0.0,0.6581650641573015,Seropedica
seropedica,2022,36,2022-09-05,0,0.586836408082877,seropedica,83092,S6,S6 rainfall-region,0.0,0.7062489867651242,Seropedica
seropedica,2022,37,2022-09-12,0,0.646895110407152,seropedica,83092,S6,S6 rainfall-region,0.0,0.778528751753661,Seropedica
seropedica,2022,38,2022-09-19,0,0.612898695884194,seropedica,83092,S6,S6 rainfall-region,0.0,0.7376145668466205,Seropedica
seropedica,2022,39,2022-09-26,0,0.667697641072162,seropedica,83092,S6,S6 rainfall-region,0.0,0.8035642914747051,Seropedica
seropedica,2022,40,2022-10-03,0,0.732078479984588,seropedica,83092,S6,S6 rainfall-region,0.0,0.8810456842831897,Seropedica
seropedica,2022,41,2022-10-10,0,0.662414887408409,seropedica,83092,S6,S6 rainfall-region,0.0,0.7972065751316721,Seropedica
seropedica,2022,42,2022-10-17,0,0.790450941367563,seropedica,83092,S6,S6 rainfall-region,0.0,0.9512960830977266,Seropedica
seropedica,2022,43,2022-10-24,0,0.706150839530319,seropedica,83092,S6,S6 rainfall-region,0.0,0.8498421503036622,Seropedica
seropedica,2022,44,2022-10-31,0,0.713318771767674,seropedica,83092,S6,S6 rainfall-region,0.0,0.8584686513354762,Seropedica
seropedica,2022,45,2022-11-07,0,0.856985007763841,seropedica,83092,S6,S6 rainfall-region,0.0,1.0313688535163927,Seropedica
seropedica,2022,46,2022-11-14,0,0.79218102515929,seropedica,83092,S6,S6 rainfall-region,0.0,0.9533782134974366,Seropedica
seropedica,2022,47,2022-11-21,0,0.993741343948201,seropedica,83092,S6,S6 rainfall-region,0.0,1.1959530928948647,Seropedica
seropedica,2022,48,2022-11-28,0,1.02116653398769,seropedica,83092,S6,S6 rainfall-region,0.0,1.2289589057763564,Seropedica
seropedica,2022,49,2022-12-05,0,0.967001088334124,seropedica,83092,S6,S6 rainfall-region,0.0,1.1637715885213065,Seropedica
seropedica,2022,50,2022-12-12,0,1.0383883652033,seropedica,83092,S6,S6 rainfall-region,0.0,1.2496851263699273,Seropedica
seropedica,2022,51,2022-12-19,0,0.707411672521058,seropedica,83092,S6,S6 rainfall-region,0.0,0.8513595442654623,Seropedica
seropedica,2022,52,2022-12-26,0,0.864930608135358,seropedica,83092,S6,S6 rainfall-region,0.0,1.0409312667108241,Seropedica
seropedica,2023,1,2023-01-02,0,1.42118091320323,seropedica,83092,S6,S6 rainfall-region,0.0,1.7103703283146754,Seropedica
seropedica,2023,2,2023-01-09,1,1.81497880098227,seropedica,83092,S6,S6 rainfall-region,1.2034852934097147,2.184300294832559,Seropedica
seropedica,2023,3,2023-01-16,1,1.90504774663997,seropedica,83092,S6,S6 rainfall-region,1.2034852934097147,2.29269694632452,Seropedica
seropedica,2023,4,2023-01-23,1,2.45407910183327,seropedica,83092,S6,S6 rainfall-region,1.2034852934097147,2.9534481079204618,Seropedica
seropedica,2023,5,2023-01-30,0,2.06483973110537,seropedica,83092,S6,S6 rainfall-region,0.0,2.4850042496333824,Seropedica
seropedica,2023,6,2023-02-06,4,3.83518949907125,seropedica,83092,S6,S6 rainfall-region,4.813941173638859,4.61559415957162,Seropedica
seropedica,2023,7,2023-02-13,2,3.39854964303942,seropedica,83092,S6,S6 rainfall-region,2.4069705868194293,4.090104514320777,Seropedica
seropedica,2023,8,2023-02-20,2,3.34125042408086,seropedica,83092,S6,S6 rainfall-region,2.4069705868194293,4.021145746980287,Seropedica
seropedica,2023,9,2023-02-27,2,2.32479888008825,seropedica,83092,S6,S6 rainfall-region,2.4069705868194293,2.7978612623215833,Seropedica
seropedica,2023,10,2023-03-06,1,9.23478307032624,seropedica,83092,S6,S6 rainfall-region,1.2034852934097147,11.113925612966638,Seropedica
seropedica,2023,11,2023-03-13,2,5.98525743897281,seropedica,83092,S6,S6 rainfall-region,2.4069705868194293,7.203169305074868,Seropedica
seropedica,2023,18,2023-05-01,0,3.24347101203789,seropedica,83092,S6,S6 rainfall-region,0.0,3.903469662588323,Seropedica
seropedica,2023,19,2023-05-08,2,7.86177395029325,seropedica,83092,S6,S6 rainfall-region,2.4069705868194293,9.461529329289522,Seropedica
seropedica,2023,20,2023-05-15,2,2.93944092805261,seropedica,83092,S6,S6 rainfall-region,2.4069705868194293,3.537573927757919,Seropedica
seropedica,2023,21,2023-05-22,0,2.18552518648897,seropedica,83092,S6,S6 rainfall-region,0.0,2.6302474203159996,Seropedica
seropedica,2023,22,2023-05-29,1,1.95194464478819,seropedica,83092,S6,S6 rainfall-region,1.2034852934097147,2.349136673552436,Seropedica
seropedica,2023,23,2023-06-05,0,4.09640373520659,seropedica,83092,S6,S6 rainfall-region,0.0,4.929961651189754,Seropedica
seropedica,2023,24,2023-06-12,4,3.3967923506617,seropedica,83092,S6,S6 rainfall-region,4.813941173638859,4.08798963878797,Seropedica
seropedica,2023,25,2023-06-19,4,1.47003287030909,seropedica,83092,S6,S6 rainfall-region,4.813941173638859,1.76916294024586,Seropedica
seropedica,2023,29,2023-07-17,4,4.40867308532199,seropedica,83092,S6,S6 rainfall-region,4.813941173638859,5.3057732216362465,Seropedica
seropedica,2023,30,2023-07-24,1,1.29964162523472,seropedica,83092,S6,S6 rainfall-region,1.2034852934097147,1.5640995826730852,Seropedica
seropedica,2023,31,2023-07-31,0,1.0181842633226,seropedica,83092,S6,S6 rainfall-region,0.0,1.2253697868899533,Seropedica
seropedica,2023,32,2023-08-07,0,1.08909870516571,seropedica,83092,S6,S6 rainfall-region,0.0,1.3107142747384946,Seropedica
seropedica,2023,33,2023-08-14,0,4.17435093676396,seropedica,83092,S6,S6 rainfall-region,0.0,5.023769961926491,Seropedica
seropedica,2023,34,2023-08-21,1,1.92149386756768,seropedica,83092,S6,S6 rainfall-region,1.2034852934097147,2.3124896109946564,Seropedica
seropedica,2023,35,2023-08-28,1,1.05606224461611,seropedica,83092,S6,S6 rainfall-region,1.2034852934097147,1.270955380320741,Seropedica
seropedica,2023,36,2023-09-04,2,1.11601010984559,seropedica,83092,S6,S6 rainfall-region,2.4069705868194293,1.3431017544957276,Seropedica
seropedica,2023,37,2023-09-11,1,1.22042638690205,seropedica,83092,S6,S6 rainfall-region,1.2034852934097147,1.4687652083257714,Seropedica
seropedica,2023,38,2023-09-18,1,2.30326413520304,seropedica,83092,S6,S6 rainfall-region,1.2034852934097147,2.771944513554903,Seropedica
seropedica,2023,39,2023-09-25,1,2.40203747444903,seropedica,83092,S6,S6 rainfall-region,1.2034852934097147,2.8908167747184206,Seropedica
seropedica,2023,40,2023-10-02,0,3.31245616384988,seropedica,83092,S6,S6 rainfall-region,0.0,3.9864922782576904,Seropedica
seropedica,2023,41,2023-10-09,0,2.12485690433425,seropedica,83092,S6,S6 rainfall-region,0.0,2.5572340349663625,Seropedica
seropedica,2023,42,2023-10-16,0,2.6143236980292,seropedica,83092,S6,S6 rainfall-region,0.0,3.1463001227906413,Seropedica
seropedica,2023,43,2023-10-23,0,2.34585230840479,seropedica,83092,S6,S6 rainfall-region,0.0,2.823198753676395,Seropedica
seropedica,2023,44,2023-10-30,3,1.43012603433086,seropedica,83092,S6,S6 rainfall-region,3.6104558802291438,1.7211356500395463,Seropedica
seropedica,2023,45,2023-11-06,4,1.49365540838412,seropedica,83092,S6,S6 rainfall-region,4.813941173638859,1.7975923174121697,Seropedica
seropedica,2023,46,2023-11-13,1,1.4566882688092,seropedica,83092,S6,S6 rainfall-region,1.2034852934097147,1.753102908594329,Seropedica
seropedica,2023,47,2023-11-20,8,1.76135791107897,seropedica,83092,S6,S6 rainfall-region,9.627882347277717,2.119768342414396,Seropedica
seropedica,2023,48,2023-11-27,0,5.59350011967436,seropedica,83092,S6,S6 rainfall-region,0.0,6.731695132713571,Seropedica
seropedica,2023,49,2023-12-04,0,7.57723956544339,seropedica,83092,S6,S6 rainfall-region,0.0,9.119096381653337,Seropedica
seropedica,2023,50,2023-12-11,1,3.72523096564595,seropedica,83092,S6,S6 rainfall-region,1.2034852934097147,4.48326068170937,Seropedica
seropedica,2023,51,2023-12-18,0,9.59459479370513,seropedica,83092,S6,S6 rainfall-region,0.0,11.54695373044954,Seropedica
seropedica,2023,52,2023-12-25,2,2.01342673159782,seropedica,83092,S6,S6 rainfall-region,2.4069705868194293,2.423129460835965,Seropedica
rio de janeiro,2017,13,2017-03-27,123,127.478033122117,rio de janeiro,6747815,S11,S11 rainfall space-time,1.8228122733062482,1.8891749866010996,Rio De Janeiro
rio de janeiro,2017,14,2017-04-03,129,117.208920336046,rio de janeiro,6747815,S11,S11 rainfall space-time,1.9117299451748455,1.7369907197521866,Rio De Janeiro
rio de janeiro,2017,15,2017-04-10,95,112.407277214422,rio de janeiro,6747815,S11,S11 rainfall space-time,1.4078631379194597,1.665832231832408,Rio De Janeiro
rio de janeiro,2017,16,2017-04-17,86,93.7307614549533,rio de janeiro,6747815,S11,S11 rainfall space-time,1.2744866301165636,1.38905351517422,Rio De Janeiro
rio de janeiro,2017,17,2017-04-24,87,112.540765270606,rio de janeiro,6747815,S11,S11 rainfall space-time,1.2893062420946633,1.6678104730287657,Rio De Janeiro
rio de janeiro,2017,18,2017-05-01,95,114.862475573395,rio de janeiro,6747815,S11,S11 rainfall space-time,1.4078631379194597,1.7022173188416547,Rio De Janeiro
rio de janeiro,2017,19,2017-05-08,86,86.3062437567811,rio de janeiro,6747815,S11,S11 rainfall space-time,1.2744866301165636,1.279025043762775,Rio De Janeiro
rio de janeiro,2017,20,2017-05-15,52,107.309838192773,rio de janeiro,6747815,S11,S11 rainfall space-time,0.770619822861178,1.5902901634495463,Rio De Janeiro
rio de janeiro,2017,21,2017-05-22,34,62.1548688159249,rio de janeiro,6747815,S11,S11 rainfall space-time,0.5038668072553856,0.9211110384016886,Rio De Janeiro
rio de janeiro,2017,22,2017-05-29,58,65.5999061333324,rio de janeiro,6747815,S11,S11 rainfall space-time,0.8595374947297755,0.9721651546957407,Rio De Janeiro
rio de janeiro,2017,23,2017-06-05,74,60.1695166937155,rio de janeiro,6747815,S11,S11 rainfall space-time,1.0966512863793687,0.8916888903106488,Rio De Janeiro
rio de janeiro,2017,24,2017-06-12,34,38.8484080298536,rio de janeiro,6747815,S11,S11 rainfall space-time,0.5038668072553856,0.5757183329693183,Rio De Janeiro
rio de janeiro,2017,25,2017-06-19,38,28.3038193024409,rio de janeiro,6747815,S11,S11 rainfall space-time,0.5631452551677839,0.41945161956041915,Rio De Janeiro
rio de janeiro,2017,26,2017-06-26,29,31.8338939934651,rio de janeiro,6747815,S11,S11 rainfall space-time,0.42976874736488774,0.47176595673510757,Rio De Janeiro
rio de janeiro,2017,27,2017-07-03,31,49.7051021964934,rio de janeiro,6747815,S11,S11 rainfall space-time,0.4594079713210869,0.7366103278838172,Rio De Janeiro
rio de janeiro,2017,28,2017-07-10,30,25.0768913965283,rio de janeiro,6747815,S11,S11 rainfall space-time,0.44458835934298735,0.37162980011349306,Rio De Janeiro
rio de janeiro,2017,29,2017-07-17,40,26.8204160147742,rio de janeiro,6747815,S11,S11 rainfall space-time,0.5927844791239831,0.3974681584301614,Rio De Janeiro
rio de janeiro,2017,30,2017-07-24,33,21.1591827860442,rio de janeiro,6747815,S11,S11 rainfall space-time,0.4890471952772861,0.31357087866285904,Rio De Janeiro
rio de janeiro,2017,31,2017-07-31,39,19.4748673433842,rio de janeiro,6747815,S11,S11 rainfall space-time,0.5779648671458835,0.2886099773539168,Rio De Janeiro
rio de janeiro,2017,32,2017-08-07,24,18.7344463035781,rio de janeiro,6747815,S11,S11 rainfall space-time,0.35567068747438985,0.2776372248435694,Rio De Janeiro
rio de janeiro,2017,33,2017-08-14,27,24.6890237907461,rio de janeiro,6747815,S11,S11 rainfall space-time,0.40012952340868857,0.3658817526969263,Rio De Janeiro
rio de janeiro,2017,34,2017-08-21,35,24.2674770939237,rio de janeiro,6747815,S11,S11 rainfall space-time,0.5186864192334852,0.3596345942193688,Rio De Janeiro
rio de janeiro,2017,35,2017-08-28,31,27.4718649489626,rio de janeiro,6747815,S11,S11 rainfall space-time,0.4594079713210869,0.4071223788583801,Rio De Janeiro
rio de janeiro,2017,36,2017-09-04,32,19.259046052918,rio de janeiro,6747815,S11,S11 rainfall space-time,0.47422758329918646,0.285411589572595,Rio De Janeiro
rio de janeiro,2017,37,2017-09-11,36,23.8568246905018,rio de janeiro,6747815,S11,S11 rainfall space-time,0.5335060312115848,0.3535488849427822,Rio De Janeiro
rio de janeiro,2017,38,2017-09-18,54,28.4444926177852,rio de janeiro,6747815,S11,S11 rainfall space-time,0.8002590468173771,0.42153634350949454,Rio De Janeiro
rio de janeiro,2017,39,2017-09-25,37,26.6408293194979,rio de janeiro,6747815,S11,S11 rainfall space-time,0.5483256431896844,0.39480675328973747,Rio De Janeiro
rio de janeiro,2017,40,2017-10-02,59,29.4945610150885,rio de janeiro,6747815,S11,S11 rainfall space-time,0.8743571067078751,0.43709794970799437,Rio De Janeiro
rio de janeiro,2017,41,2017-10-09,56,29.5196529388797,rio de janeiro,6747815,S11,S11 rainfall space-time,0.8298982707735764,0.437469802282364,Rio De Janeiro
rio de janeiro,2017,42,2017-10-16,61,46.9104469439857,rio de janeiro,6747815,S11,S11 rainfall space-time,0.9039963306640741,0.6951946214290952,Rio De Janeiro
rio de janeiro,2017,43,2017-10-23,53,33.5252455760508,rio de janeiro,6747815,S11,S11 rainfall space-time,0.7854394348392777,0.4968311309075723,Rio De Janeiro
rio de janeiro,2017,44,2017-10-30,38,51.3233549604073,rio de janeiro,6747815,S11,S11 rainfall space-time,0.5631452551677839,0.7605922059275084,Rio De Janeiro
rio de janeiro,2017,45,2017-11-06,59,55.077169933339,rio de janeiro,6747815,S11,S11 rainfall space-time,0.8743571067078751,0.8162222872639366,Rio De Janeiro
rio de janeiro,2017,46,2017-11-13,56,55.0034102186066,rio de janeiro,6747815,S11,S11 rainfall space-time,0.8298982707735764,0.8151291969119869,Rio De Janeiro
rio de janeiro,2017,47,2017-11-20,49,57.809156454353,rio de janeiro,6747815,S11,S11 rainfall space-time,0.7261609869268792,0.8567092674347623,Rio De Janeiro
rio de janeiro,2017,48,2017-11-27,61,40.3657551918008,rio de janeiro,6747815,S11,S11 rainfall space-time,0.9039963306640741,0.5982048291454464,Rio De Janeiro
rio de janeiro,2018,6,2018-02-05,74,165.529391445271,rio de janeiro,6747815,S11,S11 rainfall space-time,1.0966512863793687,2.453081352189872,Rio De Janeiro
rio de janeiro,2018,7,2018-02-12,78,141.143350616089,rio de janeiro,6747815,S11,S11 rainfall space-time,1.155929734291767,2.091689689419301,Rio De Janeiro
rio de janeiro,2018,8,2018-02-19,129,113.275564495303,rio de janeiro,6747815,S11,S11 rainfall space-time,1.9117299451748455,1.6786999124205837,Rio De Janeiro
rio de janeiro,2018,9,2018-02-26,144,142.097974256742,rio de janeiro,6747815,S11,S11 rainfall space-time,2.134024124846339,2.105836841358899,Rio De Janeiro
rio de janeiro,2018,10,2018-03-05,197,107.608559651181,rio de janeiro,6747815,S11,S11 rainfall space-time,2.919463559685617,1.594717099552685,Rio De Janeiro
rio de janeiro,2018,11,2018-03-12,179,108.310496919144,rio de janeiro,6747815,S11,S11 rainfall space-time,2.652710544079824,1.6051195374968636,Rio De Janeiro
rio de janeiro,2018,12,2018-03-19,200,176.270419374316,rio de janeiro,6747815,S11,S11 rainfall space-time,2.9639223956199157,2.6122592183442492,Rio De Janeiro
rio de janeiro,2018,13,2018-03-26,237,160.834575416268,rio de janeiro,6747815,S11,S11 rainfall space-time,3.5122480388095996,2.3835060003314847,Rio De Janeiro
rio de janeiro,2018,14,2018-04-02,289,209.941383907732,rio de janeiro,6747815,S11,S11 rainfall space-time,4.282867861670778,3.111249847657827,Rio De Janeiro
rio de janeiro,2018,15,2018-04-09,279,191.588227858779,rio de janeiro,6747815,S11,S11 rainfall space-time,4.1346717418897825,2.839263196438832,Rio De Janeiro
rio de janeiro,2018,16,2018-04-16,251,158.317155045905,rio de janeiro,6747815,S11,S11 rainfall space-time,3.719722606502994,2.3461988072569415,Rio De Janeiro
rio de janeiro,2018,17,2018-04-23,264,256.137102059986,rio de janeiro,6747815,S11,S11 rainfall space-time,3.9123775622182886,3.795852465723882,Rio De Janeiro
rio de janeiro,2018,18,2018-04-30,313,338.432199968093,rio de janeiro,6747815,S11,S11 rainfall space-time,4.638538549145168,5.015433884421743,Rio De Janeiro
rio de janeiro,2018,19,2018-05-07,331,296.783989605884,rio de janeiro,6747815,S11,S11 rainfall space-time,4.90529156475096,4.398223567271539,Rio De Janeiro
rio de janeiro,2018,20,2018-05-14,328,359.190693089603,rio de janeiro,6747815,S11,S11 rainfall space-time,4.8608327288166615,5.323066697732569,Rio De Janeiro
rio de janeiro,2018,21,2018-05-21,211,208.262708175259,rio de janeiro,6747815,S11,S11 rainfall space-time,3.126938127379011,3.086372524665525,Rio De Janeiro
rio de janeiro,2018,22,2018-05-28,197,197.89649153514,rio de janeiro,6747815,S11,S11 rainfall space-time,2.919463559685617,2.9327492163780424,Rio De Janeiro
rio de janeiro,2018,23,2018-06-04,194,207.666695249602,rio de janeiro,6747815,S11,S11 rainfall space-time,2.875004723751318,3.0775398443733564,Rio De Janeiro
rio de janeiro,2018,24,2018-06-11,196,163.125802823803,rio de janeiro,6747815,S11,S11 rainfall space-time,2.904643947707517,2.417461101464741,Rio De Janeiro
rio de janeiro,2018,25,2018-06-18,160,137.42433006768,rio de janeiro,6747815,S11,S11 rainfall space-time,2.3711379164959325,2.0365752479533,Rio De Janeiro
rio de janeiro,2018,26,2018-06-25,193,120.87740188279,rio de janeiro,6747815,S11,S11 rainfall space-time,2.860185111773218,1.7913561928237511,Rio De Janeiro
rio de janeiro,2018,27,2018-07-02,218,160.465365880352,rio de janeiro,6747815,S11,S11 rainfall space-time,3.2306754112257083,2.3780344582705957,Rio De Janeiro
rio de janeiro,2018,28,2018-07-09,153,144.988872528628,rio de janeiro,6747815,S11,S11 rainfall space-time,2.267400632649235,2.1486788320164085,Rio De Janeiro
rio de janeiro,2018,29,2018-07-16,152,129.292897489265,rio de janeiro,6747815,S11,S11 rainfall space-time,2.2525810206711356,1.9160705723151121,Rio De Janeiro
rio de janeiro,2018,30,2018-07-23,119,167.659978349195,rio de janeiro,6747815,S11,S11 rainfall space-time,1.7635338253938497,2.484655823391646,Rio De Janeiro
rio de janeiro,2018,31,2018-07-30,92,150.473386882187,rio de janeiro,6747815,S11,S11 rainfall space-time,1.3634043019851612,2.22995720662447,Rio De Janeiro
rio de janeiro,2018,32,2018-08-06,120,110.392624814538,rio de janeiro,6747815,S11,S11 rainfall space-time,1.7783534373719494,1.63597586499538,Rio De Janeiro
rio de janeiro,2018,33,2018-08-13,75,100.762734226287,rio de janeiro,6747815,S11,S11 rainfall space-time,1.1114708983574684,1.493264623085947,Rio De Janeiro
rio de janeiro,2018,34,2018-08-20,67,85.2344407013621,rio de janeiro,6747815,S11,S11 rainfall space-time,0.9929140025326716,1.263141338364524,Rio De Janeiro
rio de janeiro,2018,35,2018-08-27,68,72.7932688849628,rio de janeiro,6747815,S11,S11 rainfall space-time,1.0077336145107711,1.078767999492618,Rio De Janeiro
rio de janeiro,2018,36,2018-09-03,51,75.2497679341332,rio de janeiro,6747815,S11,S11 rainfall space-time,0.7558002108830785,1.115172362225894,Rio De Janeiro
rio de janeiro,2018,37,2018-09-10,54,61.7711243689318,rio de janeiro,6747815,S11,S11 rainfall space-time,0.8002590468173771,0.9154240945985004,Rio De Janeiro
rio de janeiro,2018,38,2018-09-17,63,57.9690761975443,rio de janeiro,6747815,S11,S11 rainfall space-time,0.9336355546202735,0.8590792159764946,Rio De Janeiro
rio de janeiro,2018,39,2018-09-24,41,61.2375913141333,rio de janeiro,6747815,S11,S11 rainfall space-time,0.6076040911020827,0.9075173417488964,Rio De Janeiro
rio de janeiro,2018,40,2018-10-01,59,55.8027337238937,rio de janeiro,6747815,S11,S11 rainfall space-time,0.8743571067078751,0.8269748611053164,Rio De Janeiro
rio de janeiro,2018,41,2018-10-08,43,51.7176405456807,rio de janeiro,6747815,S11,S11 rainfall space-time,0.6372433150582818,0.7664353653098182,Rio De Janeiro
rio de janeiro,2018,42,2018-10-15,72,67.5526880614295,rio de janeiro,6747815,S11,S11 rainfall space-time,1.0670120624231696,1.0011046251479851,Rio De Janeiro
rio de janeiro,2018,43,2018-10-22,70,43.4753386554623,rio de janeiro,6747815,S11,S11 rainfall space-time,1.0373728384669705,0.6442876494904247,Rio De Janeiro
rio de janeiro,2018,44,2018-10-29,66,60.2378815786638,rio de janeiro,6747815,S11,S11 rainfall space-time,0.9780943905545721,0.8927020313785099,Rio De Janeiro
rio de janeiro,2018,45,2018-11-05,71,53.9512721562396,rio de janeiro,6747815,S11,S11 rainfall space-time,1.05219245044507,0.7995369190803185,Rio De Janeiro
rio de janeiro,2018,46,2018-11-12,69,75.508212144454,rio de janeiro,6747815,S11,S11 rainfall space-time,1.0225532264888708,1.1190024051408345,Rio De Janeiro
rio de janeiro,2018,47,2018-11-19,65,101.914951297768,rio de janeiro,6747815,S11,S11 rainfall space-time,0.9632747785764725,1.5103400329998375,Rio De Janeiro
rio de janeiro,2018,48,2018-11-26,106,85.4555722712705,rio de janeiro,6747815,S11,S11 rainfall space-time,1.5708788696785554,1.2664184224266744,Rio De Janeiro
rio de janeiro,2018,49,2018-12-03,150,97.7938903409765,rio de janeiro,6747815,S11,S11 rainfall space-time,2.2229417967149367,1.4492675086820919,Rio De Janeiro
rio de janeiro,2018,50,2018-12-10,138,94.133142396195,rio de janeiro,6747815,S11,S11 rainfall space-time,2.0451064529777416,1.3950166445908045,Rio De Janeiro
rio de janeiro,2018,51,2018-12-17,124,72.9190967515901,rio de janeiro,6747815,S11,S11 rainfall space-time,1.8376318852843476,1.0806327196520666,Rio De Janeiro
rio de janeiro,2018,52,2018-12-24,147,130.706274863853,rio de janeiro,6747815,S11,S11 rainfall space-time,2.178482960780638,1.9370162765851315,Rio De Janeiro
rio de janeiro,2019,1,2018-12-31,179,243.377863652802,rio de janeiro,6747815,S11,S11 rainfall space-time,2.652710544079824,3.606765503393351,Rio De Janeiro
rio de janeiro,2019,2,2019-01-07,186,257.805906247297,rio de janeiro,6747815,S11,S11 rainfall space-time,2.756447827926521,3.8205834962472593,Rio De Janeiro
rio de janeiro,2019,3,2019-01-14,201,231.776774331629,rio de janeiro,6747815,S11,S11 rainfall space-time,2.978742007598015,3.434841861130292,Rio De Janeiro
rio de janeiro,2019,4,2019-01-21,205,348.273489432702,rio de janeiro,6747815,S11,S11 rainfall space-time,3.0380204555104133,5.161277975651407,Rio De Janeiro
rio de janeiro,2019,5,2019-01-28,159,314.320446204077,rio de janeiro,6747815,S11,S11 rainfall space-time,2.3563183045178326,4.658107049527543,Rio De Janeiro
rio de janeiro,2019,6,2019-02-04,167,339.314705365215,rio de janeiro,6747815,S11,S11 rainfall space-time,2.4748752003426295,5.028512271975669,Rio De Janeiro
rio de janeiro,2019,7,2019-02-11,182,317.949777985686,rio de janeiro,6747815,S11,S11 rainfall space-time,2.6971693800141234,4.711892338270774,Rio De Janeiro
rio de janeiro,2019,8,2019-02-18,195,314.013849388832,rio de janeiro,6747815,S11,S11 rainfall space-time,2.8898243357294175,4.653563403691892,Rio De Janeiro
rio de janeiro,2019,9,2019-02-25,157,286.095021128231,rio de janeiro,6747815,S11,S11 rainfall space-time,2.3266790805616338,4.239817201986583,Rio De Janeiro
rio de janeiro,2019,10,2019-03-04,274,340.359266027151,rio de janeiro,6747815,S11,S11 rainfall space-time,4.060573681999284,5.043992255673148,Rio De Janeiro
rio de janeiro,2019,11,2019-03-11,414,364.744416403616,rio de janeiro,6747815,S11,S11 rainfall space-time,6.135319358933224,5.405370722279968,Rio De Janeiro
rio de janeiro,2019,12,2019-03-18,643,397.511677123109,rio de janeiro,6747815,S11,S11 rainfall space-time,9.529010501918028,5.8909688117280785,Rio De Janeiro
rio de janeiro,2019,13,2019-03-25,801,386.389578239076,rio de janeiro,6747815,S11,S11 rainfall space-time,11.870509194457762,5.726143621884654,Rio De Janeiro
rio de janeiro,2019,14,2019-04-01,1112,675.793765234184,rio de janeiro,6747815,S11,S11 rainfall space-time,16.47940851964673,10.015001377989527,Rio De Janeiro
rio de janeiro,2019,15,2019-04-08,1207,796.263928509721,rio de janeiro,6747815,S11,S11 rainfall space-time,17.887271657566192,11.800322452671287,Rio De Janeiro
rio de janeiro,2019,16,2019-04-15,1280,1272.99917459882,rio de janeiro,6747815,S11,S11 rainfall space-time,18.96910333196746,18.865353815995547,Rio De Janeiro
rio de janeiro,2019,17,2019-04-22,1432,1529.38517548037,rio de janeiro,6747815,S11,S11 rainfall space-time,21.221684352638594,22.664894865676818,Rio De Janeiro
rio de janeiro,2019,18,2019-04-29,1643,1919.31426666495,rio de janeiro,6747815,S11,S11 rainfall space-time,24.348622480017607,28.4434926960053,Rio De Janeiro
rio de janeiro,2019,19,2019-05-06,1864,2010.69939159231,rio de janeiro,6747815,S11,S11 rainfall space-time,27.623756727177614,29.797784787998932,Rio De Janeiro
rio de janeiro,2019,20,2019-05-13,1624,1972.08888301011,rio de janeiro,6747815,S11,S11 rainfall space-time,24.067049852433716,29.225592032533644,Rio De Janeiro
rio de janeiro,2019,21,2019-05-20,1573,1620.69371205656,rio de janeiro,6747815,S11,S11 rainfall space-time,23.311249641550635,24.018051948024063,Rio De Janeiro
rio de janeiro,2019,22,2019-05-27,1233,1345.68679808488,rio de janeiro,6747815,S11,S11 rainfall space-time,18.272581568996777,19.942556191669155,Rio De Janeiro
rio de janeiro,2019,23,2019-06-03,980,1280.18573209972,rio de janeiro,6747815,S11,S11 rainfall space-time,14.523219738537586,18.97185580961719,Rio De Janeiro
rio de janeiro,2019,24,2019-06-10,769,742.842022403343,rio de janeiro,6747815,S11,S11 rainfall space-time,11.396281611158575,11.008630533044297,Rio De Janeiro
rio de janeiro,2019,25,2019-06-17,551,827.03079501144,rio de janeiro,6747815,S11,S11 rainfall space-time,8.165606199932867,12.256275476008751,Rio De Janeiro
rio de janeiro,2019,26,2019-06-24,497,851.749220797562,rio de janeiro,6747815,S11,S11 rainfall space-time,7.36534715311549,12.62259295486853,Rio De Janeiro
rio de janeiro,2019,27,2019-07-01,489,851.019475210409,rio de janeiro,6747815,S11,S11 rainfall space-time,7.246790257290694,12.611778408424195,Rio De Janeiro
rio de janeiro,2019,28,2019-07-08,285,687.899672490637,rio de janeiro,6747815,S11,S11 rainfall space-time,4.223589413758379,10.19440622617302,Rio De Janeiro
rio de janeiro,2019,29,2019-07-15,238,615.318561258464,rio de janeiro,6747815,S11,S11 rainfall space-time,3.5270676507876995,9.118782320772931,Rio De Janeiro
rio de janeiro,2019,30,2019-07-22,168,410.141721288718,rio de janeiro,6747815,S11,S11 rainfall space-time,2.489694812320729,6.078141165528663,Rio De Janeiro
rio de janeiro,2019,31,2019-07-29,169,299.268766232862,rio de janeiro,6747815,S11,S11 rainfall space-time,2.5045144242988284,4.435046992735604,Rio De Janeiro
rio de janeiro,2019,32,2019-08-05,140,204.396448568118,rio de janeiro,6747815,S11,S11 rainfall space-time,2.074745676933941,3.0290760574810958,Rio De Janeiro
rio de janeiro,2019,33,2019-08-12,140,168.479979835957,rio de janeiro,6747815,S11,S11 rainfall space-time,2.074745676933941,2.4968079272469237,Rio De Janeiro
rio de janeiro,2019,34,2019-08-19,97,127.724241647389,rio de janeiro,6747815,S11,S11 rainfall space-time,1.437502361875659,1.8928237014113307,Rio De Janeiro
rio de janeiro,2019,35,2019-08-26,71,129.382751674151,rio de janeiro,6747815,S11,S11 rainfall space-time,1.05219245044507,1.9174021764697313,Rio De Janeiro
rio de janeiro,2019,36,2019-09-02,64,113.529701224681,rio de janeiro,6747815,S11,S11 rainfall space-time,0.9484551665983729,1.682466120139349,Rio De Janeiro
rio de janeiro,2019,37,2019-09-09,66,117.664872332947,rio de janeiro,6747815,S11,S11 rainfall space-time,0.9780943905545721,1.743747751426899,Rio De Janeiro
rio de janeiro,2019,38,2019-09-16,83,80.3977331706947,rio de janeiro,6747815,S11,S11 rainfall space-time,1.230027794182265,1.191463209508481,Rio De Janeiro
rio de janeiro,2019,39,2019-09-23,99,59.658531126751,rio de janeiro,6747815,S11,S11 rainfall space-time,1.4671415858318582,0.8841162824818257,Rio De Janeiro
rio de janeiro,2019,40,2019-09-30,73,60.9496526670166,rio de janeiro,6747815,S11,S11 rainfall space-time,1.0818316744012693,0.903250202725128,Rio De Janeiro
rio de janeiro,2019,41,2019-10-07,67,60.3768932672054,rio de janeiro,6747815,S11,S11 rainfall space-time,0.9929140025326716,0.8947621306631169,Rio De Janeiro
rio de janeiro,2019,42,2019-10-14,65,92.2708483726656,rio de janeiro,6747815,S11,S11 rainfall space-time,0.9632747785764725,1.367418169772965,Rio De Janeiro
rio de janeiro,2019,43,2019-10-21,58,97.3822376821378,rio de janeiro,6747815,S11,S11 rainfall space-time,0.8595374947297755,1.4431669760083494,Rio De Janeiro
rio de janeiro,2019,44,2019-10-28,40,79.8982988668391,rio de janeiro,6747815,S11,S11 rainfall space-time,0.5927844791239831,1.1840617869167887,Rio De Janeiro
rio de janeiro,2019,45,2019-11-04,65,78.5783323334985,rio de janeiro,6747815,S11,S11 rainfall space-time,0.9632747785764725,1.1645003950686035,Rio De Janeiro
rio de janeiro,2019,46,2019-11-11,56,67.8488410475116,rio de janeiro,6747815,S11,S11 rainfall space-time,0.8298982707735764,1.005493497487877,Rio De Janeiro
rio de janeiro,2019,47,2019-11-18,50,62.9075841044838,rio de janeiro,6747815,S11,S11 rainfall space-time,0.7409805989049789,0.9322659869081148,Rio De Janeiro
rio de janeiro,2019,48,2019-11-25,74,55.9018767397063,rio de janeiro,6747815,S11,S11 rainfall space-time,1.0966512863793687,0.8284441221299977,Rio De Janeiro
rio de janeiro,2019,49,2019-12-02,49,84.5520298737319,rio de janeiro,6747815,S11,S11 rainfall space-time,0.7261609869268792,1.2530282746893906,Rio De Janeiro
rio de janeiro,2019,50,2019-12-09,75,86.541013488367,rio de janeiro,6747815,S11,S11 rainfall space-time,1.1114708983574684,1.2825042400890807,Rio De Janeiro
rio de janeiro,2019,51,2019-12-16,58,63.6019407095349,rio de janeiro,6747815,S11,S11 rainfall space-time,0.8595374947297755,0.9425560823694026,Rio De Janeiro
rio de janeiro,2019,52,2019-12-23,43,112.641687456161,rio de janeiro,6747815,S11,S11 rainfall space-time,0.6372433150582818,1.6693061006586722,Rio De Janeiro
rio de janeiro,2020,1,2019-12-30,69,57.5905702522916,rio de janeiro,6747815,S11,S11 rainfall space-time,1.0225532264888708,0.8534699047364458,Rio De Janeiro
rio de janeiro,2020,2,2020-01-06,100,102.498445862277,rio de janeiro,6747815,S11,S11 rainfall space-time,1.4819611978099578,1.5189871960371912,Rio De Janeiro
rio de janeiro,2020,3,2020-01-13,109,79.0720906615813,rio de janeiro,6747815,S11,S11 rainfall space-time,1.6153377056128542,1.171817701901746,Rio De Janeiro
rio de janeiro,2020,4,2020-01-20,85,82.3112047270738,rio de janeiro,6747815,S11,S11 rainfall space-time,1.259667018138464,1.2198201155051493,Rio De Janeiro
rio de janeiro,2020,5,2020-01-27,77,101.959799710705,rio de janeiro,6747815,S11,S11 rainfall space-time,1.1411101223136675,1.5110046690773977,Rio De Janeiro
rio de janeiro,2020,6,2020-02-03,57,134.924786329243,rio de janeiro,6747815,S11,S11 rainfall space-time,0.8447178827516758,1.9995329796273758,Rio De Janeiro
rio de janeiro,2020,7,2020-02-10,77,134.816841125904,rio de janeiro,6747815,S11,S11 rainfall space-time,1.1411101223136675,1.9979332735989948,Rio De Janeiro
rio de janeiro,2020,8,2020-02-17,65,94.9303820544453,rio de janeiro,6747815,S11,S11 rainfall space-time,0.9632747785764725,1.4068314269796267,Rio De Janeiro
rio de janeiro,2020,9,2020-02-24,49,93.7563468743235,rio de janeiro,6747815,S11,S11 rainfall space-time,0.7261609869268792,1.3894326811615834,Rio De Janeiro
rio de janeiro,2020,10,2020-03-02,70,72.1613324046759,rio de janeiro,6747815,S11,S11 rainfall space-time,1.0373728384669705,1.0694029460599601,Rio De Janeiro
rio de janeiro,2020,11,2020-03-09,53,95.5520759275929,rio de janeiro,6747815,S11,S11 rainfall space-time,0.7854394348392777,1.416044688948836,Rio De Janeiro
rio de janeiro,2020,12,2020-03-16,39,63.7730170814985,rio de janeiro,6747815,S11,S11 rainfall space-time,0.5779648671458835,0.9450913678205243,Rio De Janeiro
rio de janeiro,2020,13,2020-03-23,32,66.0809013482743,rio de janeiro,6747815,S11,S11 rainfall space-time,0.47422758329918646,0.9792933171445023,Rio De Janeiro
rio de janeiro,2020,14,2020-03-30,36,57.0525398731334,rio de janeiro,6747815,S11,S11 rainfall space-time,0.5335060312115848,0.8454965032848913,Rio De Janeiro
rio de janeiro,2020,15,2020-04-06,21,45.833139576991,rio de janeiro,6747815,S11,S11 rainfall space-time,0.3112118515400911,0.6792293442690857,Rio De Janeiro
rio de janeiro,2020,16,2020-04-13,28,41.0845805000046,rio de janeiro,6747815,S11,S11 rainfall space-time,0.4149491353867882,0.6088575412930645,Rio De Janeiro
rio de janeiro,2020,17,2020-04-20,29,40.158860218522,rio de janeiro,6747815,S11,S11 rainfall space-time,0.42976874736488774,0.5951387259212353,Rio De Janeiro
rio de janeiro,2020,18,2020-04-27,29,47.1495661378506,rio de janeiro,6747815,S11,S11 rainfall space-time,0.42976874736488774,0.6987382750986889,Rio De Janeiro
rio de janeiro,2020,19,2020-05-04,29,27.913373011254,rio de janeiro,6747815,S11,S11 rainfall space-time,0.42976874736488774,0.41366535702674123,Rio De Janeiro
rio de janeiro,2020,20,2020-05-11,13,39.0551749324634,rio de janeiro,6747815,S11,S11 rainfall space-time,0.1926549557152945,0.578782538235909,Rio De Janeiro
rio de janeiro,2020,21,2020-05-18,12,36.9326968685152,rio de janeiro,6747815,S11,S11 rainfall space-time,0.17783534373719492,0.5473282368961687,Rio De Janeiro
rio de janeiro,2020,22,2020-05-25,16,23.5304242731822,rio de janeiro,6747815,S11,S11 rainfall space-time,0.23711379164959323,0.34871175740861593,Rio De Janeiro
rio de janeiro,2020,23,2020-06-01,11,22.8401493565121,rio de janeiro,6747815,S11,S11 rainfall space-time,0.16301573175909534,0.33848215098535006,Rio De Janeiro
rio de janeiro,2020,24,2020-06-08,16,11.3323894044489,rio de janeiro,6747815,S11,S11 rainfall space-time,0.23711379164959323,0.16794161375865965,Rio De Janeiro
rio de janeiro,2020,25,2020-06-15,22,11.0737238516592,rio de janeiro,6747815,S11,S11 rainfall space-time,0.3260314635181907,0.16410829063421564,Rio De Janeiro
rio de janeiro,2020,26,2020-06-22,14,12.9747175689541,rio de janeiro,6747815,S11,S11 rainfall space-time,0.2074745676933941,0.19228027989733124,Rio De Janeiro
rio de janeiro,2020,27,2020-06-29,13,12.1704766088134,rio de janeiro,6747815,S11,S11 rainfall space-time,0.1926549557152945,0.1803617409311518,Rio De Janeiro
rio de janeiro,2020,28,2020-07-06,18,15.1816225509503,rio de janeiro,6747815,S11,S11 rainfall space-time,0.2667530156057924,0.22498575540304971,Rio De Janeiro
rio de janeiro,2020,29,2020-07-13,22,21.3973744312664,rio de janeiro,6747815,S11,S11 rainfall space-time,0.3260314635181907,0.31710078642147715,Rio De Janeiro
rio de janeiro,2020,30,2020-07-20,17,15.9600500400348,rio de janeiro,6747815,S11,S11 rainfall space-time,0.2519334036276928,0.23652174874436832,Rio De Janeiro
rio de janeiro,2020,31,2020-07-27,11,9.78615682553404,rio de janeiro,6747815,S11,S11 rainfall space-time,0.16301573175909534,0.14502704691124518,Rio De Janeiro
rio de janeiro,2020,32,2020-08-03,11,13.354743037999,rio de janeiro,6747815,S11,S11 rainfall space-time,0.16301573175909534,0.19791210989037192,Rio De Janeiro
rio de janeiro,2020,33,2020-08-10,12,15.582972883802,rio de janeiro,6747815,S11,S11 rainfall space-time,0.17783534373719492,0.23093361160319303,Rio De Janeiro
rio de janeiro,2020,34,2020-08-17,10,12.6226039945473,rio de janeiro,6747815,S11,S11 rainfall space-time,0.14819611978099578,0.18706209335240073,Rio De Janeiro
rio de janeiro,2020,35,2020-08-24,9,9.79809143008553,rio de janeiro,6747815,S11,S11 rainfall space-time,0.1333765078028962,0.14520391311981032,Rio De Janeiro
rio de janeiro,2020,36,2020-08-31,10,11.0075871828234,rio de janeiro,6747815,S11,S11 rainfall space-time,0.14819611978099578,0.16312817086454504,Rio De Janeiro
rio de janeiro,2020,37,2020-09-07,10,11.7398017333881,rio de janeiro,6747815,S11,S11 rainfall space-time,0.14819611978099578,0.17397930638863246,Rio De Janeiro
rio de janeiro,2020,38,2020-09-14,12,10.5686741411205,rio de janeiro,6747815,S11,S11 rainfall space-time,0.17783534373719492,0.15662364989438063,Rio De Janeiro
rio de janeiro,2020,39,2020-09-21,14,9.40509980619881,rio de janeiro,6747815,S11,S11 rainfall space-time,0.2074745676933941,0.1393799297431659,Rio De Janeiro
rio de janeiro,2020,40,2020-09-28,11,9.74522159391127,rio de janeiro,6747815,S11,S11 rainfall space-time,0.16301573175909534,0.1444204026623621,Rio De Janeiro
rio de janeiro,2020,41,2020-10-05,12,8.0270768446297,rio de janeiro,6747815,S11,S11 rainfall space-time,0.17783534373719492,0.11895816415580007,Rio De Janeiro
rio de janeiro,2020,42,2020-10-12,10,11.7548039520038,rio de janeiro,6747815,S11,S11 rainfall space-time,0.14819611978099578,0.17420163344732775,Rio De Janeiro
rio de janeiro,2020,43,2020-10-19,19,12.0825461975739,rio de janeiro,6747815,S11,S11 rainfall space-time,0.28157262758389195,0.17905864635550767,Rio De Janeiro
rio de janeiro,2020,44,2020-10-26,9,10.04438974705,rio de janeiro,6747815,S11,S11 rainfall space-time,0.1333765078028962,0.14885395860808276,Rio De Janeiro
rio de janeiro,2020,45,2020-11-02,12,11.3764646384858,rio de janeiro,6747815,S11,S11 rainfall space-time,0.17783534373719492,0.16859479162493043,Rio De Janeiro
rio de janeiro,2020,46,2020-11-09,25,9.08303719870027,rio de janeiro,6747815,S11,S11 rainfall space-time,0.37049029945248946,0.13460708686738254,Rio De Janeiro
rio de janeiro,2020,47,2020-11-16,20,17.0341791162741,rio de janeiro,6747815,S11,S11 rainfall space-time,0.29639223956199157,0.2524399248686293,Rio De Janeiro
rio de janeiro,2020,48,2020-11-23,10,10.6946306073136,rio de janeiro,6747815,S11,S11 rainfall space-time,0.14819611978099578,0.158490275849495,Rio De Janeiro
rio de janeiro,2020,49,2020-11-30,17,13.8367580091559,rio de janeiro,6747815,S11,S11 rainfall space-time,0.2519334036276928,0.20505538473055204,Rio De Janeiro
rio de janeiro,2020,50,2020-12-07,10,24.998616229703,rio de janeiro,6747815,S11,S11 rainfall space-time,0.14819611978099578,0.37046979251362105,Rio De Janeiro
rio de janeiro,2020,51,2020-12-14,8,18.6597622752144,rio de janeiro,6747815,S11,S11 rainfall space-time,0.11855689582479662,0.27653043652225795,Rio De Janeiro
rio de janeiro,2020,52,2020-12-21,6,16.37623279668,rio de janeiro,6747815,S11,S11 rainfall space-time,0.08891767186859746,0.24268941570982608,Rio De Janeiro
rio de janeiro,2021,1,2021-01-04,6,10.8190466623661,rio de janeiro,6747815,S11,S11 rainfall space-time,0.08891767186859746,0.1603340735092189,Rio De Janeiro
rio de janeiro,2021,2,2021-01-11,9,11.459623669432,rio de janeiro,6747815,S11,S11 rainfall space-time,0.1333765078028962,0.16982717619602788,Rio De Janeiro
rio de janeiro,2021,3,2021-01-18,12,9.0934726331743,rio de janeiro,6747815,S11,S11 rainfall space-time,0.17783534373719492,0.13476173595711058,Rio De Janeiro
rio de janeiro,2021,5,2021-02-01,18,7.91786340032019,rio de janeiro,6747815,S11,S11 rainfall space-time,0.2667530156057924,0.11733966328834133,Rio De Janeiro
rio de janeiro,2021,6,2021-02-08,15,10.1511504844873,rio de janeiro,6747815,S11,S11 rainfall space-time,0.22229417967149367,0.1504361113113993,Rio De Janeiro
rio de janeiro,2021,7,2021-02-15,15,12.2305014472774,rio de janeiro,6747815,S11,S11 rainfall space-time,0.22229417967149367,0.18125128574623636,Rio De Janeiro
rio de janeiro,2021,13,2021-03-29,45,27.0858872596397,rio de janeiro,6747815,S11,S11 rainfall space-time,0.666882539014481,0.40140233927041125,Rio De Janeiro
rio de janeiro,2021,14,2021-04-05,52,35.8728872026018,rio de janeiro,6747815,S11,S11 rainfall space-time,0.770619822861178,0.5316222688766927,Rio De Janeiro
rio de janeiro,2021,15,2021-04-12,48,33.2464328251699,rio de janeiro,6747815,S11,S11 rainfall space-time,0.7113413749487797,0.49269923412497074,Rio De Janeiro
rio de janeiro,2021,16,2021-04-19,36,44.0277334956605,rio de janeiro,6747815,S11,S11 rainfall space-time,0.5335060312115848,0.6524739266808662,Rio De Janeiro
rio de janeiro,2021,17,2021-04-26,38,49.7366555393437,rio de janeiro,6747815,S11,S11 rainfall space-time,0.5631452551677839,0.7370779361814705,Rio De Janeiro
rio de janeiro,2021,18,2021-05-03,30,50.6248857704003,rio de janeiro,6747815,S11,S11 rainfall space-time,0.44458835934298735,0.7502411635529471,Rio De Janeiro
rio de janeiro,2021,19,2021-05-10,39,45.4099286304636,rio de janeiro,6747815,S11,S11 rainfall space-time,0.5779648671458835,0.6729575222566653,Rio De Janeiro
rio de janeiro,2021,20,2021-05-17,50,40.3652889795826,rio de janeiro,6747815,S11,S11 rainfall space-time,0.7409805989049789,0.5981979200612733,Rio De Janeiro
rio de janeiro,2021,21,2021-05-24,49,28.1513283103575,rio de janeiro,6747815,S11,S11 rainfall space-time,0.7261609869268792,0.41719176222758775,Rio De Janeiro
rio de janeiro,2021,22,2021-05-31,40,25.1522604467065,rio de janeiro,6747815,S11,S11 rainfall space-time,0.5927844791239831,0.37274674019229187,Rio De Janeiro
rio de janeiro,2021,23,2021-06-07,34,30.6230300651486,rio de janeiro,6747815,S11,S11 rainfall space-time,0.5038668072553856,0.4538214231591797,Rio De Janeiro
rio de janeiro,2021,24,2021-06-14,33,37.05689065999,rio de janeiro,6747815,S11,S11 rainfall space-time,0.4890471952772861,0.5491687406959141,Rio De Janeiro
rio de janeiro,2021,25,2021-06-21,21,27.735297510517,rio de janeiro,6747815,S11,S11 rainfall space-time,0.3112118515400911,0.4110263472030131,Rio De Janeiro
rio de janeiro,2021,26,2021-06-28,28,18.1295986319768,rio de janeiro,6747815,S11,S11 rainfall space-time,0.4149491353867882,0.2686736170445811,Rio De Janeiro
rio de janeiro,2021,27,2021-07-05,22,20.9908267704306,rio de janeiro,6747815,S11,S11 rainfall space-time,0.3260314635181907,0.3110759078372866,Rio De Janeiro
rio de janeiro,2021,28,2021-07-12,19,16.8040289257349,rio de janeiro,6747815,S11,S11 rainfall space-time,0.28157262758389195,0.2490291883481527,Rio De Janeiro
rio de janeiro,2021,29,2021-07-19,19,11.6941667080171,rio de janeiro,6747815,S11,S11 rainfall space-time,0.28157262758389195,0.17330301302002352,Rio De Janeiro
rio de janeiro,2021,30,2021-07-26,7,18.4983204513918,rio de janeiro,6747815,S11,S11 rainfall space-time,0.10373728384669705,0.2741379313361703,Rio De Janeiro
rio de janeiro,2021,31,2021-08-02,12,12.6565632958752,rio de janeiro,6747815,S11,S11 rainfall space-time,0.17783534373719492,0.1875653570211276,Rio De Janeiro
rio de janeiro,2021,32,2021-08-09,9,11.8020054387915,rio de janeiro,6747815,S11,S11 rainfall space-time,0.1333765078028962,0.17490114116631086,Rio De Janeiro
rio de janeiro,2021,33,2021-08-16,9,14.7349957946668,rio de janeiro,6747815,S11,S11 rainfall space-time,0.1333765078028962,0.21836692017589102,Rio De Janeiro
rio de janeiro,2021,34,2021-08-23,16,7.78255533701516,rio de janeiro,6747815,S11,S11 rainfall space-time,0.23711379164959323,0.11533445029265267,Rio De Janeiro
rio de janeiro,2021,35,2021-08-30,17,10.1725282615102,rio de janeiro,6747815,S11,S11 rainfall space-time,0.2519334036276928,0.15075292167183305,Rio De Janeiro
rio de janeiro,2021,36,2021-09-06,12,9.41099530753138,rio de janeiro,6747815,S11,S11 rainfall space-time,0.17783534373719492,0.13946729878533096,Rio De Janeiro
rio de janeiro,2021,37,2021-09-13,9,9.632299215889,rio de janeiro,6747815,S11,S11 rainfall space-time,0.1333765078028962,0.1427469368364278,Rio De Janeiro
rio de janeiro,2021,38,2021-09-20,6,13.1181116400617,rio de janeiro,6747815,S11,S11 rainfall space-time,0.08891767186859746,0.19440532439110586,Rio De Janeiro
rio de janeiro,2021,39,2021-09-27,14,13.8292033016136,rio de janeiro,6747815,S11,S11 rainfall space-time,0.2074745676933941,0.20494342689616712,Rio De Janeiro
rio de janeiro,2021,40,2021-10-04,4,10.1107054967647,rio de janeiro,6747815,S11,S11 rainfall space-time,0.05927844791239831,0.1498367322868914,Rio De Janeiro
rio de janeiro,2021,41,2021-10-11,9,7.54995016002144,rio de janeiro,6747815,S11,S11 rainfall space-time,0.1333765078028962,0.11188733182550854,Rio De Janeiro
rio de janeiro,2021,42,2021-10-18,3,6.33676362901507,rio de janeiro,6747815,S11,S11 rainfall space-time,0.04445883593429873,0.09390837817893748,Rio De Janeiro
rio de janeiro,2021,43,2021-10-25,6,10.043225631369,rio de janeiro,6747815,S11,S11 rainfall space-time,0.08891767186859746,0.14883670686539271,Rio De Janeiro
rio de janeiro,2021,44,2021-11-01,6,4.06075543020407,rio de janeiro,6747815,S11,S11 rainfall space-time,0.08891767186859746,0.06017881981358513,Rio De Janeiro
rio de janeiro,2021,45,2021-11-08,5,7.50846851690229,rio de janeiro,6747815,S11,S11 rainfall space-time,0.07409805989049789,0.11127258997026873,Rio De Janeiro
rio de janeiro,2021,46,2021-11-15,20,4.34288221394379,rio de janeiro,6747815,S11,S11 rainfall space-time,0.29639223956199157,0.064359829277237,Rio De Janeiro
rio de janeiro,2021,47,2021-11-22,24,7.63112051140458,rio de janeiro,6747815,S11,S11 rainfall space-time,0.35567068747438985,0.11309024493713268,Rio De Janeiro
rio de janeiro,2021,48,2021-11-29,23,6.91049044474381,rio de janeiro,6747815,S11,S11 rainfall space-time,0.3408510754962903,0.10241078696946804,Rio De Janeiro
rio de janeiro,2021,49,2021-12-06,16,6.06353881463948,rio de janeiro,6747815,S11,S11 rainfall space-time,0.23711379164959323,0.08985929244710295,Rio De Janeiro
rio de janeiro,2021,50,2021-12-13,6,17.8174975153803,rio de janeiro,6747815,S11,S11 rainfall space-time,0.08891767186859746,0.2640483995986893,Rio De Janeiro
rio de janeiro,2021,51,2021-12-20,4,16.1810915645744,rio de janeiro,6747815,S11,S11 rainfall space-time,0.05927844791239831,0.23979749836909278,Rio De Janeiro
rio de janeiro,2021,52,2021-12-27,4,18.8930024019409,rio de janeiro,6747815,S11,S11 rainfall space-time,0.05927844791239831,0.2799869646980675,Rio De Janeiro
rio de janeiro,2022,1,2022-01-03,21,31.5983488412126,rio de janeiro,6747815,S11,S11 rainfall space-time,0.3112118515400911,0.4682752689754031,Rio De Janeiro
rio de janeiro,2022,2,2022-01-10,14,16.678327684334,rio de janeiro,6747815,S11,S11 rainfall space-time,0.2074745676933941,0.24716634472542595,Rio De Janeiro
rio de janeiro,2022,3,2022-01-17,22,13.92931261108,rio de janeiro,6747815,S11,S11 rainfall space-time,0.3260314635181907,0.20642700801785466,Rio De Janeiro
rio de janeiro,2022,4,2022-01-24,19,12.9975368666028,rio de janeiro,6747815,S11,S11 rainfall space-time,0.28157262758389195,0.19261845303409772,Rio De Janeiro
rio de janeiro,2022,5,2022-01-31,31,32.8857814944793,rio de janeiro,6747815,S11,S11 rainfall space-time,0.4594079713210869,0.48735452134475093,Rio De Janeiro
rio de janeiro,2022,6,2022-02-07,35,27.0902150871428,rio de janeiro,6747815,S11,S11 rainfall space-time,0.5186864192334852,0.40146647599471524,Rio De Janeiro
rio de janeiro,2022,7,2022-02-14,47,33.8656754775227,rio de janeiro,6747815,S11,S11 rainfall space-time,0.6965217629706801,0.5018761699531286,Rio De Janeiro
rio de janeiro,2022,8,2022-02-21,62,29.8240622985772,rio de janeiro,6747815,S11,S11 rainfall space-time,0.9188159426421738,0.4419810308755827,Rio De Janeiro
rio de janeiro,2022,9,2022-02-28,66,53.6625109680172,rio de janeiro,6747815,S11,S11 rainfall space-time,0.9780943905545721,0.7952575903165278,Rio De Janeiro
rio de janeiro,2022,10,2022-03-07,116,64.2894802615034,rio de janeiro,6747815,S11,S11 rainfall space-time,1.719074989459551,0.9527451517491722,Rio De Janeiro
rio de janeiro,2022,11,2022-03-14,126,86.0691896908259,rio de janeiro,6747815,S11,S11 rainfall space-time,1.867271109240547,1.2755119944874882,Rio De Janeiro
rio de janeiro,2022,12,2022-03-21,177,134.001462494511,rio de janeiro,6747815,S11,S11 rainfall space-time,2.6230713201236253,1.9858496786665165,Rio De Janeiro
rio de janeiro,2022,13,2022-03-28,153,139.290961035907,rio de janeiro,6747815,S11,S11 rainfall space-time,2.267400632649235,2.064237994608729,Rio De Janeiro
rio de janeiro,2022,14,2022-04-04,222,210.793574641504,rio de janeiro,6747815,S11,S11 rainfall space-time,3.289953859138106,3.12387898366366,Rio De Janeiro
rio de janeiro,2022,15,2022-04-11,201,225.693794294431,rio de janeiro,6747815,S11,S11 rainfall space-time,2.978742007598015,3.3446944573084916,Rio De Janeiro
rio de janeiro,2022,16,2022-04-18,234,347.367121072629,rio de janeiro,6747815,S11,S11 rainfall space-time,3.467789202875301,5.147845948245899,Rio De Janeiro
rio de janeiro,2022,17,2022-04-25,342,278.475374290211,rio de janeiro,6747815,S11,S11 rainfall space-time,5.0683072965100555,4.126896992436974,Rio De Janeiro
rio de janeiro,2022,18,2022-05-02,461,516.044508303501,rio de janeiro,6747815,S11,S11 rainfall space-time,6.8318411219039055,7.6475793764870685,Rio De Janeiro
rio de janeiro,2022,19,2022-05-09,505,508.473125088753,rio de janeiro,6747815,S11,S11 rainfall space-time,7.483904048940286,7.535374415107009,Rio De Janeiro
rio de janeiro,2022,20,2022-05-16,406,380.342274145978,rio de janeiro,6747815,S11,S11 rainfall space-time,6.016762463108429,5.636524921711369,Rio De Janeiro
rio de janeiro,2022,21,2022-05-23,400,495.883703242604,rio de janeiro,6747815,S11,S11 rainfall space-time,5.927844791239831,7.348804068318469,Rio De Janeiro
rio de janeiro,2022,22,2022-05-30,338,514.226029286484,rio de janeiro,6747815,S11,S11 rainfall space-time,5.009028848597657,7.620630223064563,Rio De Janeiro
rio de janeiro,2022,23,2022-06-06,255,432.172132907903,rio de janeiro,6747815,S11,S11 rainfall space-time,3.7790010544153922,6.404623317442803,Rio De Janeiro
rio de janeiro,2022,24,2022-06-13,153,254.937472414565,rio de janeiro,6747815,S11,S11 rainfall space-time,2.267400632649235,3.7780744198613183,Rio De Janeiro
rio de janeiro,2022,25,2022-06-20,209,299.398285578144,rio de janeiro,6747815,S11,S11 rainfall space-time,3.097298903422812,4.436966419176341,Rio De Janeiro
rio de janeiro,2022,26,2022-06-27,189,231.273765748915,rio de janeiro,6747815,S11,S11 rainfall space-time,2.80090666386082,3.4273874691128166,Rio De Janeiro
rio de janeiro,2022,27,2022-07-04,155,242.639138680627,rio de janeiro,6747815,S11,S11 rainfall space-time,2.2970398566054344,3.5958178859471848,Rio De Janeiro
rio de janeiro,2022,28,2022-07-11,144,148.046907277761,rio de janeiro,6747815,S11,S11 rainfall space-time,2.134024124846339,2.1939977204141043,Rio De Janeiro
rio de janeiro,2022,29,2022-07-18,194,186.62334266528,rio de janeiro,6747815,S11,S11 rainfall space-time,2.875004723751318,2.7656855243553653,Rio De Janeiro
rio de janeiro,2022,30,2022-07-25,148,167.858140791962,rio de janeiro,6747815,S11,S11 rainfall space-time,2.1933025727587374,2.487592513902085,Rio De Janeiro
rio de janeiro,2022,31,2022-08-01,145,123.18846068202,rio de janeiro,6747815,S11,S11 rainfall space-time,2.1488437368244386,1.8256051874869121,Rio De Janeiro
rio de janeiro,2022,32,2022-08-08,106,120.466514198487,rio de janeiro,6747815,S11,S11 rainfall space-time,1.5708788696785554,1.785266996775801,Rio De Janeiro
rio de janeiro,2022,33,2022-08-15,110,153.902114991666,rio de janeiro,6747815,S11,S11 rainfall space-time,1.6301573175909536,2.280769626785352,Rio De Janeiro
rio de janeiro,2022,34,2022-08-22,99,122.6235580848,rio de janeiro,6747815,S11,S11 rainfall space-time,1.4671415858318582,1.8172335501906913,Rio De Janeiro
rio de janeiro,2022,35,2022-08-29,94,108.120347147518,rio de janeiro,6747815,S11,S11 rainfall space-time,1.3930435259413603,1.6023015916636423,Rio De Janeiro
rio de janeiro,2022,36,2022-09-05,101,85.81661164627,rio de janeiro,6747815,S11,S11 rainfall space-time,1.4967808097880575,1.2717688858729825,Rio De Janeiro
rio de janeiro,2022,37,2022-09-12,120,103.86321011191,rio de janeiro,6747815,S11,S11 rainfall space-time,1.7783534373719494,1.5392124726583347,Rio De Janeiro
rio de janeiro,2022,38,2022-09-19,102,96.0179935144065,rio de janeiro,6747815,S11,S11 rainfall space-time,1.511600421766157,1.4229494067991861,Rio De Janeiro
rio de janeiro,2022,39,2022-09-26,95,103.370504272,rio de janeiro,6747815,S11,S11 rainfall space-time,1.4078631379194597,1.531910763291525,Rio De Janeiro
rio de janeiro,2022,40,2022-10-03,102,126.648911956968,rio de janeiro,6747815,S11,S11 rainfall space-time,1.511600421766157,1.876887732650762,Rio De Janeiro
rio de janeiro,2022,41,2022-10-10,123,135.82233537185,rio de janeiro,6747815,S11,S11 rainfall space-time,1.8228122733062482,2.012834308170126,Rio De Janeiro
rio de janeiro,2022,42,2022-10-17,160,142.001182024597,rio de janeiro,6747815,S11,S11 rainfall space-time,2.3711379164959325,2.1044024180360164,Rio De Janeiro
rio de janeiro,2022,43,2022-10-24,139,125.608558645396,rio de janeiro,6747815,S11,S11 rainfall space-time,2.059926064955841,1.8614701002531338,Rio De Janeiro
rio de janeiro,2022,44,2022-10-31,131,122.984507096911,rio de janeiro,6747815,S11,S11 rainfall space-time,1.9413691691310444,1.822582674494055,Rio De Janeiro
rio de janeiro,2022,45,2022-11-07,171,147.599815374369,rio de janeiro,6747815,S11,S11 rainfall space-time,2.5341536482550278,2.187371991887285,Rio De Janeiro
rio de janeiro,2022,46,2022-11-14,129,156.57093913286,rio de janeiro,6747815,S11,S11 rainfall space-time,1.9117299451748455,2.3203205649956318,Rio De Janeiro
rio de janeiro,2022,47,2022-11-21,94,160.267663515578,rio de janeiro,6747815,S11,S11 rainfall space-time,1.3930435259413603,2.375104585937492,Rio De Janeiro
rio de janeiro,2022,48,2022-11-28,86,155.171970138606,rio de janeiro,6747815,S11,S11 rainfall space-time,1.2744866301165636,2.2995883873313954,Rio De Janeiro
rio de janeiro,2022,49,2022-12-05,98,160.592478434548,rio de janeiro,6747815,S11,S11 rainfall space-time,1.4523219738537585,2.3799182170013258,Rio De Janeiro
rio de janeiro,2022,50,2022-12-12,123,160.891566394276,rio de janeiro,6747815,S11,S11 rainfall space-time,1.8228122733062482,2.3843505845118163,Rio De Janeiro
rio de janeiro,2022,51,2022-12-19,117,96.7203149505121,rio de janeiro,6747815,S11,S11 rainfall space-time,1.7338946014376504,1.433357537966173,Rio De Janeiro
rio de janeiro,2022,52,2022-12-26,163,128.164168040776,rio de janeiro,6747815,S11,S11 rainfall space-time,2.4155967524302313,1.8993432398602508,Rio De Janeiro
rio de janeiro,2023,1,2023-01-02,230,173.063271521767,rio de janeiro,6747815,S11,S11 rainfall space-time,3.408510754962903,2.564730531613078,Rio De Janeiro
rio de janeiro,2023,2,2023-01-09,218,251.020607234544,rio de janeiro,6747815,S11,S11 rainfall space-time,3.2306754112257083,3.7200279977228776,Rio De Janeiro
rio de janeiro,2023,3,2023-01-16,246,267.07970304042,rio de janeiro,6747815,S11,S11 rainfall space-time,3.6456245466124964,3.958017566285086,Rio De Janeiro
rio de janeiro,2023,4,2023-01-23,312,446.858712743298,rio de janeiro,6747815,S11,S11 rainfall space-time,4.623718937167068,6.622272731888737,Rio De Janeiro
rio de janeiro,2023,5,2023-01-30,383,497.298996320984,rio de janeiro,6747815,S11,S11 rainfall space-time,5.675911387612138,7.3697781625753525,Rio De Janeiro
rio de janeiro,2023,6,2023-02-06,525,556.74079144457,rio de janeiro,6747815,S11,S11 rainfall space-time,7.780296288502279,8.250682501588589,Rio De Janeiro
rio de janeiro,2023,7,2023-02-13,372,537.344440126526,rio de janeiro,6747815,S11,S11 rainfall space-time,5.512895655853042,7.963236101264276,Rio De Janeiro
rio de janeiro,2023,8,2023-02-20,507,605.564661879916,rio de janeiro,6747815,S11,S11 rainfall space-time,7.513543272896486,8.974233316709423,Rio De Janeiro
rio de janeiro,2023,9,2023-02-27,870,872.039946872144,rio de janeiro,6747815,S11,S11 rainfall space-time,12.893062420946631,12.923293642047744,Rio De Janeiro
rio de janeiro,2023,10,2023-03-06,945,1167.48983579617,rio de janeiro,6747815,S11,S11 rainfall space-time,14.0045333193041,17.301746354874428,Rio De Janeiro
rio de janeiro,2023,11,2023-03-13,1125,951.652020577906,rio de janeiro,6747815,S11,S11 rainfall space-time,16.672063475362023,14.103113683139,Rio De Janeiro
rio de janeiro,2023,12,2023-03-20,1382,1536.80103737615,rio de janeiro,6747815,S11,S11 rainfall space-time,20.480703753733614,22.77479506145545,Rio De Janeiro
rio de janeiro,2023,13,2023-03-27,1580,2155.15276638867,rio de janeiro,6747815,S11,S11 rainfall space-time,23.41498692539733,31.938527751407975,Rio De Janeiro
rio de janeiro,2023,14,2023-04-03,1420,1936.37879472273,rio de janeiro,6747815,S11,S11 rainfall space-time,21.0438490089014,28.696382380410995,Rio De Janeiro
rio de janeiro,2023,15,2023-04-10,1783,2198.36361920365,rio de janeiro,6747815,S11,S11 rainfall space-time,26.423368156951547,32.578895823368754,Rio De Janeiro
rio de janeiro,2023,16,2023-04-17,1502,2262.1652960028,rio de janeiro,6747815,S11,S11 rainfall space-time,22.259057191105565,33.524411917084265,Rio De Janeiro
rio de janeiro,2023,17,2023-04-24,1572,2811.76914483017,rio de janeiro,6747815,S11,S11 rainfall space-time,23.296430029572534,41.669327698375994,Rio De Janeiro
rio de janeiro,2023,18,2023-05-01,1919,2562.60234395127,rio de janeiro,6747815,S11,S11 rainfall space-time,28.43883538597309,37.976772391526296,Rio De Janeiro
rio de janeiro,2023,19,2023-05-08,1807,2604.07654468809,rio de janeiro,6747815,S11,S11 rainfall space-time,26.779038844425934,38.591403953547776,Rio De Janeiro
rio de janeiro,2023,20,2023-05-15,1731,2858.61121907837,rio de janeiro,6747815,S11,S11 rainfall space-time,25.65274833409037,42.363509062983645,Rio De Janeiro
rio de janeiro,2023,21,2023-05-22,1479,1758.04566899892,rio de janeiro,6747815,S11,S11 rainfall space-time,21.918206115609276,26.053554654342484,Rio De Janeiro
rio de janeiro,2023,22,2023-05-29,1328,1903.30388331666,rio de janeiro,6747815,S11,S11 rainfall space-time,19.68044470691624,28.206225027163015,Rio De Janeiro
rio de janeiro,2023,23,2023-06-05,1238,1692.47931437404,rio de janeiro,6747815,S11,S11 rainfall space-time,18.346679628887276,25.081886719983288,Rio De Janeiro
rio de janeiro,2023,24,2023-06-12,1348,1512.36849596185,rio de janeiro,6747815,S11,S11 rainfall space-time,19.97683694647823,22.412714278056672,Rio De Janeiro
rio de janeiro,2023,25,2023-06-19,1236,1328.14287266228,rio de janeiro,6747815,S11,S11 rainfall space-time,18.317040404931078,19.682562024333507,Rio De Janeiro
rio de janeiro,2023,26,2023-06-26,996,1027.2227301398,rio de janeiro,6747815,S11,S11 rainfall space-time,14.76033353018718,15.22304227575593,Rio De Janeiro
rio de janeiro,2023,27,2023-07-03,835,1242.76294498986,rio de janeiro,6747815,S11,S11 rainfall space-time,12.374376001713147,18.417264625510036,Rio De Janeiro
rio de janeiro,2023,28,2023-07-10,770,1306.3037872968,rio de janeiro,6747815,S11,S11 rainfall space-time,11.411101223136676,19.3589152532605,Rio De Janeiro
rio de janeiro,2023,29,2023-07-17,647,1233.15308867757,rio de janeiro,6747815,S11,S11 rainfall space-time,9.588288949830426,18.274850283796606,Rio De Janeiro
rio de janeiro,2023,30,2023-07-24,557,842.935978706958,rio de janeiro,6747815,S11,S11 rainfall space-time,8.254523871801466,12.491984126816726,Rio De Janeiro
rio de janeiro,2023,31,2023-07-31,603,644.511197552745,rio de janeiro,6747815,S11,S11 rainfall space-time,8.936226022794045,9.551405863271963,Rio De Janeiro
rio de janeiro,2023,32,2023-08-07,536,630.944378005439,rio de janeiro,6747815,S11,S11 rainfall space-time,7.943312020261373,9.35035086180399,Rio De Janeiro
rio de janeiro,2023,33,2023-08-14,534,597.396074962168,rio de janeiro,6747815,S11,S11 rainfall space-time,7.913672796305175,8.853178028179018,Rio De Janeiro
rio de janeiro,2023,34,2023-08-21,505,571.765665472889,rio de janeiro,6747815,S11,S11 rainfall space-time,7.483904048940286,8.473345304708102,Rio De Janeiro
rio de janeiro,2023,35,2023-08-28,459,613.534197742879,rio de janeiro,6747815,S11,S11 rainfall space-time,6.802201897947706,9.092338745844085,Rio De Janeiro
rio de janeiro,2023,36,2023-09-04,446,576.269713362546,rio de janeiro,6747815,S11,S11 rainfall space-time,6.609546942232411,8.540093546763597,Rio De Janeiro
rio de janeiro,2023,37,2023-09-11,550,683.388724446515,rio de janeiro,6747815,S11,S11 rainfall space-time,8.150786587954768,10.127555726505765,Rio De Janeiro
rio de janeiro,2023,38,2023-09-18,519,618.511928910986,rio de janeiro,6747815,S11,S11 rainfall space-time,7.691378616633681,9.16610679028672,Rio De Janeiro
rio de janeiro,2023,39,2023-09-25,446,590.968438990676,rio de janeiro,6747815,S11,S11 rainfall space-time,6.609546942232411,8.75792295714503,Rio De Janeiro
rio de janeiro,2023,40,2023-10-02,472,642.785791169177,rio de janeiro,6747815,S11,S11 rainfall space-time,6.994856853663001,9.525836010162948,Rio De Janeiro
rio de janeiro,2023,41,2023-10-09,380,672.162123027663,rio de janeiro,6747815,S11,S11 rainfall space-time,5.631452551677839,9.961181849645598,Rio De Janeiro
rio de janeiro,2023,42,2023-10-16,464,840.275524106832,rio de janeiro,6747815,S11,S11 rainfall space-time,6.876299957838204,12.452557221957509,Rio De Janeiro
rio de janeiro,2023,43,2023-10-23,450,725.118294047433,rio de janeiro,6747815,S11,S11 rainfall space-time,6.668825390144809,10.74597175600447,Rio De Janeiro
rio de janeiro,2023,44,2023-10-30,481,784.268734265079,rio de janeiro,6747815,S11,S11 rainfall space-time,7.128233361465897,11.622558328363759,Rio De Janeiro
rio de janeiro,2023,45,2023-11-06,704,757.559531834861,rio de janeiro,6747815,S11,S11 rainfall space-time,10.433006832582102,11.226738312103414,Rio De Janeiro
rio de janeiro,2023,46,2023-11-13,571,829.951888482689,rio de janeiro,6747815,S11,S11 rainfall space-time,8.461998439494858,12.299564947804422,Rio De Janeiro
rio de janeiro,2023,47,2023-11-20,900,998.442211067485,rio de janeiro,6747815,S11,S11 rainfall space-time,13.337650780289618,14.796526150575927,Rio De Janeiro
rio de janeiro,2023,48,2023-11-27,983,891.913554761234,rio de janeiro,6747815,S11,S11 rainfall space-time,14.567678574471884,13.217812799568955,Rio De Janeiro
rio de janeiro,2023,49,2023-12-04,1149,1449.71964987513,rio de janeiro,6747815,S11,S11 rainfall space-time,17.027734162836413,21.484282688175803,Rio De Janeiro
rio de janeiro,2023,50,2023-12-11,1411,1151.74223368441,rio de janeiro,6747815,S11,S11 rainfall space-time,20.910472501098504,17.068373001992644,Rio De Janeiro
rio de janeiro,2023,51,2023-12-18,1098,1106.4352810993,rio de janeiro,6747815,S11,S11 rainfall space-time,16.271933951953336,16.39694154477116,Rio De Janeiro
rio de janeiro,2023,52,2023-12-25,1198,1170.63361638897,rio de janeiro,6747815,S11,S11 rainfall space-time,17.753895149763295,17.348335963404008,Rio De Janeiro
santa maria madalena,2017,13,2017-03-27,0,0.0383976163626735,santa maria madalena,10392,S11,S11 rainfall space-time,0.0,0.3694920743136403,Santa Maria Madalena
santa maria madalena,2017,14,2017-04-03,0,0.0376771114702681,santa maria madalena,10392,S11,S11 rainfall space-time,0.0,0.36255880937517415,Santa Maria Madalena
santa maria madalena,2017,15,2017-04-10,0,0.0309795217882017,santa maria madalena,10392,S11,S11 rainfall space-time,0.0,0.2981093320650664,Santa Maria Madalena
santa maria madalena,2017,16,2017-04-17,0,0.0297744382896495,santa maria madalena,10392,S11,S11 rainfall space-time,0.0,0.28651307053165415,Santa Maria Madalena
santa maria madalena,2017,17,2017-04-24,0,0.023084097853018,santa maria madalena,10392,S11,S11 rainfall space-time,0.0,0.22213335116453042,Santa Maria Madalena
santa maria madalena,2017,18,2017-05-01,0,0.0266275063688679,santa maria madalena,10392,S11,S11 rainfall space-time,0.0,0.2562308157127396,Santa Maria Madalena
santa maria madalena,2017,19,2017-05-08,0,0.0257768155670679,santa maria madalena,10392,S11,S11 rainfall space-time,0.0,0.24804479952913686,Santa Maria Madalena
santa maria madalena,2017,20,2017-05-15,0,0.0253286483055039,santa maria madalena,10392,S11,S11 rainfall space-time,0.0,0.24373218153872114,Santa Maria Madalena
santa maria madalena,2017,21,2017-05-22,0,0.023465363152474,santa maria madalena,10392,S11,S11 rainfall space-time,0.0,0.22580218583981912,Santa Maria Madalena
santa maria madalena,2017,22,2017-05-29,0,0.0195885184377607,santa maria madalena,10392,S11,S11 rainfall space-time,0.0,0.1884961358522007,Santa Maria Madalena
santa maria madalena,2017,23,2017-06-05,0,0.0187121510482703,santa maria madalena,10392,S11,S11 rainfall space-time,0.0,0.18006303934055332,Santa Maria Madalena
santa maria madalena,2017,24,2017-06-12,0,0.018075609079473,santa maria madalena,10392,S11,S11 rainfall space-time,0.0,0.17393773171163396,Santa Maria Madalena
santa maria madalena,2017,25,2017-06-19,0,0.0140664499311442,santa maria madalena,10392,S11,S11 rainfall space-time,0.0,0.13535844814418976,Santa Maria Madalena
santa maria madalena,2017,26,2017-06-26,0,0.0104746781317569,santa maria madalena,10392,S11,S11 rainfall space-time,0.0,0.10079559403153292,Santa Maria Madalena
santa maria madalena,2017,27,2017-07-03,0,0.0108299845017543,santa maria madalena,10392,S11,S11 rainfall space-time,0.0,0.10421463146414839,Santa Maria Madalena
santa maria madalena,2017,28,2017-07-10,0,0.0093631245886613,santa maria madalena,10392,S11,S11 rainfall space-time,0.0,0.09009935131506255,Santa Maria Madalena
santa maria madalena,2017,29,2017-07-17,0,0.0084870449520104,santa maria madalena,10392,S11,S11 rainfall space-time,0.0,0.08166902378762894,Santa Maria Madalena
santa maria madalena,2017,30,2017-07-24,0,0.0076671412314168,santa maria madalena,10392,S11,S11 rainfall space-time,0.0,0.07377926512140878,Santa Maria Madalena
santa maria madalena,2017,31,2017-07-31,0,0.0075780890055896,santa maria madalena,10392,S11,S11 rainfall space-time,0.0,0.07292233454185527,Santa Maria Madalena
santa maria madalena,2017,32,2017-08-07,0,0.0073999220278288,santa maria madalena,10392,S11,S11 rainfall space-time,0.0,0.0712078717073595,Santa Maria Madalena
santa maria madalena,2017,33,2017-08-14,0,0.0070541916566748,santa maria madalena,10392,S11,S11 rainfall space-time,0.0,0.06788098206961894,Santa Maria Madalena
santa maria madalena,2017,34,2017-08-21,0,0.007133975629158,santa maria madalena,10392,S11,S11 rainfall space-time,0.0,0.06864872622361433,Santa Maria Madalena
santa maria madalena,2017,35,2017-08-28,0,0.0076475120880844,santa maria madalena,10392,S11,S11 rainfall space-time,0.0,0.07359037806085836,Santa Maria Madalena
santa maria madalena,2017,36,2017-09-04,0,0.0070188487513003,santa maria madalena,10392,S11,S11 rainfall space-time,0.0,0.06754088482775501,Santa Maria Madalena
santa maria madalena,2017,37,2017-09-11,0,0.0082507584964389,santa maria madalena,10392,S11,S11 rainfall space-time,0.0,0.07939528961161375,Santa Maria Madalena
santa maria madalena,2017,38,2017-09-18,0,0.0081551717745905,santa maria madalena,10392,S11,S11 rainfall space-time,0.0,0.07847547897027041,Santa Maria Madalena
santa maria madalena,2017,39,2017-09-25,0,0.0079850734054731,santa maria madalena,10392,S11,S11 rainfall space-time,0.0,0.07683865863619227,Santa Maria Madalena
santa maria madalena,2017,40,2017-10-02,0,0.0086851164111845,santa maria madalena,10392,S11,S11 rainfall space-time,0.0,0.08357502320231427,Santa Maria Madalena
santa maria madalena,2017,41,2017-10-09,0,0.007922485153969,santa maria madalena,10392,S11,S11 rainfall space-time,0.0,0.0762363852383468,Santa Maria Madalena
santa maria madalena,2017,42,2017-10-16,0,0.00919672900537,santa maria madalena,10392,S11,S11 rainfall space-time,0.0,0.08849816209940338,Santa Maria Madalena
santa maria madalena,2017,43,2017-10-23,0,0.0091749047717389,santa maria madalena,10392,S11,S11 rainfall space-time,0.0,0.08828815215299173,Santa Maria Madalena
santa maria madalena,2017,44,2017-10-30,0,0.0108274581627886,santa maria madalena,10392,S11,S11 rainfall space-time,0.0,0.10419032104300038,Santa Maria Madalena
santa maria madalena,2017,45,2017-11-06,0,0.0117012181974289,santa maria madalena,10392,S11,S11 rainfall space-time,0.0,0.11259832753492013,Santa Maria Madalena
santa maria madalena,2017,46,2017-11-13,0,0.0117711747978554,santa maria madalena,10392,S11,S11 rainfall space-time,0.0,0.11327150498321209,Santa Maria Madalena
santa maria madalena,2017,47,2017-11-20,0,0.0139923314611281,santa maria madalena,10392,S11,S11 rainfall space-time,0.0,0.13464522191231812,Santa Maria Madalena
santa maria madalena,2017,48,2017-11-27,0,0.0139009585631455,santa maria madalena,10392,S11,S11 rainfall space-time,0.0,0.13376595999947558,Santa Maria Madalena
santa maria madalena,2018,9,2018-02-26,0,0.0370311787184486,santa maria madalena,10392,S11,S11 rainfall space-time,0.0,0.3563431362437317,Santa Maria Madalena
santa maria madalena,2018,10,2018-03-05,0,0.0599008008064002,santa maria madalena,10392,S11,S11 rainfall space-time,0.0,0.576412632856045,Santa Maria Madalena
santa maria madalena,2018,11,2018-03-12,0,0.0549702718702799,santa maria madalena,10392,S11,S11 rainfall space-time,0.0,0.5289672042944563,Santa Maria Madalena
santa maria madalena,2018,12,2018-03-19,0,0.0621837290674001,santa maria madalena,10392,S11,S11 rainfall space-time,0.0,0.5983807646978454,Santa Maria Madalena
santa maria madalena,2018,13,2018-03-26,0,0.0545501709775784,santa maria madalena,10392,S11,S11 rainfall space-time,0.0,0.5249246629867051,Santa Maria Madalena
santa maria madalena,2018,14,2018-04-02,0,0.053411987141263,santa maria madalena,10392,S11,S11 rainfall space-time,0.0,0.5139721626372499,Santa Maria Madalena
santa maria madalena,2018,15,2018-04-09,0,0.0555867894023799,santa maria madalena,10392,S11,S11 rainfall space-time,0.0,0.5348998210390675,Santa Maria Madalena
santa maria madalena,2018,16,2018-04-16,0,0.0414443429027946,santa maria madalena,10392,S11,S11 rainfall space-time,0.0,0.3988100741223499,Santa Maria Madalena
santa maria madalena,2018,17,2018-04-23,0,0.0402152496356745,santa maria madalena,10392,S11,S11 rainfall space-time,0.0,0.3869827717058747,Santa Maria Madalena
santa maria madalena,2018,18,2018-04-30,0,0.0478543262651716,santa maria madalena,10392,S11,S11 rainfall space-time,0.0,0.46049197714753276,Santa Maria Madalena
santa maria madalena,2018,19,2018-05-07,0,0.0459915493649205,santa maria madalena,10392,S11,S11 rainfall space-time,0.0,0.44256687225674074,Santa Maria Madalena
santa maria madalena,2018,20,2018-05-14,0,0.0434156415075519,santa maria madalena,10392,S11,S11 rainfall space-time,0.0,0.4177794602343332,Santa Maria Madalena
santa maria madalena,2018,21,2018-05-21,0,0.030451437601028,santa maria madalena,10392,S11,S11 rainfall space-time,0.0,0.29302769054107003,Santa Maria Madalena
santa maria madalena,2018,22,2018-05-28,0,0.0278385928520931,santa maria madalena,10392,S11,S11 rainfall space-time,0.0,0.26788484268757795,Santa Maria Madalena
santa maria madalena,2018,23,2018-06-04,0,0.0250105408896368,santa maria madalena,10392,S11,S11 rainfall space-time,0.0,0.24067110170936104,Santa Maria Madalena
santa maria madalena,2018,24,2018-06-11,0,0.023085679156476,santa maria madalena,10392,S11,S11 rainfall space-time,0.0,0.22214856771050806,Santa Maria Madalena
santa maria madalena,2018,25,2018-06-18,0,0.0230022381368579,santa maria madalena,10392,S11,S11 rainfall space-time,0.0,0.2213456325717658,Santa Maria Madalena
santa maria madalena,2018,26,2018-06-25,0,0.0170670394545641,santa maria madalena,10392,S11,S11 rainfall space-time,0.0,0.16423248127948517,Santa Maria Madalena
santa maria madalena,2018,27,2018-07-02,0,0.0192300075974287,santa maria madalena,10392,S11,S11 rainfall space-time,0.0,0.1850462624848797,Santa Maria Madalena
santa maria madalena,2018,28,2018-07-09,0,0.0179672902851523,santa maria madalena,10392,S11,S11 rainfall space-time,0.0,0.17289540305188897,Santa Maria Madalena
santa maria madalena,2018,29,2018-07-16,0,0.0170786097013357,santa maria madalena,10392,S11,S11 rainfall space-time,0.0,0.16434381929691783,Santa Maria Madalena
santa maria madalena,2018,30,2018-07-23,0,0.0166296609499037,santa maria madalena,10392,S11,S11 rainfall space-time,0.0,0.160023681196148,Santa Maria Madalena
santa maria madalena,2018,31,2018-07-30,0,0.0135809424349284,santa maria madalena,10392,S11,S11 rainfall space-time,0.0,0.13068651303818707,Santa Maria Madalena
santa maria madalena,2018,32,2018-08-06,0,0.0131117964196236,santa maria madalena,10392,S11,S11 rainfall space-time,0.0,0.1261720209740531,Santa Maria Madalena
santa maria madalena,2018,33,2018-08-13,0,0.0108461040832396,santa maria madalena,10392,S11,S11 rainfall space-time,0.0,0.10436974675942648,Santa Maria Madalena
santa maria madalena,2018,34,2018-08-20,0,0.009753947842705,santa maria madalena,10392,S11,S11 rainfall space-time,0.0,0.09386016014920132,Santa Maria Madalena
santa maria madalena,2018,35,2018-08-27,0,0.0104459225906702,santa maria madalena,10392,S11,S11 rainfall space-time,0.0,0.10051888559151463,Santa Maria Madalena
santa maria madalena,2018,36,2018-09-03,0,0.01001009544408,santa maria madalena,10392,S11,S11 rainfall space-time,0.0,0.0963250138960739,Santa Maria Madalena
santa maria madalena,2018,37,2018-09-10,0,0.0104442555160294,santa maria madalena,10392,S11,S11 rainfall space-time,0.0,0.1005028436877348,Santa Maria Madalena
santa maria madalena,2018,38,2018-09-17,0,0.0110518212763251,santa maria madalena,10392,S11,S11 rainfall space-time,0.0,0.10634931944115762,Santa Maria Madalena
santa maria madalena,2018,39,2018-09-24,0,0.0108950570963466,santa maria madalena,10392,S11,S11 rainfall space-time,0.0,0.1048408111657679,Santa Maria Madalena
santa maria madalena,2018,40,2018-10-01,0,0.0122751549265765,santa maria madalena,10392,S11,S11 rainfall space-time,0.0,0.11812119829269148,Santa Maria Madalena
santa maria madalena,2018,41,2018-10-08,0,0.0109915793905814,santa maria madalena,10392,S11,S11 rainfall space-time,0.0,0.1057696246206832,Santa Maria Madalena
santa maria madalena,2018,42,2018-10-15,0,0.0120345820021134,santa maria madalena,10392,S11,S11 rainfall space-time,0.0,0.11580621634058313,Santa Maria Madalena
santa maria madalena,2018,43,2018-10-22,0,0.0110063434416851,santa maria madalena,10392,S11,S11 rainfall space-time,0.0,0.10591169593615378,Santa Maria Madalena
santa maria madalena,2018,44,2018-10-29,0,0.0125246948332546,santa maria madalena,10392,S11,S11 rainfall space-time,0.0,0.12052246760252694,Santa Maria Madalena
santa maria madalena,2018,45,2018-11-05,0,0.014156654180709,santa maria madalena,10392,S11,S11 rainfall space-time,0.0,0.13622646440251154,Santa Maria Madalena
santa maria madalena,2018,46,2018-11-12,0,0.0140902514182851,santa maria madalena,10392,S11,S11 rainfall space-time,0.0,0.1355874847794948,Santa Maria Madalena
santa maria madalena,2018,47,2018-11-19,0,0.0209853598541078,santa maria madalena,10392,S11,S11 rainfall space-time,0.0,0.20193764293791183,Santa Maria Madalena
santa maria madalena,2018,48,2018-11-26,0,0.0222311150021871,santa maria madalena,10392,S11,S11 rainfall space-time,0.0,0.213925279081862,Santa Maria Madalena
santa maria madalena,2018,49,2018-12-03,0,0.0222785577039597,santa maria madalena,10392,S11,S11 rainfall space-time,0.0,0.21438181008429272,Santa Maria Madalena
santa maria madalena,2018,50,2018-12-10,0,0.0246177116220423,santa maria madalena,10392,S11,S11 rainfall space-time,0.0,0.2368909894345872,Santa Maria Madalena
santa maria madalena,2018,51,2018-12-17,0,0.0200174311114095,santa maria madalena,10392,S11,S11 rainfall space-time,0.0,0.19262347104897518,Santa Maria Madalena
santa maria madalena,2018,52,2018-12-24,0,0.0265582584744891,santa maria madalena,10392,S11,S11 rainfall space-time,0.0,0.25556445799161953,Santa Maria Madalena
santa maria madalena,2019,1,2018-12-31,0,0.0404207324122722,santa maria madalena,10392,S11,S11 rainfall space-time,0.0,0.38896008864773096,Santa Maria Madalena
santa maria madalena,2019,2,2019-01-07,0,0.0432218079795002,santa maria madalena,10392,S11,S11 rainfall space-time,0.0,0.4159142415271382,Santa Maria Madalena
santa maria madalena,2019,3,2019-01-14,0,0.0501431370802147,santa maria madalena,10392,S11,S11 rainfall space-time,0.0,0.4825167155524894,Santa Maria Madalena
santa maria madalena,2019,4,2019-01-21,0,0.0683936244289874,santa maria madalena,10392,S11,S11 rainfall space-time,0.0,0.6581372635583853,Santa Maria Madalena
santa maria madalena,2019,5,2019-01-28,0,0.0708596837062646,santa maria madalena,10392,S11,S11 rainfall space-time,0.0,0.6818676261187894,Santa Maria Madalena
santa maria madalena,2019,6,2019-02-04,0,0.0837997116029869,santa maria madalena,10392,S11,S11 rainfall space-time,0.0,0.8063867552250471,Santa Maria Madalena
santa maria madalena,2019,7,2019-02-11,0,0.0664745706408974,santa maria madalena,10392,S11,S11 rainfall space-time,0.0,0.6396706181764569,Santa Maria Madalena
santa maria madalena,2019,8,2019-02-18,0,0.0607011313467374,santa maria madalena,10392,S11,S11 rainfall space-time,0.0,0.5841140429824615,Santa Maria Madalena
santa maria madalena,2019,9,2019-02-25,0,0.0710840062148044,santa maria madalena,10392,S11,S11 rainfall space-time,0.0,0.6840262337837222,Santa Maria Madalena
santa maria madalena,2019,10,2019-03-04,0,0.100008984671334,santa maria madalena,10392,S11,S11 rainfall space-time,0.0,0.9623651334808891,Santa Maria Madalena
santa maria madalena,2019,11,2019-03-11,0,0.0977253325039378,santa maria madalena,10392,S11,S11 rainfall space-time,0.0,0.9403900356422037,Santa Maria Madalena
santa maria madalena,2019,12,2019-03-18,0,0.0951455860525966,santa maria madalena,10392,S11,S11 rainfall space-time,0.0,0.9155656856485431,Santa Maria Madalena
santa maria madalena,2019,13,2019-03-25,0,0.113919155583158,santa maria madalena,10392,S11,S11 rainfall space-time,0.0,1.096219741947248,Santa Maria Madalena
santa maria madalena,2019,14,2019-04-01,0,0.138709381405493,santa maria madalena,10392,S11,S11 rainfall space-time,0.0,1.3347707987441588,Santa Maria Madalena
santa maria madalena,2019,15,2019-04-08,0,0.113952135772059,santa maria madalena,10392,S11,S11 rainfall space-time,0.0,1.0965371032723152,Santa Maria Madalena
santa maria madalena,2019,16,2019-04-15,0,0.125739879407186,santa maria madalena,10392,S11,S11 rainfall space-time,0.0,1.2099680466434373,Santa Maria Madalena
santa maria madalena,2019,17,2019-04-22,0,0.0826637760811695,santa maria madalena,10392,S11,S11 rainfall space-time,0.0,0.7954558899265732,Santa Maria Madalena
santa maria madalena,2019,18,2019-04-29,0,0.0782805528338804,santa maria madalena,10392,S11,S11 rainfall space-time,0.0,0.7532770673006197,Santa Maria Madalena
santa maria madalena,2019,19,2019-05-06,0,0.0757513265963959,santa maria madalena,10392,S11,S11 rainfall space-time,0.0,0.7289388625519236,Santa Maria Madalena
santa maria madalena,2019,20,2019-05-13,0,0.0646470148879805,santa maria madalena,10392,S11,S11 rainfall space-time,0.0,0.6220844388758708,Santa Maria Madalena
santa maria madalena,2019,21,2019-05-20,0,0.0639571386408748,santa maria madalena,10392,S11,S11 rainfall space-time,0.0,0.6154459068598421,Santa Maria Madalena
santa maria madalena,2019,22,2019-05-27,0,0.048542829498626,santa maria madalena,10392,S11,S11 rainfall space-time,0.0,0.46711729694597764,Santa Maria Madalena
santa maria madalena,2019,23,2019-06-03,0,0.0377370081928412,santa maria madalena,10392,S11,S11 rainfall space-time,0.0,0.3631351827640608,Santa Maria Madalena
santa maria madalena,2019,24,2019-06-10,0,0.0342664685906437,santa maria madalena,10392,S11,S11 rainfall space-time,0.0,0.329738920233292,Santa Maria Madalena
santa maria madalena,2019,25,2019-06-17,0,0.0356835015721423,santa maria madalena,10392,S11,S11 rainfall space-time,0.0,0.3433747264447873,Santa Maria Madalena
santa maria madalena,2019,26,2019-06-24,0,0.028568011137804,santa maria madalena,10392,S11,S11 rainfall space-time,0.0,0.2749038793091224,Santa Maria Madalena
santa maria madalena,2019,27,2019-07-01,0,0.0335081680340816,santa maria madalena,10392,S11,S11 rainfall space-time,0.0,0.32244195567822936,Santa Maria Madalena
santa maria madalena,2019,28,2019-07-08,0,0.0229719331920946,santa maria madalena,10392,S11,S11 rainfall space-time,0.0,0.2210540145505639,Santa Maria Madalena
santa maria madalena,2019,29,2019-07-15,0,0.0188732289512018,santa maria madalena,10392,S11,S11 rainfall space-time,0.0,0.18161305765205735,Santa Maria Madalena
santa maria madalena,2019,30,2019-07-22,0,0.0145066905403168,santa maria madalena,10392,S11,S11 rainfall space-time,0.0,0.13959478964892993,Santa Maria Madalena
santa maria madalena,2019,31,2019-07-29,0,0.0112628579523847,santa maria madalena,10392,S11,S11 rainfall space-time,0.0,0.10838008037321689,Santa Maria Madalena
santa maria madalena,2019,32,2019-08-05,0,0.0132922565800046,santa maria madalena,10392,S11,S11 rainfall space-time,0.0,0.12790855061590264,Santa Maria Madalena
santa maria madalena,2019,33,2019-08-12,0,0.013174074276859,santa maria madalena,10392,S11,S11 rainfall space-time,0.0,0.12677130751403964,Santa Maria Madalena
santa maria madalena,2019,34,2019-08-19,0,0.0117328616106007,santa maria madalena,10392,S11,S11 rainfall space-time,0.0,0.11290282535220071,Santa Maria Madalena
santa maria madalena,2019,35,2019-08-26,0,0.0108803775745233,santa maria madalena,10392,S11,S11 rainfall space-time,0.0,0.10469955325753753,Santa Maria Madalena
santa maria madalena,2019,36,2019-09-02,0,0.0121092552019652,santa maria madalena,10392,S11,S11 rainfall space-time,0.0,0.1165247806193726,Santa Maria Madalena
santa maria madalena,2019,37,2019-09-09,0,0.0129635011602495,santa maria madalena,10392,S11,S11 rainfall space-time,0.0,0.12474500731571883,Santa Maria Madalena
santa maria madalena,2019,38,2019-09-16,0,0.0117733629123775,santa maria madalena,10392,S11,S11 rainfall space-time,0.0,0.11329256074266264,Santa Maria Madalena
santa maria madalena,2019,39,2019-09-23,0,0.0101761395347451,santa maria madalena,10392,S11,S11 rainfall space-time,0.0,0.09792282077314375,Santa Maria Madalena
santa maria madalena,2019,40,2019-09-30,0,0.011265839928803,santa maria madalena,10392,S11,S11 rainfall space-time,0.0,0.1084087752964107,Santa Maria Madalena
santa maria madalena,2019,41,2019-10-07,0,0.0100250908879743,santa maria madalena,10392,S11,S11 rainfall space-time,0.0,0.09646931185502598,Santa Maria Madalena
santa maria madalena,2019,42,2019-10-14,0,0.0131004551535366,santa maria madalena,10392,S11,S11 rainfall space-time,0.0,0.12606288638892033,Santa Maria Madalena
santa maria madalena,2019,43,2019-10-21,0,0.0125212350335769,santa maria madalena,10392,S11,S11 rainfall space-time,0.0,0.12048917468799943,Santa Maria Madalena
santa maria madalena,2019,44,2019-10-28,0,0.0141535467546064,santa maria madalena,10392,S11,S11 rainfall space-time,0.0,0.13619656230375674,Santa Maria Madalena
santa maria madalena,2019,45,2019-11-04,0,0.0146887738177838,santa maria madalena,10392,S11,S11 rainfall space-time,0.0,0.141346938200383,Santa Maria Madalena
santa maria madalena,2019,46,2019-11-11,0,0.0120814732119005,santa maria madalena,10392,S11,S11 rainfall space-time,0.0,0.11625744045323805,Santa Maria Madalena
santa maria madalena,2019,47,2019-11-18,0,0.0121461154982686,santa maria madalena,10392,S11,S11 rainfall space-time,0.0,0.11687947939057546,Santa Maria Madalena
santa maria madalena,2019,48,2019-11-25,0,0.016720199338673,santa maria madalena,10392,S11,S11 rainfall space-time,0.0,0.16089491280478252,Santa Maria Madalena
santa maria madalena,2019,49,2019-12-02,0,0.0181376664557523,santa maria madalena,10392,S11,S11 rainfall space-time,0.0,0.1745348966103955,Santa Maria Madalena
santa maria madalena,2019,50,2019-12-09,0,0.0225552158966227,santa maria madalena,10392,S11,S11 rainfall space-time,0.0,0.21704403287743165,Santa Maria Madalena
santa maria madalena,2019,51,2019-12-16,0,0.0196394521427342,santa maria madalena,10392,S11,S11 rainfall space-time,0.0,0.18898626003400887,Santa Maria Madalena
santa maria madalena,2019,52,2019-12-23,0,0.030043430577008,santa maria madalena,10392,S11,S11 rainfall space-time,0.0,0.28910152595273286,Santa Maria Madalena
santa maria madalena,2020,1,2019-12-30,0,0.021186064498122,santa maria madalena,10392,S11,S11 rainfall space-time,0.0,0.20386898092881062,Santa Maria Madalena
santa maria madalena,2020,2,2020-01-06,0,0.0247674565888954,santa maria madalena,10392,S11,S11 rainfall space-time,0.0,0.23833195331885487,Santa Maria Madalena
santa maria madalena,2020,3,2020-01-13,0,0.0295886426031916,santa maria madalena,10392,S11,S11 rainfall space-time,0.0,0.28472519826011927,Santa Maria Madalena
santa maria madalena,2020,4,2020-01-20,0,0.041559569843123,santa maria madalena,10392,S11,S11 rainfall space-time,0.0,0.3999188783980273,Santa Maria Madalena
santa maria madalena,2020,5,2020-01-27,0,0.0614491181866365,santa maria madalena,10392,S11,S11 rainfall space-time,0.0,0.5913117608413828,Santa Maria Madalena
santa maria madalena,2020,6,2020-02-03,0,0.0641401132625141,santa maria madalena,10392,S11,S11 rainfall space-time,0.0,0.6172066326261942,Santa Maria Madalena
santa maria madalena,2020,7,2020-02-10,0,0.0512223318648066,santa maria madalena,10392,S11,S11 rainfall space-time,0.0,0.49290157683609115,Santa Maria Madalena
santa maria madalena,2020,8,2020-02-17,0,0.0404160580202976,santa maria madalena,10392,S11,S11 rainfall space-time,0.0,0.3889151079705312,Santa Maria Madalena
santa maria madalena,2020,9,2020-02-24,0,0.0416328326054815,santa maria madalena,10392,S11,S11 rainfall space-time,0.0,0.4006238703375818,Santa Maria Madalena
santa maria madalena,2020,10,2020-03-02,0,0.0446823578123384,santa maria madalena,10392,S11,S11 rainfall space-time,0.0,0.4299688011194996,Santa Maria Madalena
santa maria madalena,2020,11,2020-03-09,0,0.0443967340354019,santa maria madalena,10392,S11,S11 rainfall space-time,0.0,0.42722030442072645,Santa Maria Madalena
santa maria madalena,2020,12,2020-03-16,0,0.0320027140625443,santa maria madalena,10392,S11,S11 rainfall space-time,0.0,0.3079552931345679,Santa Maria Madalena
santa maria madalena,2020,13,2020-03-23,0,0.023795156186755,santa maria madalena,10392,S11,S11 rainfall space-time,0.0,0.22897571388332372,Santa Maria Madalena
santa maria madalena,2020,14,2020-03-30,0,0.0250420170170013,santa maria madalena,10392,S11,S11 rainfall space-time,0.0,0.2409739897709902,Santa Maria Madalena
santa maria madalena,2020,15,2020-04-06,0,0.028140420229675,santa maria madalena,10392,S11,S11 rainfall space-time,0.0,0.2707892631800905,Santa Maria Madalena
santa maria madalena,2020,16,2020-04-13,0,0.0291021046086724,santa maria madalena,10392,S11,S11 rainfall space-time,0.0,0.2800433468886875,Santa Maria Madalena
santa maria madalena,2020,17,2020-04-20,0,0.0242696804612368,santa maria madalena,10392,S11,S11 rainfall space-time,0.0,0.23354195978865283,Santa Maria Madalena
santa maria madalena,2020,18,2020-04-27,0,0.0255098901431826,santa maria madalena,10392,S11,S11 rainfall space-time,0.0,0.2454762330945208,Santa Maria Madalena
santa maria madalena,2020,19,2020-05-04,0,0.0236416746533105,santa maria madalena,10392,S11,S11 rainfall space-time,0.0,0.227498793815536,Santa Maria Madalena
santa maria madalena,2020,20,2020-05-11,0,0.0215415935205771,santa maria madalena,10392,S11,S11 rainfall space-time,0.0,0.20729016089854793,Santa Maria Madalena
santa maria madalena,2020,21,2020-05-18,0,0.0170614738016512,santa maria madalena,10392,S11,S11 rainfall space-time,0.0,0.1641789241883295,Santa Maria Madalena
santa maria madalena,2020,22,2020-05-25,0,0.0152629983580812,santa maria madalena,10392,S11,S11 rainfall space-time,0.0,0.14687257850347574,Santa Maria Madalena
santa maria madalena,2020,23,2020-06-01,0,0.0135289425497668,santa maria madalena,10392,S11,S11 rainfall space-time,0.0,0.13018612923178213,Santa Maria Madalena
santa maria madalena,2020,24,2020-06-08,0,0.0129640252334228,santa maria madalena,10392,S11,S11 rainfall space-time,0.0,0.12475005036011164,Santa Maria Madalena
santa maria madalena,2020,25,2020-06-15,0,0.0177430354076216,santa maria madalena,10392,S11,S11 rainfall space-time,0.0,0.1707374461857352,Santa Maria Madalena
santa maria madalena,2020,26,2020-06-22,0,0.0093838426707048,santa maria madalena,10392,S11,S11 rainfall space-time,0.0,0.09029871700062357,Santa Maria Madalena
santa maria madalena,2020,27,2020-06-29,0,0.011263093620786,santa maria madalena,10392,S11,S11 rainfall space-time,0.0,0.10838234815998847,Santa Maria Madalena
santa maria madalena,2020,28,2020-07-06,0,0.0090850532377542,santa maria madalena,10392,S11,S11 rainfall space-time,0.0,0.08742353000148383,Santa Maria Madalena
santa maria madalena,2020,29,2020-07-13,0,0.008876996031686,santa maria madalena,10392,S11,S11 rainfall space-time,0.0,0.08542143987380676,Santa Maria Madalena
santa maria madalena,2020,30,2020-07-20,0,0.0089211187280504,santa maria madalena,10392,S11,S11 rainfall space-time,0.0,0.0858460231721555,Santa Maria Madalena
santa maria madalena,2020,31,2020-07-27,0,0.0055001482587062,santa maria madalena,10392,S11,S11 rainfall space-time,0.0,0.052926753836664744,Santa Maria Madalena
santa maria madalena,2020,32,2020-08-03,0,0.006401985932201,santa maria madalena,10392,S11,S11 rainfall space-time,0.0,0.061604945459978834,Santa Maria Madalena
santa maria madalena,2020,33,2020-08-10,0,0.0061910039392496,santa maria madalena,10392,S11,S11 rainfall space-time,0.0,0.05957471073180908,Santa Maria Madalena
santa maria madalena,2020,34,2020-08-17,0,0.0057309245959584,santa maria madalena,10392,S11,S11 rainfall space-time,0.0,0.05514746531907621,Santa Maria Madalena
santa maria madalena,2020,35,2020-08-24,0,0.0054852270294155,santa maria madalena,10392,S11,S11 rainfall space-time,0.0,0.052783170029017515,Santa Maria Madalena
santa maria madalena,2020,36,2020-08-31,0,0.007153004252535,santa maria madalena,10392,S11,S11 rainfall space-time,0.0,0.06883183460868937,Santa Maria Madalena
santa maria madalena,2020,37,2020-09-07,0,0.0071130320377605,santa maria madalena,10392,S11,S11 rainfall space-time,0.0,0.0684471905096276,Santa Maria Madalena
santa maria madalena,2020,38,2020-09-14,0,0.007335901697718,santa maria madalena,10392,S11,S11 rainfall space-time,0.0,0.07059181772245958,Santa Maria Madalena
santa maria madalena,2020,39,2020-09-21,0,0.0062213252820473,santa maria madalena,10392,S11,S11 rainfall space-time,0.0,0.05986648654779927,Santa Maria Madalena
santa maria madalena,2020,40,2020-09-28,0,0.0060197005614408,santa maria madalena,10392,S11,S11 rainfall space-time,0.0,0.05792629485605081,Santa Maria Madalena
santa maria madalena,2020,41,2020-10-05,0,0.0048431527600842,santa maria madalena,10392,S11,S11 rainfall space-time,0.0,0.046604626251772516,Santa Maria Madalena
santa maria madalena,2020,42,2020-10-12,0,0.0055296925097867,santa maria madalena,10392,S11,S11 rainfall space-time,0.0,0.053211051864768086,Santa Maria Madalena
santa maria madalena,2020,43,2020-10-19,0,0.0056820266137867,santa maria madalena,10392,S11,S11 rainfall space-time,0.0,0.054676930463690335,Santa Maria Madalena
santa maria madalena,2020,44,2020-10-26,0,0.0063353317179614,santa maria madalena,10392,S11,S11 rainfall space-time,0.0,0.06096354616975943,Santa Maria Madalena
santa maria madalena,2020,45,2020-11-02,0,0.0069415544011295,santa maria madalena,10392,S11,S11 rainfall space-time,0.0,0.06679709777838241,Santa Maria Madalena
santa maria madalena,2020,46,2020-11-09,0,0.0060646394856488,santa maria madalena,10392,S11,S11 rainfall space-time,0.0,0.05835873254088529,Santa Maria Madalena
santa maria madalena,2020,47,2020-11-16,0,0.0067773133549318,santa maria madalena,10392,S11,S11 rainfall space-time,0.0,0.06521664121373942,Santa Maria Madalena
santa maria madalena,2020,48,2020-11-23,0,0.007899363429237,santa maria madalena,10392,S11,S11 rainfall space-time,0.0,0.07601388981174942,Santa Maria Madalena
santa maria madalena,2020,49,2020-11-30,0,0.0088019152600428,santa maria madalena,10392,S11,S11 rainfall space-time,0.0,0.08469895361857968,Santa Maria Madalena
santa maria madalena,2020,50,2020-12-07,0,0.0090253981585006,santa maria madalena,10392,S11,S11 rainfall space-time,0.0,0.08684948189473249,Santa Maria Madalena
santa maria madalena,2020,51,2020-12-14,0,0.00938947647229,santa maria madalena,10392,S11,S11 rainfall space-time,0.0,0.09035292987192071,Santa Maria Madalena
santa maria madalena,2020,52,2020-12-21,0,0.0129165433259767,santa maria madalena,10392,S11,S11 rainfall space-time,0.0,0.12429314208984506,Santa Maria Madalena
santa maria madalena,2021,1,2021-01-04,0,0.0107736439454844,santa maria madalena,10392,S11,S11 rainfall space-time,0.0,0.10367247830527714,Santa Maria Madalena
santa maria madalena,2021,2,2021-01-11,0,0.0148348977556042,santa maria madalena,10392,S11,S11 rainfall space-time,0.0,0.1427530576944207,Santa Maria Madalena
santa maria madalena,2021,3,2021-01-18,0,0.0137969303657331,santa maria madalena,10392,S11,S11 rainfall space-time,0.0,0.13276491883884817,Santa Maria Madalena
santa maria madalena,2021,5,2021-02-01,0,0.0199982443779839,santa maria madalena,10392,S11,S11 rainfall space-time,0.0,0.192438841204618,Santa Maria Madalena
santa maria madalena,2021,6,2021-02-08,0,0.0199514196542472,santa maria madalena,10392,S11,S11 rainfall space-time,0.0,0.1919882568730485,Santa Maria Madalena
santa maria madalena,2021,7,2021-02-15,0,0.0178074969265097,santa maria madalena,10392,S11,S11 rainfall space-time,0.0,0.17135774563615955,Santa Maria Madalena
santa maria madalena,2021,13,2021-03-29,0,0.040761712203678,santa maria madalena,10392,S11,S11 rainfall space-time,0.0,0.3922412644695727,Santa Maria Madalena
santa maria madalena,2021,14,2021-04-05,0,0.0406206316419917,santa maria madalena,10392,S11,S11 rainfall space-time,0.0,0.3908836763086191,Santa Maria Madalena
santa maria madalena,2021,15,2021-04-12,0,0.0254206642838329,santa maria madalena,10392,S11,S11 rainfall space-time,0.0,0.24461763167660605,Santa Maria Madalena
santa maria madalena,2021,16,2021-04-19,0,0.0261533207086673,santa maria madalena,10392,S11,S11 rainfall space-time,0.0,0.25166782822043204,Santa Maria Madalena
santa maria madalena,2021,17,2021-04-26,0,0.0190762074157613,santa maria madalena,10392,S11,S11 rainfall space-time,0.0,0.1835662761331919,Santa Maria Madalena
santa maria madalena,2021,18,2021-05-03,0,0.0185319127667027,santa maria madalena,10392,S11,S11 rainfall space-time,0.0,0.1783286447912115,Santa Maria Madalena
santa maria madalena,2021,19,2021-05-10,0,0.0183111377456989,santa maria madalena,10392,S11,S11 rainfall space-time,0.0,0.17620417384236817,Santa Maria Madalena
santa maria madalena,2021,20,2021-05-17,0,0.0151635000198806,santa maria madalena,10392,S11,S11 rainfall space-time,0.0,0.14591512721209202,Santa Maria Madalena
santa maria madalena,2021,21,2021-05-24,0,0.0182891727931948,santa maria madalena,10392,S11,S11 rainfall space-time,0.0,0.17599280978824866,Santa Maria Madalena
santa maria madalena,2021,22,2021-05-31,0,0.0155777366039875,santa maria madalena,10392,S11,S11 rainfall space-time,0.0,0.14990123752874807,Santa Maria Madalena
santa maria madalena,2021,23,2021-06-07,0,0.0157445490561243,santa maria madalena,10392,S11,S11 rainfall space-time,0.0,0.15150643818441398,Santa Maria Madalena
santa maria madalena,2021,24,2021-06-14,0,0.0150934952985679,santa maria madalena,10392,S11,S11 rainfall space-time,0.0,0.14524148670677348,Santa Maria Madalena
santa maria madalena,2021,25,2021-06-21,0,0.0094956694733791,santa maria madalena,10392,S11,S11 rainfall space-time,0.0,0.0913748024767042,Santa Maria Madalena
santa maria madalena,2021,26,2021-06-28,0,0.0072058119738142,santa maria madalena,10392,S11,S11 rainfall space-time,0.0,0.06933999204979022,Santa Maria Madalena
santa maria madalena,2021,27,2021-07-05,0,0.0075402859662547,santa maria madalena,10392,S11,S11 rainfall space-time,0.0,0.07255856395549173,Santa Maria Madalena
santa maria madalena,2021,28,2021-07-12,0,0.0071771924657905,santa maria madalena,10392,S11,S11 rainfall space-time,0.0,0.06906459262692936,Santa Maria Madalena
santa maria madalena,2021,29,2021-07-19,0,0.0067243581999416,santa maria madalena,10392,S11,S11 rainfall space-time,0.0,0.06470706504947653,Santa Maria Madalena
santa maria madalena,2021,30,2021-07-26,0,0.0079561050176249,santa maria madalena,10392,S11,S11 rainfall space-time,0.0,0.0765599020171757,Santa Maria Madalena
santa maria madalena,2021,31,2021-08-02,0,0.0069816744757328,santa maria madalena,10392,S11,S11 rainfall space-time,0.0,0.06718316470104696,Santa Maria Madalena
santa maria madalena,2021,32,2021-08-09,0,0.0070262517505742,santa maria madalena,10392,S11,S11 rainfall space-time,0.0,0.0676121223111451,Santa Maria Madalena
santa maria madalena,2021,33,2021-08-16,0,0.0080728836074334,santa maria madalena,10392,S11,S11 rainfall space-time,0.0,0.07768363748492495,Santa Maria Madalena
santa maria madalena,2021,34,2021-08-23,0,0.0079026554495035,santa maria madalena,10392,S11,S11 rainfall space-time,0.0,0.07604556822078042,Santa Maria Madalena
santa maria madalena,2021,35,2021-08-30,0,0.0065192724980172,santa maria madalena,10392,S11,S11 rainfall space-time,0.0,0.06273356907252886,Santa Maria Madalena
santa maria madalena,2021,36,2021-09-06,0,0.0072153198253457,santa maria madalena,10392,S11,S11 rainfall space-time,0.0,0.06943148407761451,Santa Maria Madalena
santa maria madalena,2021,37,2021-09-13,0,0.0077250472289661,santa maria madalena,10392,S11,S11 rainfall space-time,0.0,0.0743364821878955,Santa Maria Madalena
santa maria madalena,2021,38,2021-09-20,0,0.006802562232449,santa maria madalena,10392,S11,S11 rainfall space-time,0.0,0.06545960577799269,Santa Maria Madalena
santa maria madalena,2021,39,2021-09-27,0,0.0070620181288115,santa maria madalena,10392,S11,S11 rainfall space-time,0.0,0.06795629454206602,Santa Maria Madalena
santa maria madalena,2021,40,2021-10-04,0,0.0059509104192196,santa maria madalena,10392,S11,S11 rainfall space-time,0.0,0.0572643419863318,Santa Maria Madalena
santa maria madalena,2021,41,2021-10-11,0,0.0051900197683587,santa maria madalena,10392,S11,S11 rainfall space-time,0.0,0.04994245350614607,Santa Maria Madalena
santa maria madalena,2021,42,2021-10-18,0,0.005474868704082,santa maria madalena,10392,S11,S11 rainfall space-time,0.0,0.05268349407315242,Santa Maria Madalena
santa maria madalena,2021,43,2021-10-25,0,0.0052224621359677,santa maria madalena,10392,S11,S11 rainfall space-time,0.0,0.050254639491606044,Santa Maria Madalena
santa maria madalena,2021,44,2021-11-01,0,0.0049149029508228,santa maria madalena,10392,S11,S11 rainfall space-time,0.0,0.047295063037170904,Santa Maria Madalena
santa maria madalena,2021,45,2021-11-08,0,0.0054632992091521,santa maria madalena,10392,S11,S11 rainfall space-time,0.0,0.05257216329053213,Santa Maria Madalena
santa maria madalena,2021,46,2021-11-15,0,0.0061774388841136,santa maria madalena,10392,S11,S11 rainfall space-time,0.0,0.059444177098860664,Santa Maria Madalena
santa maria madalena,2021,47,2021-11-22,0,0.0085863477775273,santa maria madalena,10392,S11,S11 rainfall space-time,0.0,0.08262459370214878,Santa Maria Madalena
santa maria madalena,2021,48,2021-11-29,0,0.0081620112462344,santa maria madalena,10392,S11,S11 rainfall space-time,0.0,0.07854129374744419,Santa Maria Madalena
santa maria madalena,2021,49,2021-12-06,0,0.0083710661089064,santa maria madalena,10392,S11,S11 rainfall space-time,0.0,0.08055298411187836,Santa Maria Madalena
santa maria madalena,2021,50,2021-12-13,0,0.0106280000746232,santa maria madalena,10392,S11,S11 rainfall space-time,0.0,0.10227097839321786,Santa Maria Madalena
santa maria madalena,2021,51,2021-12-20,0,0.008165749033013,santa maria madalena,10392,S11,S11 rainfall space-time,0.0,0.07857726167256543,Santa Maria Madalena
santa maria madalena,2021,52,2021-12-27,0,0.0095941805053463,santa maria madalena,10392,S11,S11 rainfall space-time,0.0,0.09232275313073807,Santa Maria Madalena
santa maria madalena,2022,1,2022-01-03,0,0.0205201179546679,santa maria madalena,10392,S11,S11 rainfall space-time,0.0,0.19746071934822848,Santa Maria Madalena
santa maria madalena,2022,2,2022-01-10,0,0.0239288624915299,santa maria madalena,10392,S11,S11 rainfall space-time,0.0,0.2302623411425125,Santa Maria Madalena
santa maria madalena,2022,3,2022-01-17,0,0.0247332510143658,santa maria madalena,10392,S11,S11 rainfall space-time,0.0,0.23800280036918592,Santa Maria Madalena
santa maria madalena,2022,4,2022-01-24,0,0.0305896474401474,santa maria madalena,10392,S11,S11 rainfall space-time,0.0,0.294357654350918,Santa Maria Madalena
santa maria madalena,2022,5,2022-01-31,1,0.0254316139268426,santa maria madalena,10392,S11,S11 rainfall space-time,9.622786759045418,0.24472299775637607,Santa Maria Madalena
santa maria madalena,2022,6,2022-02-07,0,0.0307160358231655,santa maria madalena,10392,S11,S11 rainfall space-time,0.0,0.29557386280952175,Santa Maria Madalena
santa maria madalena,2022,7,2022-02-14,1,0.0300636315812502,santa maria madalena,10392,S11,S11 rainfall space-time,9.622786759045418,0.28929591590887416,Santa Maria Madalena
santa maria madalena,2022,8,2022-02-21,0,0.0275678575927652,santa maria madalena,10392,S11,S11 rainfall space-time,0.0,0.2652796150189107,Santa Maria Madalena
santa maria madalena,2022,9,2022-02-28,1,0.0784683111928628,santa maria madalena,10392,S11,S11 rainfall space-time,9.622786759045418,0.7550838259513356,Santa Maria Madalena
santa maria madalena,2022,10,2022-03-07,1,0.0623185396975614,santa maria madalena,10392,S11,S11 rainfall space-time,9.622786759045418,0.5996780186447401,Santa Maria Madalena
santa maria madalena,2022,11,2022-03-14,0,0.102348276272323,santa maria madalena,10392,S11,S11 rainfall space-time,0.0,0.9848756377244322,Santa Maria Madalena
santa maria madalena,2022,12,2022-03-21,0,0.0447227926506648,santa maria madalena,10392,S11,S11 rainfall space-time,0.0,0.430357896946351,Santa Maria Madalena
santa maria madalena,2022,13,2022-03-28,0,0.145077305818854,santa maria madalena,10392,S11,S11 rainfall space-time,0.0,1.3960479774716514,Santa Maria Madalena
santa maria madalena,2022,14,2022-04-04,0,0.148235618828596,santa maria madalena,10392,S11,S11 rainfall space-time,0.0,1.4264397500827175,Santa Maria Madalena
santa maria madalena,2022,15,2022-04-11,0,0.0813851817318323,santa maria madalena,10392,S11,S11 rainfall space-time,0.0,0.7831522491515811,Santa Maria Madalena
santa maria madalena,2022,16,2022-04-18,0,0.0895706131787482,santa maria madalena,10392,S11,S11 rainfall space-time,0.0,0.8619189104960374,Santa Maria Madalena
santa maria madalena,2022,17,2022-04-25,0,0.04216288980915,santa maria madalena,10392,S11,S11 rainfall space-time,0.0,0.40572449777857966,Santa Maria Madalena
santa maria madalena,2022,18,2022-05-02,0,0.0595196669026413,santa maria madalena,10392,S11,S11 rainfall space-time,0.0,0.5727450625735306,Santa Maria Madalena
santa maria madalena,2022,19,2022-05-09,0,0.0596674643339871,santa maria madalena,10392,S11,S11 rainfall space-time,0.0,0.5741672857389059,Santa Maria Madalena
santa maria madalena,2022,20,2022-05-16,0,0.0434161697532219,santa maria madalena,10392,S11,S11 rainfall space-time,0.0,0.41778454342977195,Santa Maria Madalena
santa maria madalena,2022,21,2022-05-23,0,0.068552885447859,santa maria madalena,10392,S11,S11 rainfall space-time,0.0,0.659669798382015,Santa Maria Madalena
santa maria madalena,2022,22,2022-05-30,0,0.0473972702826032,santa maria madalena,10392,S11,S11 rainfall space-time,0.0,0.456093824890331,Santa Maria Madalena
santa maria madalena,2022,23,2022-06-06,0,0.035201771487111,santa maria madalena,10392,S11,S11 rainfall space-time,0.0,0.33873914056111426,Santa Maria Madalena
santa maria madalena,2022,24,2022-06-13,0,0.0289101161952353,santa maria madalena,10392,S11,S11 rainfall space-time,0.0,0.2781958833259748,Santa Maria Madalena
santa maria madalena,2022,25,2022-06-20,0,0.026057478522731,santa maria madalena,10392,S11,S11 rainfall space-time,0.0,0.25074555930264625,Santa Maria Madalena
santa maria madalena,2022,26,2022-06-27,0,0.0204122014045823,santa maria madalena,10392,S11,S11 rainfall space-time,0.0,0.19642226139898286,Santa Maria Madalena
santa maria madalena,2022,27,2022-07-04,0,0.0215580807375685,santa maria madalena,10392,S11,S11 rainfall space-time,0.0,0.20744881387190625,Santa Maria Madalena
santa maria madalena,2022,28,2022-07-11,0,0.0185672596568598,santa maria madalena,10392,S11,S11 rainfall space-time,0.0,0.1786687803777887,Santa Maria Madalena
santa maria madalena,2022,29,2022-07-18,0,0.0162695437756011,santa maria madalena,10392,S11,S11 rainfall space-time,0.0,0.15655835041956412,Santa Maria Madalena
santa maria madalena,2022,30,2022-07-25,0,0.0151115286655512,santa maria madalena,10392,S11,S11 rainfall space-time,0.0,0.14541501795180137,Santa Maria Madalena
santa maria madalena,2022,31,2022-08-01,0,0.0140527752646798,santa maria madalena,10392,S11,S11 rainfall space-time,0.0,0.13522685974480178,Santa Maria Madalena
santa maria madalena,2022,32,2022-08-08,0,0.0149905300832834,santa maria madalena,10392,S11,S11 rainfall space-time,0.0,0.14425067439649153,Santa Maria Madalena
santa maria madalena,2022,33,2022-08-15,0,0.0143948701985529,santa maria madalena,10392,S11,S11 rainfall space-time,0.0,0.13851876634481236,Santa Maria Madalena
santa maria madalena,2022,34,2022-08-22,0,0.0122909421358371,santa maria madalena,10392,S11,S11 rainfall space-time,0.0,0.11827311524092667,Santa Maria Madalena
santa maria madalena,2022,35,2022-08-29,0,0.0109819485130461,santa maria madalena,10392,S11,S11 rainfall space-time,0.0,0.10567694873985854,Santa Maria Madalena
santa maria madalena,2022,36,2022-09-05,0,0.01159190871856,santa maria madalena,10392,S11,S11 rainfall space-time,0.0,0.11154646572902231,Santa Maria Madalena
santa maria madalena,2022,37,2022-09-12,0,0.0135033970827303,santa maria madalena,10392,S11,S11 rainfall space-time,0.0,0.1299403106498297,Santa Maria Madalena
santa maria madalena,2022,38,2022-09-19,0,0.0136020203613865,santa maria madalena,10392,S11,S11 rainfall space-time,0.0,0.1308893414298162,Santa Maria Madalena
santa maria madalena,2022,39,2022-09-26,0,0.0148666155182301,santa maria madalena,10392,S11,S11 rainfall space-time,0.0,0.14305827096064377,Santa Maria Madalena
santa maria madalena,2022,40,2022-10-03,0,0.0172075077809303,santa maria madalena,10392,S11,S11 rainfall space-time,0.0,0.16558417803050712,Santa Maria Madalena
santa maria madalena,2022,41,2022-10-10,0,0.017075688497257,santa maria madalena,10392,S11,S11 rainfall space-time,0.0,0.16431570917298885,Santa Maria Madalena
santa maria madalena,2022,42,2022-10-17,0,0.019650614005909,santa maria madalena,10392,S11,S11 rainfall space-time,0.0,0.1890936682631736,Santa Maria Madalena
santa maria madalena,2022,43,2022-10-24,0,0.0205988294214794,santa maria madalena,10392,S11,S11 rainfall space-time,0.0,0.1982181430088472,Santa Maria Madalena
santa maria madalena,2022,44,2022-10-31,0,0.0183408823978921,santa maria madalena,10392,S11,S11 rainfall space-time,0.0,0.17649040028764532,Santa Maria Madalena
santa maria madalena,2022,45,2022-11-07,0,0.0178484195124643,santa maria madalena,10392,S11,S11 rainfall space-time,0.0,0.17175153495442938,Santa Maria Madalena
santa maria madalena,2022,46,2022-11-14,0,0.0154091157951535,santa maria madalena,10392,S11,S11 rainfall space-time,0.0,0.14827863544220074,Santa Maria Madalena
santa maria madalena,2022,47,2022-11-21,0,0.0186207537571565,santa maria madalena,10392,S11,S11 rainfall space-time,0.0,0.1791835426978108,Santa Maria Madalena
santa maria madalena,2022,48,2022-11-28,0,0.0194855191473375,santa maria madalena,10392,S11,S11 rainfall space-time,0.0,0.1875049956441253,Santa Maria Madalena
santa maria madalena,2022,49,2022-12-05,0,0.0155881476611876,santa maria madalena,10392,S11,S11 rainfall space-time,0.0,0.15000142091212085,Santa Maria Madalena
santa maria madalena,2022,50,2022-12-12,0,0.0207402238296485,santa maria madalena,10392,S11,S11 rainfall space-time,0.0,0.19957875124757987,Santa Maria Madalena
santa maria madalena,2022,51,2022-12-19,0,0.0165247344450292,santa maria madalena,10392,S11,S11 rainfall space-time,0.0,0.15901399581436873,Santa Maria Madalena
santa maria madalena,2022,52,2022-12-26,0,0.0207020652441066,santa maria madalena,10392,S11,S11 rainfall space-time,0.0,0.1992115593158834,Santa Maria Madalena
santa maria madalena,2023,1,2023-01-02,0,0.0358409371125153,santa maria madalena,10392,S11,S11 rainfall space-time,0.0,0.3448896950780918,Santa Maria Madalena
santa maria madalena,2023,2,2023-01-09,0,0.0490997973108702,santa maria madalena,10392,S11,S11 rainfall space-time,0.0,0.47247687943485567,Santa Maria Madalena
santa maria madalena,2023,3,2023-01-16,0,0.0591448403059937,santa maria madalena,10392,S11,S11 rainfall space-time,0.0,0.569138186162372,Santa Maria Madalena
santa maria madalena,2023,4,2023-01-23,0,0.0969371549133175,santa maria madalena,10392,S11,S11 rainfall space-time,0.0,0.9328055707594063,Santa Maria Madalena
santa maria madalena,2023,5,2023-01-30,0,0.105551742077852,santa maria madalena,10392,S11,S11 rainfall space-time,0.0,1.0157019060609316,Santa Maria Madalena
santa maria madalena,2023,6,2023-02-06,0,0.145456891860177,santa maria madalena,10392,S11,S11 rainfall space-time,0.0,1.3997006530040126,Santa Maria Madalena
santa maria madalena,2023,7,2023-02-13,0,0.0938601225896769,santa maria madalena,10392,S11,S11 rainfall space-time,0.0,0.9031959448583227,Santa Maria Madalena
santa maria madalena,2023,8,2023-02-20,0,0.0913633576594141,santa maria madalena,10392,S11,S11 rainfall space-time,0.0,0.8791701083469409,Santa Maria Madalena
santa maria madalena,2023,9,2023-02-27,0,0.127737124895023,santa maria madalena,10392,S11,S11 rainfall space-time,0.0,1.2291871140783586,Santa Maria Madalena
santa maria madalena,2023,10,2023-03-06,0,0.15743843396273,santa maria madalena,10392,S11,S11 rainfall space-time,0.0,1.5149964777014049,Santa Maria Madalena
santa maria madalena,2023,11,2023-03-13,0,0.133588284156585,santa maria madalena,10392,S11,S11 rainfall space-time,0.0,1.285491571945583,Santa Maria Madalena
santa maria madalena,2023,12,2023-03-20,0,0.1659318496567,santa maria madalena,10392,S11,S11 rainfall space-time,0.0,1.596726805780408,Santa Maria Madalena
santa maria madalena,2023,13,2023-03-27,0,0.180810361425295,santa maria madalena,10392,S11,S11 rainfall space-time,0.0,1.7398995518215454,Santa Maria Madalena
santa maria madalena,2023,14,2023-04-03,1,0.137199082905701,santa maria madalena,10392,S11,S11 rainfall space-time,9.622786759045418,1.3202375183381543,Santa Maria Madalena
santa maria madalena,2023,15,2023-04-10,0,0.119829589758857,santa maria madalena,10392,S11,S11 rainfall space-time,0.0,1.1530945896733737,Santa Maria Madalena
santa maria madalena,2023,16,2023-04-17,0,0.10378481681479,santa maria madalena,10392,S11,S11 rainfall space-time,0.0,0.9986991610353156,Santa Maria Madalena
santa maria madalena,2023,17,2023-04-24,0,0.0743940368532205,santa maria madalena,10392,S11,S11 rainfall space-time,0.0,0.7158779527831072,Santa Maria Madalena
santa maria madalena,2023,18,2023-05-01,0,0.134776243956154,santa maria madalena,10392,S11,S11 rainfall space-time,0.0,1.296923055775154,Santa Maria Madalena
santa maria madalena,2023,19,2023-05-08,0,0.0787844561287444,santa maria madalena,10392,S11,S11 rainfall space-time,0.0,0.7581260212542764,Santa Maria Madalena
santa maria madalena,2023,20,2023-05-15,0,0.0727429001166366,santa maria madalena,10392,S11,S11 rainfall space-time,0.0,0.6999894160569342,Santa Maria Madalena
santa maria madalena,2023,21,2023-05-22,1,0.0594078164026785,santa maria madalena,10392,S11,S11 rainfall space-time,9.622786759045418,0.571668749063496,Santa Maria Madalena
santa maria madalena,2023,22,2023-05-29,0,0.0538272694932615,santa maria madalena,10392,S11,S11 rainfall space-time,0.0,0.5179683361553262,Santa Maria Madalena
santa maria madalena,2023,23,2023-06-05,0,0.0462462340303648,santa maria madalena,10392,S11,S11 rainfall space-time,0.0,0.44501764848311004,Santa Maria Madalena
santa maria madalena,2023,24,2023-06-12,0,0.0513380259674529,santa maria madalena,10392,S11,S11 rainfall space-time,0.0,0.49401487651513565,Santa Maria Madalena
santa maria madalena,2023,25,2023-06-19,0,0.0731564232466151,santa maria madalena,10392,S11,S11 rainfall space-time,0.0,0.7039686609566503,Santa Maria Madalena
santa maria madalena,2023,26,2023-06-26,0,0.0327461551191688,santa maria madalena,10392,S11,S11 rainfall space-time,0.0,0.3151092678903849,Santa Maria Madalena
santa maria madalena,2023,27,2023-07-03,0,0.0322442341834231,santa maria madalena,10392,S11,S11 rainfall space-time,0.0,0.3102793897558035,Santa Maria Madalena
santa maria madalena,2023,28,2023-07-10,0,0.0289216146827725,santa maria madalena,10392,S11,S11 rainfall space-time,0.0,0.2783065308195968,Santa Maria Madalena
santa maria madalena,2023,29,2023-07-17,0,0.0262031323650149,santa maria madalena,10392,S11,S11 rainfall space-time,0.0,0.25214715516757985,Santa Maria Madalena
santa maria madalena,2023,30,2023-07-24,0,0.0195414376316081,santa maria madalena,10392,S11,S11 rainfall space-time,0.0,0.1880430872941503,Santa Maria Madalena
santa maria madalena,2023,31,2023-07-31,0,0.0190735652872705,santa maria madalena,10392,S11,S11 rainfall space-time,0.0,0.1835408514941349,Santa Maria Madalena
santa maria madalena,2023,32,2023-08-07,0,0.0224693616247884,santa maria madalena,10392,S11,S11 rainfall space-time,0.0,0.21621787552721708,Santa Maria Madalena
santa maria madalena,2023,33,2023-08-14,0,0.0210806278071399,santa maria madalena,10392,S11,S11 rainfall space-time,0.0,0.20285438613491052,Santa Maria Madalena
santa maria madalena,2023,34,2023-08-21,0,0.0222733080622222,santa maria madalena,10392,S11,S11 rainfall space-time,0.0,0.21433129390129138,Santa Maria Madalena
santa maria madalena,2023,35,2023-08-28,0,0.0221244295834962,santa maria madalena,10392,S11,S11 rainfall space-time,0.0,0.21289866804750002,Santa Maria Madalena
santa maria madalena,2023,36,2023-09-04,0,0.0220605612582925,santa maria madalena,10392,S11,S11 rainfall space-time,0.0,0.21228407677340744,Santa Maria Madalena
santa maria madalena,2023,37,2023-09-11,0,0.0264117494622388,santa maria madalena,10392,S11,S11 rainfall space-time,0.0,0.25415463300845653,Santa Maria Madalena
santa maria madalena,2023,38,2023-09-18,0,0.0239917901823557,santa maria madalena,10392,S11,S11 rainfall space-time,0.0,0.23086788089256832,Santa Maria Madalena
santa maria madalena,2023,39,2023-09-25,0,0.0258762062745729,santa maria madalena,10392,S11,S11 rainfall space-time,0.0,0.24900121511328813,Santa Maria Madalena
santa maria madalena,2023,40,2023-10-02,0,0.0279121966879658,santa maria madalena,10392,S11,S11 rainfall space-time,0.0,0.26859311670482866,Santa Maria Madalena
santa maria madalena,2023,41,2023-10-09,0,0.0246513209913202,santa maria madalena,10392,S11,S11 rainfall space-time,0.0,0.23721440522825443,Santa Maria Madalena
santa maria madalena,2023,42,2023-10-16,0,0.0327943376963805,santa maria madalena,10392,S11,S11 rainfall space-time,0.0,0.31557291855639436,Santa Maria Madalena
santa maria madalena,2023,43,2023-10-23,0,0.032896412901984,santa maria madalena,10392,S11,S11 rainfall space-time,0.0,0.31655516649330256,Santa Maria Madalena
santa maria madalena,2023,44,2023-10-30,0,0.0329138130859449,santa maria madalena,10392,S11,S11 rainfall space-time,0.0,0.3167226047531264,Santa Maria Madalena
santa maria madalena,2023,45,2023-11-06,0,0.0362364927562618,santa maria madalena,10392,S11,S11 rainfall space-time,0.0,0.3486960426892013,Santa Maria Madalena
santa maria madalena,2023,46,2023-11-13,0,0.0369325082901364,santa maria madalena,10392,S11,S11 rainfall space-time,0.0,0.35539365175265974,Santa Maria Madalena
santa maria madalena,2023,47,2023-11-20,0,0.0485205477240691,santa maria madalena,10392,S11,S11 rainfall space-time,0.0,0.4669028841808035,Santa Maria Madalena
santa maria madalena,2023,48,2023-11-27,0,0.052075547075722,santa maria madalena,10392,S11,S11 rainfall space-time,0.0,0.5011118848703041,Santa Maria Madalena
santa maria madalena,2023,49,2023-12-04,0,0.0692869914666172,santa maria madalena,10392,S11,S11 rainfall space-time,0.0,0.666733944059057,Santa Maria Madalena
santa maria madalena,2023,50,2023-12-11,0,0.0670876413077858,santa maria madalena,10392,S11,S11 rainfall space-time,0.0,0.6455700664721498,Santa Maria Madalena
santa maria madalena,2023,51,2023-12-18,0,0.0479517927437321,santa maria madalena,10392,S11,S11 rainfall space-time,0.0,0.4614298762868755,Santa Maria Madalena
santa maria madalena,2023,52,2023-12-25,0,0.0595621570194414,santa maria madalena,10392,S11,S11 rainfall space-time,0.0,0.5731539359068649,Santa Maria Madalena
seropedica,2017,13,2017-03-27,0,0.995280770387436,seropedica,83092,S11,S11 rainfall space-time,0.0,1.1978057699747702,Seropedica
seropedica,2017,14,2017-04-03,3,0.993391210230048,seropedica,83092,S11,S11 rainfall space-time,3.6104558802291438,1.1955317121143407,Seropedica
seropedica,2017,15,2017-04-10,6,0.864000012580376,seropedica,83092,S11,S11 rainfall space-time,7.2209117604582875,1.0398113086462908,Seropedica
seropedica,2017,16,2017-04-17,6,2.01928123038829,seropedica,83092,S11,S11 rainfall space-time,7.2209117604582875,2.4301752640305807,Seropedica
seropedica,2017,17,2017-04-24,2,0.74747436246677,seropedica,83092,S11,S11 rainfall space-time,2.4069705868194293,0.89957440242956,Seropedica
seropedica,2017,18,2017-05-01,8,2.46744103456565,seropedica,83092,S11,S11 rainfall space-time,9.627882347277717,2.9695289974554107,Seropedica
seropedica,2017,19,2017-05-08,4,4.08032329110146,seropedica,83092,S11,S11 rainfall space-time,4.813941173638859,4.910609073197733,Seropedica
seropedica,2017,20,2017-05-15,2,3.55854656664436,seropedica,83092,S11,S11 rainfall space-time,2.4069705868194293,4.282658458870119,Seropedica
seropedica,2017,21,2017-05-22,5,1.47162552539066,seropedica,83092,S11,S11 rainfall space-time,6.017426467048573,1.7710796772140038,Seropedica
seropedica,2017,22,2017-05-29,4,3.32293330820339,seropedica,83092,S11,S11 rainfall space-time,4.813941173638859,3.99910136740407,Seropedica
seropedica,2017,23,2017-06-05,12,2.02864856519707,seropedica,83092,S11,S11 rainfall space-time,14.441823520916575,2.441448713711392,Seropedica
seropedica,2017,24,2017-06-12,3,1.45958658736713,seropedica,83092,S11,S11 rainfall space-time,3.6104558802291438,1.7565909923544145,Seropedica
seropedica,2017,25,2017-06-19,2,1.83688345060698,seropedica,83092,S11,S11 rainfall space-time,2.4069705868194293,2.2106622185131903,Seropedica
seropedica,2017,26,2017-06-26,4,0.93434631883103,seropedica,83092,S11,S11 rainfall space-time,4.813941173638859,1.1244720536646489,Seropedica
seropedica,2017,27,2017-07-03,2,2.66715364348792,seropedica,83092,S11,S11 rainfall space-time,2.4069705868194293,3.209880185201849,Seropedica
seropedica,2017,28,2017-07-10,0,0.839699513605319,seropedica,83092,S11,S11 rainfall space-time,0.0,1.010566015507292,Seropedica
seropedica,2017,29,2017-07-17,1,0.64944379711676,seropedica,83092,S11,S11 rainfall space-time,1.2034852934097147,0.781596058726183,Seropedica
seropedica,2017,30,2017-07-24,0,0.8550107291683,seropedica,83092,S11,S11 rainfall space-time,0.0,1.0289928382615654,Seropedica
seropedica,2017,31,2017-07-31,0,0.503020650187478,seropedica,83092,S11,S11 rainfall space-time,0.0,0.6053779547820224,Seropedica
seropedica,2017,32,2017-08-07,1,0.206499997142051,seropedica,83092,S11,S11 rainfall space-time,1.2034852934097147,0.24851970964960643,Seropedica
seropedica,2017,33,2017-08-14,3,0.389198497852266,seropedica,83092,S11,S11 rainfall space-time,3.6104558802291438,0.4683946683823545,Seropedica
seropedica,2017,34,2017-08-21,2,0.225031772403107,seropedica,83092,S11,S11 rainfall space-time,2.4069705868194293,0.27082242863706135,Seropedica
seropedica,2017,35,2017-08-28,1,0.248785669916914,seropedica,83092,S11,S11 rainfall space-time,1.2034852934097147,0.29940989495608966,Seropedica
seropedica,2017,36,2017-09-04,0,0.372000956487614,seropedica,83092,S11,S11 rainfall space-time,0.0,0.44769768026719053,Seropedica
seropedica,2017,38,2017-09-18,0,0.628232193740229,seropedica,83092,S11,S11 rainfall space-time,0.0,0.7560682060128882,Seropedica
seropedica,2017,39,2017-09-25,0,0.421527074596005,seropedica,83092,S11,S11 rainfall space-time,0.0,0.5073016350503117,Seropedica
seropedica,2017,40,2017-10-02,0,0.288789834692257,seropedica,83092,S11,S11 rainfall space-time,0.0,0.34755431893835387,Seropedica
seropedica,2017,41,2017-10-09,1,0.267853977028309,seropedica,83092,S11,S11 rainfall space-time,1.2034852934097147,0.32235832213487337,Seropedica
seropedica,2017,42,2017-10-16,1,0.340224622382815,seropedica,83092,S11,S11 rainfall space-time,1.2034852934097147,0.40945532949359137,Seropedica
seropedica,2017,43,2017-10-23,0,0.291896158379099,seropedica,83092,S11,S11 rainfall space-time,0.0,0.35129273381203846,Seropedica
seropedica,2017,44,2017-10-30,3,0.327551793227797,seropedica,83092,S11,S11 rainfall space-time,3.6104558802291438,0.39420376597963336,Seropedica
seropedica,2017,45,2017-11-06,0,0.648467253823144,seropedica,83092,S11,S11 rainfall space-time,0.0,0.7804208032339381,Seropedica
seropedica,2017,46,2017-11-13,0,0.66940829287056,seropedica,83092,S11,S11 rainfall space-time,0.0,0.8056230357562221,Seropedica
seropedica,2017,47,2017-11-20,2,0.443414021541207,seropedica,83092,S11,S11 rainfall space-time,2.4069705868194293,0.533642253816501,Seropedica
seropedica,2017,48,2017-11-27,0,1.35718013551254,seropedica,83092,S11,S11 rainfall space-time,0.0,1.6333463335971452,Seropedica
seropedica,2018,9,2018-02-26,0,4.45177962286325,seropedica,83092,S11,S11 rainfall space-time,0.0,5.357651305616967,Seropedica
seropedica,2018,10,2018-03-05,0,2.18451390784712,seropedica,83092,S11,S11 rainfall space-time,0.0,2.6290303613429935,Seropedica
seropedica,2018,11,2018-03-12,3,3.91407534746069,seropedica,83092,S11,S11 rainfall space-time,3.6104558802291438,4.7105321179664585,Seropedica
seropedica,2018,12,2018-03-19,2,3.71606824486716,seropedica,83092,S11,S11 rainfall space-time,2.4069705868194293,4.4722334820044765,Seropedica
seropedica,2018,13,2018-03-26,0,1.2320899866375,seropedica,83092,S11,S11 rainfall space-time,0.0,1.482802179075603,Seropedica
seropedica,2018,14,2018-04-02,0,1.35848135416742,seropedica,83092,S11,S11 rainfall space-time,0.0,1.634912331111804,Seropedica
seropedica,2018,15,2018-04-09,1,4.12267722693359,seropedica,83092,S11,S11 rainfall space-time,1.2034852934097147,4.9615814120897195,Seropedica
seropedica,2018,16,2018-04-16,2,2.6677072866737,seropedica,83092,S11,S11 rainfall space-time,2.4069705868194293,3.210546486633731,Seropedica
seropedica,2018,17,2018-04-23,2,1.09167532084145,seropedica,83092,S11,S11 rainfall space-time,2.4069705868194293,1.3138151938110167,Seropedica
seropedica,2018,18,2018-04-30,2,1.24561636915694,seropedica,83092,S11,S11 rainfall space-time,2.4069705868194293,1.4990809815107833,Seropedica
seropedica,2018,19,2018-05-07,1,2.09871933993409,seropedica,83092,S11,S11 rainfall space-time,1.2034852934097147,2.525777860605221,Seropedica
seropedica,2018,20,2018-05-14,4,2.97435247737177,seropedica,83092,S11,S11 rainfall space-time,4.813941173638859,3.579589463933676,Seropedica
seropedica,2018,21,2018-05-21,0,2.25510330072671,seropedica,83092,S11,S11 rainfall space-time,0.0,2.7139836575443,Seropedica
seropedica,2018,22,2018-05-28,1,1.81589898863602,seropedica,83092,S11,S11 rainfall space-time,1.2034852934097147,2.1854077271410244,Seropedica
seropedica,2018,23,2018-06-04,4,1.33597872043171,seropedica,83092,S11,S11 rainfall space-time,4.813941173638859,1.6078307423478913,Seropedica
seropedica,2018,24,2018-06-11,1,2.79816575118489,seropedica,83092,S11,S11 rainfall space-time,1.2034852934097147,3.3675513300737614,Seropedica
seropedica,2018,25,2018-06-18,4,0.750884053643593,seropedica,83092,S11,S11 rainfall space-time,4.813941173638859,0.9036779156159354,Seropedica
seropedica,2018,26,2018-06-25,1,0.866343733898902,seropedica,83092,S11,S11 rainfall space-time,1.2034852934097147,1.0426319427849877,Seropedica
seropedica,2018,27,2018-07-02,0,2.3207756997279,seropedica,83092,S11,S11 rainfall space-time,0.0,2.793019423925167,Seropedica
seropedica,2018,28,2018-07-09,2,0.995623982213766,seropedica,83092,S11,S11 rainfall space-time,2.4069705868194293,1.1982188203602826,Seropedica
seropedica,2018,29,2018-07-16,2,2.25535930679229,seropedica,83092,S11,S11 rainfall space-time,2.4069705868194293,2.7142917570792497,Seropedica
seropedica,2018,30,2018-07-23,1,1.08087065119016,seropedica,83092,S11,S11 rainfall space-time,1.2034852934097147,1.300811932785539,Seropedica
seropedica,2018,31,2018-07-30,3,0.468350015188257,seropedica,83092,S11,S11 rainfall space-time,3.6104558802291438,0.5636523554472838,Seropedica
seropedica,2018,32,2018-08-06,1,1.01454677563129,seropedica,83092,S11,S11 rainfall space-time,1.2034852934097147,1.2209921239485029,Seropedica
seropedica,2018,33,2018-08-13,2,0.798030285070841,seropedica,83092,S11,S11 rainfall space-time,2.4069705868194293,0.9604177117783191,Seropedica
seropedica,2018,34,2018-08-20,2,0.549113170391344,seropedica,83092,S11,S11 rainfall space-time,2.4069705868194293,0.6608496249835651,Seropedica
seropedica,2018,35,2018-08-27,0,1.09982432595151,seropedica,83092,S11,S11 rainfall space-time,0.0,1.3236224016168943,Seropedica
seropedica,2018,36,2018-09-03,0,0.47943709209132,seropedica,83092,S11,S11 rainfall space-time,0.0,0.5769954894470226,Seropedica
seropedica,2018,37,2018-09-10,0,0.75651569854298,seropedica,83092,S11,S11 rainfall space-time,0.0,0.9104555174300534,Seropedica
seropedica,2018,38,2018-09-17,2,0.781077644073177,seropedica,83092,S11,S11 rainfall space-time,2.4069705868194293,0.9400154576531761,Seropedica
seropedica,2018,39,2018-09-24,1,0.331180291653862,seropedica,83092,S11,S11 rainfall space-time,1.2034852934097147,0.3985706104725629,Seropedica
seropedica,2018,40,2018-10-01,0,0.39045983194842,seropedica,83092,S11,S11 rainfall space-time,0.0,0.4699126654171521,Seropedica
seropedica,2018,41,2018-10-08,1,0.37564938689394,seropedica,83092,S11,S11 rainfall space-time,1.2034852934097147,0.4520885126052328,Seropedica
seropedica,2018,42,2018-10-15,4,1.14283249591877,seropedica,83092,S11,S11 rainfall space-time,4.813941173638859,1.3753821016689571,Seropedica
seropedica,2018,43,2018-10-22,0,0.643735357012331,seropedica,83092,S11,S11 rainfall space-time,0.0,0.7747260350121924,Seropedica
seropedica,2018,44,2018-10-29,1,0.40738415198028,seropedica,83092,S11,S11 rainfall space-time,1.2034852934097147,0.490280835676455,Seropedica
seropedica,2018,45,2018-11-05,1,0.723469592948698,seropedica,83092,S11,S11 rainfall space-time,1.2034852934097147,0.8706850153428705,Seropedica
seropedica,2018,46,2018-11-12,2,1.74372839652446,seropedica,83092,S11,S11 rainfall space-time,2.4069705868194293,2.0985514809180907,Seropedica
seropedica,2018,47,2018-11-19,5,0.7128302266165,seropedica,83092,S11,S11 rainfall space-time,6.017426467048573,0.8578806944308718,Seropedica
seropedica,2018,48,2018-11-26,9,1.18956021644162,seropedica,83092,S11,S11 rainfall space-time,10.83136764068743,1.4316182261127666,Seropedica
seropedica,2018,49,2018-12-03,7,1.38872752517381,seropedica,83092,S11,S11 rainfall space-time,8.424397053868002,1.6713131530999494,Seropedica
seropedica,2018,50,2018-12-10,3,1.92800269467811,seropedica,83092,S11,S11 rainfall space-time,3.6104558802291438,2.320322888699405,Seropedica
seropedica,2018,51,2018-12-17,8,2.63646736239283,seropedica,83092,S11,S11 rainfall space-time,9.627882347277717,3.172949697194471,Seropedica
seropedica,2018,52,2018-12-24,2,5.75455242817589,seropedica,83092,S11,S11 rainfall space-time,2.4069705868194293,6.925519217464846,Seropedica
seropedica,2019,1,2018-12-31,3,6.88715937653089,seropedica,83092,S11,S11 rainfall space-time,3.6104558802291438,8.288595023023746,Seropedica
seropedica,2019,2,2019-01-07,14,4.08830257149591,seropedica,83092,S11,S11 rainfall space-time,16.848794107736005,4.9202120198044454,Seropedica
seropedica,2019,3,2019-01-14,10,8.41292150465809,seropedica,83092,S11,S11 rainfall space-time,12.034852934097145,10.124827305466338,Seropedica
seropedica,2019,4,2019-01-21,9,4.6800498836417,seropedica,83092,S11,S11 rainfall space-time,10.83136764068743,5.632371207386631,Seropedica
seropedica,2019,5,2019-01-28,11,5.17834402484563,seropedica,83092,S11,S11 rainfall space-time,13.238338227506862,6.232060878117785,Seropedica
seropedica,2019,6,2019-02-04,1,16.0703677667767,seropedica,83092,S11,S11 rainfall space-time,1.2034852934097147,19.340451267001278,Seropedica
seropedica,2019,7,2019-02-11,3,11.2145855488633,seropedica,83092,S11,S11 rainfall space-time,3.6104558802291438,13.49658877974209,Seropedica
seropedica,2019,8,2019-02-18,7,9.92220577895231,seropedica,83092,S11,S11 rainfall space-time,8.424397053868002,11.941228733153986,Seropedica
seropedica,2019,9,2019-02-25,11,12.0810665393378,seropedica,83092,S11,S11 rainfall space-time,13.238338227506862,14.539385908797234,Seropedica
seropedica,2019,10,2019-03-04,5,3.81596065633411,seropedica,83092,S11,S11 rainfall space-time,6.017426467048573,4.592452530128183,Seropedica
seropedica,2019,11,2019-03-11,3,7.76361052756694,seropedica,83092,S11,S11 rainfall space-time,3.6104558802291438,9.343391093687648,Seropedica
seropedica,2019,12,2019-03-18,5,15.3184661112285,seropedica,83092,S11,S11 rainfall space-time,6.017426467048573,18.4355486824586,Seropedica
seropedica,2019,13,2019-03-25,1,20.6089265218889,seropedica,83092,S11,S11 rainfall space-time,1.2034852934097147,24.802539982054707,Seropedica
seropedica,2019,14,2019-04-01,1,14.5960389155306,seropedica,83092,S11,S11 rainfall space-time,1.2034852934097147,17.56611817687696,Seropedica
seropedica,2019,15,2019-04-08,2,10.8159626034267,seropedica,83092,S11,S11 rainfall space-time,2.4069705868194293,13.016851927293482,Seropedica
seropedica,2019,16,2019-04-15,0,16.3332962455488,seropedica,83092,S11,S11 rainfall space-time,0.0,19.656881824422086,Seropedica
seropedica,2019,17,2019-04-22,4,5.21439729594404,seropedica,83092,S11,S11 rainfall space-time,4.813941173638859,6.275450459664035,Seropedica
seropedica,2019,18,2019-04-29,1,4.72102746266452,seropedica,83092,S11,S11 rainfall space-time,1.2034852934097147,5.68168712110013,Seropedica
seropedica,2019,19,2019-05-06,1,7.53687530036303,seropedica,83092,S11,S11 rainfall space-time,1.2034852934097147,9.070518582249832,Seropedica
seropedica,2019,20,2019-05-13,1,2.29679756433172,seropedica,83092,S11,S11 rainfall space-time,1.2034852934097147,2.7641620906124778,Seropedica
seropedica,2019,21,2019-05-20,1,7.22569606000697,seropedica,83092,S11,S11 rainfall space-time,1.2034852934097147,8.696018942866907,Seropedica
seropedica,2019,22,2019-05-27,1,2.78582033050627,seropedica,83092,S11,S11 rainfall space-time,1.2034852934097147,3.3526937978460865,Seropedica
seropedica,2019,23,2019-06-03,5,2.32003257987305,seropedica,83092,S11,S11 rainfall space-time,6.017426467048573,2.7921250901086143,Seropedica
seropedica,2019,24,2019-06-10,4,1.84237916298563,seropedica,83092,S11,S11 rainfall space-time,4.813941173638859,2.217276227537705,Seropedica
seropedica,2019,25,2019-06-17,2,2.10365205718691,seropedica,83092,S11,S11 rainfall space-time,2.4069705868194293,2.531714313275538,Seropedica
seropedica,2019,26,2019-06-24,4,1.64471642740025,seropedica,83092,S11,S11 rainfall space-time,4.813941173638859,1.9793920322055674,Seropedica
seropedica,2019,27,2019-07-01,8,4.58324229142152,seropedica,83092,S11,S11 rainfall space-time,9.627882347277717,5.515864693859241,Seropedica
seropedica,2019,28,2019-07-08,1,3.40690088100981,seropedica,83092,S11,S11 rainfall space-time,1.2034852934097147,4.100155106399906,Seropedica
seropedica,2019,29,2019-07-15,3,1.9584457607227,seropedica,83092,S11,S11 rainfall space-time,3.6104558802291438,2.35696067097037,Seropedica
seropedica,2019,30,2019-07-22,1,2.2075320145901,seropedica,83092,S11,S11 rainfall space-time,1.2034852934097147,2.6567323142903048,Seropedica
seropedica,2019,31,2019-07-29,1,2.67864827532563,seropedica,83092,S11,S11 rainfall space-time,1.2034852934097147,3.223713805571692,Seropedica
seropedica,2019,32,2019-08-05,1,0.782249053339602,seropedica,83092,S11,S11 rainfall space-time,1.2034852934097147,0.9414252314778824,Seropedica
seropedica,2019,33,2019-08-12,1,1.2531545268239,seropedica,83092,S11,S11 rainfall space-time,1.2034852934097147,1.5081530434023733,Seropedica
seropedica,2019,34,2019-08-19,0,0.701399826385172,seropedica,83092,S11,S11 rainfall space-time,0.0,0.8441243758546815,Seropedica
seropedica,2019,35,2019-08-26,0,0.750276572981203,seropedica,83092,S11,S11 rainfall space-time,0.0,0.9029468215727182,Seropedica
seropedica,2019,36,2019-09-02,0,0.722219078819459,seropedica,83092,S11,S11 rainfall space-time,0.0,0.8691800399791303,Seropedica
seropedica,2019,37,2019-09-09,0,0.742398162901753,seropedica,83092,S11,S11 rainfall space-time,0.0,0.8934652709066493,Seropedica
seropedica,2019,38,2019-09-16,3,0.390962126390199,seropedica,83092,S11,S11 rainfall space-time,3.6104558802291438,0.4705171693907946,Seropedica
seropedica,2019,39,2019-09-23,0,0.320398440014087,seropedica,83092,S11,S11 rainfall space-time,0.0,0.3855948105883683,Seropedica
seropedica,2019,40,2019-09-30,1,0.348111355180131,seropedica,83092,S11,S11 rainfall space-time,1.2034852934097147,0.4189468964282133,Seropedica
seropedica,2019,41,2019-10-07,0,0.35687227568926,seropedica,83092,S11,S11 rainfall space-time,0.0,0.4294905354176816,Seropedica
seropedica,2019,42,2019-10-14,1,1.57981801284435,seropedica,83092,S11,S11 rainfall space-time,1.2034852934097147,1.9012877447219347,Seropedica
seropedica,2019,43,2019-10-21,0,0.466138720006161,seropedica,83092,S11,S11 rainfall space-time,0.0,0.5609910942162435,Seropedica
seropedica,2019,44,2019-10-28,0,0.812032728124245,seropedica,83092,S11,S11 rainfall space-time,0.0,0.977269446064898,Seropedica
seropedica,2019,45,2019-11-04,1,0.431650922628838,seropedica,83092,S11,S11 rainfall space-time,1.2034852934097147,0.519485537270541,Seropedica
seropedica,2019,46,2019-11-11,1,0.691561406352381,seropedica,83092,S11,S11 rainfall space-time,1.2034852934097147,0.83228398203483,Seropedica
seropedica,2019,47,2019-11-18,1,0.400129339804845,seropedica,83092,S11,S11 rainfall space-time,1.2034852934097147,0.48154977591686926,Seropedica
seropedica,2019,48,2019-11-25,0,0.500089417356531,seropedica,83092,S11,S11 rainfall space-time,0.0,0.6018502591784178,Seropedica
seropedica,2019,49,2019-12-02,1,1.03264099104309,seropedica,83092,S11,S11 rainfall space-time,1.2034852934097147,1.2427682460923914,Seropedica
seropedica,2019,50,2019-12-09,0,1.29014293415165,seropedica,83092,S11,S11 rainfall space-time,0.0,1.5526680476479686,Seropedica
seropedica,2019,51,2019-12-16,0,1.09449349081903,seropedica,83092,S11,S11 rainfall space-time,0.0,1.317206819933363,Seropedica
seropedica,2019,52,2019-12-23,0,0.972980352811236,seropedica,83092,S11,S11 rainfall space-time,0.0,1.1709675453849178,Seropedica
seropedica,2020,1,2019-12-30,0,1.08547012864134,seropedica,83092,S11,S11 rainfall space-time,0.0,1.3063473362554037,Seropedica
seropedica,2020,2,2020-01-06,0,0.762087220670463,seropedica,83092,S11,S11 rainfall space-time,0.0,0.9171607623723861,Seropedica
seropedica,2020,3,2020-01-13,0,0.795036877453539,seropedica,83092,S11,S11 rainfall space-time,0.0,0.9568151897337157,Seropedica
seropedica,2020,4,2020-01-20,0,0.972427925538893,seropedica,83092,S11,S11 rainfall space-time,0.0,1.1703027072869747,Seropedica
seropedica,2020,5,2020-01-27,0,1.01471016051695,seropedica,83092,S11,S11 rainfall space-time,0.0,1.22118875525556,Seropedica
seropedica,2020,6,2020-02-03,0,1.04857958653172,seropedica,83092,S11,S11 rainfall space-time,0.0,1.2619501113605642,Seropedica
seropedica,2020,7,2020-02-10,0,1.00636107561846,seropedica,83092,S11,S11 rainfall space-time,0.0,1.2111407543667982,Seropedica
seropedica,2020,8,2020-02-17,0,0.889471905531827,seropedica,83092,S11,S11 rainfall space-time,0.0,1.0704663572086686,Seropedica
seropedica,2020,9,2020-02-24,0,0.913977738757535,seropedica,83092,S11,S11 rainfall space-time,0.0,1.0999587670985593,Seropedica
seropedica,2020,10,2020-03-02,0,0.906068606876461,seropedica,83092,S11,S11 rainfall space-time,0.0,1.090440243196049,Seropedica
seropedica,2020,11,2020-03-09,0,1.04177729286512,seropedica,83092,S11,S11 rainfall space-time,0.0,1.2537636509713572,Seropedica
seropedica,2020,12,2020-03-16,0,0.97913221351015,seropedica,83092,S11,S11 rainfall space-time,0.0,1.1783712192631661,Seropedica
seropedica,2020,13,2020-03-23,0,0.79246883250767,seropedica,83092,S11,S11 rainfall space-time,0.0,0.9537245854085471,Seropedica
seropedica,2020,14,2020-03-30,0,0.747424098097488,seropedica,83092,S11,S11 rainfall space-time,0.0,0.8995139100003465,Seropedica
seropedica,2020,15,2020-04-06,0,0.782647705037453,seropedica,83092,S11,S11 rainfall space-time,0.0,0.9419050029334388,Seropedica
seropedica,2020,16,2020-04-13,0,0.908921587257564,seropedica,83092,S11,S11 rainfall space-time,0.0,1.093873763127093,Seropedica
seropedica,2020,17,2020-04-20,0,0.809829609941754,seropedica,83092,S11,S11 rainfall space-time,0.0,0.9746180257326265,Seropedica
seropedica,2020,18,2020-04-27,0,0.785955602744266,seropedica,83092,S11,S11 rainfall space-time,0.0,0.945886009175692,Seropedica
seropedica,2020,19,2020-05-04,0,0.715081387959465,seropedica,83092,S11,S11 rainfall space-time,0.0,0.8605899340002225,Seropedica
seropedica,2020,20,2020-05-11,0,0.707713476992513,seropedica,83092,S11,S11 rainfall space-time,0.0,0.8517227615083437,Seropedica
seropedica,2020,21,2020-05-18,0,0.548594826650624,seropedica,83092,S11,S11 rainfall space-time,0.0,0.6602258059146777,Seropedica
seropedica,2020,22,2020-05-25,0,0.473196898822666,seropedica,83092,S11,S11 rainfall space-time,0.0,0.5694855086201632,Seropedica
seropedica,2020,23,2020-06-01,0,0.465667506570174,seropedica,83092,S11,S11 rainfall space-time,0.0,0.560423995775976,Seropedica
seropedica,2020,24,2020-06-08,0,0.407441055973664,seropedica,83092,S11,S11 rainfall space-time,0.0,0.4903493187956289,Seropedica
seropedica,2020,25,2020-06-15,0,0.534803307382617,seropedica,83092,S11,S11 rainfall space-time,0.0,0.6436279153018546,Seropedica
seropedica,2020,26,2020-06-22,0,0.295641214857225,seropedica,83092,S11,S11 rainfall space-time,0.0,0.3557998542064519,Seropedica
seropedica,2020,27,2020-06-29,0,0.335001901412488,seropedica,83092,S11,S11 rainfall space-time,0.0,0.4031698616142203,Seropedica
seropedica,2020,28,2020-07-06,0,0.324576304339183,seropedica,83092,S11,S11 rainfall space-time,0.0,0.39062280886148243,Seropedica
seropedica,2020,29,2020-07-13,0,0.34386425379041,seropedica,83092,S11,S11 rainfall space-time,0.0,0.4138355723660641,Seropedica
seropedica,2020,30,2020-07-20,0,0.320593968915879,seropedica,83092,S11,S11 rainfall space-time,0.0,0.3858301267461115,Seropedica
seropedica,2020,31,2020-07-27,0,0.19689842386548,seropedica,83092,S11,S11 rainfall space-time,0.0,0.23696435741765756,Seropedica
seropedica,2020,32,2020-08-03,0,0.203244210782091,seropedica,83092,S11,S11 rainfall space-time,0.0,0.24460141864691068,Seropedica
seropedica,2020,33,2020-08-10,0,0.207264681129592,seropedica,83092,S11,S11 rainfall space-time,0.0,0.24943999558271795,Seropedica
seropedica,2020,34,2020-08-17,0,0.181495298864292,seropedica,83092,S11,S11 rainfall space-time,0.0,0.21842692300617628,Seropedica
seropedica,2020,35,2020-08-24,0,0.202930364521289,seropedica,83092,S11,S11 rainfall space-time,0.0,0.2442237092876438,Seropedica
seropedica,2020,36,2020-08-31,0,0.241682420791198,seropedica,83092,S11,S11 rainfall space-time,0.0,0.29086123909786504,Seropedica
seropedica,2020,37,2020-09-07,0,0.228644397383641,seropedica,83092,S11,S11 rainfall space-time,0.0,0.2751701696717386,Seropedica
seropedica,2020,38,2020-09-14,0,0.234093504190491,seropedica,83092,S11,S11 rainfall space-time,0.0,0.2817280895760013,Seropedica
seropedica,2020,39,2020-09-21,0,0.199637192476682,seropedica,83092,S11,S11 rainfall space-time,0.0,0.24026042516329127,Seropedica
seropedica,2020,40,2020-09-28,0,0.192689554408262,seropedica,83092,S11,S11 rainfall space-time,0.0,0.23189904492401434,Seropedica
seropedica,2020,41,2020-10-05,0,0.165847698843524,seropedica,83092,S11,S11 rainfall space-time,0.0,0.19959526650402443,Seropedica
seropedica,2020,42,2020-10-12,0,0.233778076110165,seropedica,83092,S11,S11 rainfall space-time,0.0,0.2813484765202005,Seropedica
seropedica,2020,43,2020-10-19,0,0.202663898608708,seropedica,83092,S11,S11 rainfall space-time,0.0,0.24390302148065762,Seropedica
seropedica,2020,44,2020-10-26,0,0.206405522794229,seropedica,83092,S11,S11 rainfall space-time,0.0,0.24840601116139818,Seropedica
seropedica,2020,45,2020-11-02,0,0.211981724310333,seropedica,83092,S11,S11 rainfall space-time,0.0,0.2551168876791183,Seropedica
seropedica,2020,46,2020-11-09,0,0.186654158701006,seropedica,83092,S11,S11 rainfall space-time,0.0,0.2246355349504236,Seropedica
seropedica,2020,47,2020-11-16,0,0.254974100066667,seropedica,83092,S11,S11 rainfall space-time,0.0,0.3068575796306106,Seropedica
seropedica,2020,48,2020-11-23,0,0.257102247324471,seropedica,83092,S11,S11 rainfall space-time,0.0,0.309418773557588,Seropedica
seropedica,2020,49,2020-11-30,0,0.305710820672167,seropedica,83092,S11,S11 rainfall space-time,0.0,0.3679184767151675,Seropedica
seropedica,2020,50,2020-12-07,0,0.363814190704969,seropedica,83092,S11,S11 rainfall space-time,0.0,0.4378450280471875,Seropedica
seropedica,2020,51,2020-12-14,0,0.291739224556533,seropedica,83092,S11,S11 rainfall space-time,0.0,0.3511038662645417,Seropedica
seropedica,2020,52,2020-12-21,0,0.420260540875201,seropedica,83092,S11,S11 rainfall space-time,0.0,0.5057773803437166,Seropedica
seropedica,2021,1,2021-01-04,0,0.30923329958441,seropedica,83092,S11,S11 rainfall space-time,0.0,0.3721577282823978,Seropedica
seropedica,2021,2,2021-01-11,0,0.425400310854115,seropedica,83092,S11,S11 rainfall space-time,0.0,0.5119630179248483,Seropedica
seropedica,2021,3,2021-01-18,0,0.401421032482401,seropedica,83092,S11,S11 rainfall space-time,0.0,0.48310430905791296,Seropedica
seropedica,2021,5,2021-02-01,0,0.445852435416544,seropedica,83092,S11,S11 rainfall space-time,0.0,0.5365768490547153,Seropedica
seropedica,2021,6,2021-02-08,0,0.452273909533803,seropedica,83092,S11,S11 rainfall space-time,0.0,0.5443049987168476,Seropedica
seropedica,2021,7,2021-02-15,0,0.499964011683997,seropedica,83092,S11,S11 rainfall space-time,0.0,0.6016993352958131,Seropedica
seropedica,2021,13,2021-03-29,0,0.886923231223187,seropedica,83092,S11,S11 rainfall space-time,0.0,1.0673990651605294,Seropedica
seropedica,2021,14,2021-04-05,0,1.06488915351848,seropedica,83092,S11,S11 rainfall space-time,0.0,1.2815784353710102,Seropedica
seropedica,2021,15,2021-04-12,0,0.729572534028294,seropedica,83092,S11,S11 rainfall space-time,0.0,0.8780298151787104,Seropedica
seropedica,2021,16,2021-04-19,1,0.758531888433013,seropedica,83092,S11,S11 rainfall space-time,1.2034852934097147,0.9128819723114295,Seropedica
seropedica,2021,17,2021-04-26,0,0.659861766566076,seropedica,83092,S11,S11 rainfall space-time,0.0,0.7941339317456264,Seropedica
seropedica,2021,18,2021-05-03,0,0.650269411735023,seropedica,83092,S11,S11 rainfall space-time,0.0,0.7825896737772866,Seropedica
seropedica,2021,19,2021-05-10,0,0.636636975673166,seropedica,83092,S11,S11 rainfall space-time,0.0,0.7661832374634935,Seropedica
seropedica,2021,20,2021-05-17,0,0.822585922119642,seropedica,83092,S11,S11 rainfall space-time,0.0,0.9899700598368579,Seropedica
seropedica,2021,21,2021-05-24,0,0.544734731983186,seropedica,83092,S11,S11 rainfall space-time,0.0,0.6555802387512468,Seropedica
seropedica,2021,22,2021-05-31,0,0.46887430949351,seropedica,83092,S11,S11 rainfall space-time,0.0,0.5642833359330742,Seropedica
seropedica,2021,23,2021-06-07,0,0.492774058981486,seropedica,83092,S11,S11 rainfall space-time,0.0,0.5930463329580297,Seropedica
seropedica,2021,24,2021-06-14,0,0.646479843314033,seropedica,83092,S11,S11 rainfall space-time,0.0,0.7780289839142553,Seropedica
seropedica,2021,25,2021-06-21,0,0.304823734261577,seropedica,83092,S11,S11 rainfall space-time,0.0,0.3668508812660388,Seropedica
seropedica,2021,26,2021-06-28,0,0.212174614285827,seropedica,83092,S11,S11 rainfall space-time,0.0,0.2553490279278715,Seropedica
seropedica,2021,27,2021-07-05,0,0.268327496153228,seropedica,83092,S11,S11 rainfall space-time,0.0,0.3229281954378616,Seropedica
seropedica,2021,28,2021-07-12,0,0.24134355132907,seropedica,83092,S11,S11 rainfall space-time,0.0,0.2904534146838083,Seropedica
seropedica,2021,29,2021-07-19,0,0.217177958683806,seropedica,83092,S11,S11 rainfall space-time,0.0,0.2613704793287031,Seropedica
seropedica,2021,30,2021-07-26,0,0.250788279195324,seropedica,83092,S11,S11 rainfall space-time,0.0,0.30182000577110185,Seropedica
seropedica,2021,31,2021-08-02,0,0.213311792906507,seropedica,83092,S11,S11 rainfall space-time,0.0,0.25671760567383983,Seropedica
seropedica,2021,32,2021-08-09,0,0.216214254817475,seropedica,83092,S11,S11 rainfall space-time,0.0,0.26021067589837166,Seropedica
seropedica,2021,33,2021-08-16,0,0.253634444670087,seropedica,83092,S11,S11 rainfall space-time,0.0,0.30524532406258964,Seropedica
seropedica,2021,34,2021-08-23,0,0.233616700170341,seropedica,83092,S11,S11 rainfall space-time,0.0,0.28115426294991214,Seropedica
seropedica,2021,35,2021-08-30,0,0.210526441511191,seropedica,83092,S11,S11 rainfall space-time,0.0,0.2533654762325988,Seropedica
seropedica,2021,36,2021-09-06,1,0.20590928274085,seropedica,83092,S11,S11 rainfall space-time,1.2034852934097147,0.24780879355515573,Seropedica
seropedica,2021,37,2021-09-13,0,0.237722361829604,seropedica,83092,S11,S11 rainfall space-time,0.0,0.28609536637655125,Seropedica
seropedica,2021,38,2021-09-20,0,0.20671530623256,seropedica,83092,S11,S11 rainfall space-time,0.0,0.24877883097357145,Seropedica
seropedica,2021,39,2021-09-27,0,0.202182494484657,seropedica,83092,S11,S11 rainfall space-time,0.0,0.2433236586971754,Seropedica
seropedica,2021,40,2021-10-04,0,0.319243109865473,seropedica,83092,S11,S11 rainfall space-time,0.0,0.3842043877454785,Seropedica
seropedica,2021,41,2021-10-11,1,0.166436760670969,seropedica,83092,S11,S11 rainfall space-time,1.2034852934097147,0.20030419375026354,Seropedica
seropedica,2021,42,2021-10-18,1,0.178933856485503,seropedica,83092,S11,S11 rainfall space-time,1.2034852934097147,0.21534426477338733,Seropedica
seropedica,2021,43,2021-10-25,0,0.160886471357352,seropedica,83092,S11,S11 rainfall space-time,0.0,0.19362450218715643,Seropedica
seropedica,2021,44,2021-11-01,0,0.141821344986861,seropedica,83092,S11,S11 rainfall space-time,0.0,0.17067990298327276,Seropedica
seropedica,2021,45,2021-11-08,0,0.283774678280213,seropedica,83092,S11,S11 rainfall space-time,0.0,0.3415186519523095,Seropedica
seropedica,2021,46,2021-11-15,1,0.348495953631109,seropedica,83092,S11,S11 rainfall space-time,1.2034852934097147,0.4194097550078335,Seropedica
seropedica,2021,47,2021-11-22,0,0.25912240560327,seropedica,83092,S11,S11 rainfall space-time,0.0,0.31185000433648247,Seropedica
seropedica,2021,48,2021-11-29,0,0.261304537054302,seropedica,83092,S11,S11 rainfall space-time,0.0,0.31447616744608625,Seropedica
seropedica,2021,49,2021-12-06,1,0.251878636958575,seropedica,83092,S11,S11 rainfall space-time,1.2034852934097147,0.30313223530372957,Seropedica
seropedica,2021,50,2021-12-13,0,0.563911489562236,seropedica,83092,S11,S11 rainfall space-time,0.0,0.6786591844729168,Seropedica
seropedica,2021,51,2021-12-20,0,0.251670508032873,seropedica,83092,S11,S11 rainfall space-time,0.0,0.30288175520251404,Seropedica
seropedica,2021,52,2021-12-27,0,0.317441385260207,seropedica,83092,S11,S11 rainfall space-time,0.0,0.3820360386802664,Seropedica
seropedica,2022,1,2022-01-03,0,1.14358019736151,seropedica,83092,S11,S11 rainfall space-time,0.0,1.3762819493591563,Seropedica
seropedica,2022,2,2022-01-10,2,0.682583567084846,seropedica,83092,S11,S11 rainfall space-time,2.4069705868194293,0.8214792845097554,Seropedica
seropedica,2022,3,2022-01-17,0,0.680965276972973,seropedica,83092,S11,S11 rainfall space-time,0.0,0.819531696159646,Seropedica
seropedica,2022,4,2022-01-24,0,0.856986794670606,seropedica,83092,S11,S11 rainfall space-time,0.0,1.0313710040324051,Seropedica
seropedica,2022,5,2022-01-31,0,0.80701522984573,seropedica,83092,S11,S11 rainfall space-time,0.0,0.9712309606769967,Seropedica
seropedica,2022,6,2022-02-07,1,2.03327395899341,seropedica,83092,S11,S11 rainfall space-time,1.2034852934097147,2.4470153071215157,Seropedica
seropedica,2022,7,2022-02-14,1,0.809459825825097,seropedica,83092,S11,S11 rainfall space-time,1.2034852934097147,0.9741729959864933,Seropedica
seropedica,2022,8,2022-02-21,0,0.756374250113009,seropedica,83092,S11,S11 rainfall space-time,0.0,0.9102852863248074,Seropedica
seropedica,2022,9,2022-02-28,0,0.999971291012964,seropedica,83092,S11,S11 rainfall space-time,0.0,1.2034507425660281,Seropedica
seropedica,2022,10,2022-03-07,0,2.05302979040218,seropedica,83092,S11,S11 rainfall space-time,0.0,2.4707911596810526,Seropedica
seropedica,2022,11,2022-03-14,2,2.8525338921261,seropedica,83092,S11,S11 rainfall space-time,2.4069705868194293,3.432982588126534,Seropedica
seropedica,2022,12,2022-03-21,13,1.33818602755465,seropedica,83092,S11,S11 rainfall space-time,15.64530881432629,1.6104872040083882,Seropedica
seropedica,2022,13,2022-03-28,22,1.8494607893012,seropedica,83092,S11,S11 rainfall space-time,26.476676455013724,2.225798860661917,Seropedica
seropedica,2022,14,2022-04-04,22,2.17017364247876,seropedica,83092,S11,S11 rainfall space-time,26.476676455013724,2.6117720628685794,Seropedica
seropedica,2022,15,2022-04-11,16,5.21749611042096,seropedica,83092,S11,S11 rainfall space-time,19.255764694555435,6.279179837314013,Seropedica
seropedica,2022,16,2022-04-18,8,20.4337073470134,seropedica,83092,S11,S11 rainfall space-time,9.627882347277717,24.59166628196866,Seropedica
seropedica,2022,17,2022-04-25,11,17.7824244103492,seropedica,83092,S11,S11 rainfall space-time,13.238338227506862,21.400886259025178,Seropedica
seropedica,2022,18,2022-05-02,11,31.3885268829485,seropedica,83092,S11,S11 rainfall space-time,13.238338227506862,37.77563048542399,Seropedica
seropedica,2022,19,2022-05-09,15,28.3417105479198,seropedica,83092,S11,S11 rainfall space-time,18.052279401145718,34.10883183449646,Seropedica
seropedica,2022,20,2022-05-16,2,7.25766509142759,seropedica,83092,S11,S11 rainfall space-time,2.4069705868194293,8.734493202026176,Seropedica
seropedica,2022,21,2022-05-23,3,13.5252817151228,seropedica,83092,S11,S11 rainfall space-time,3.6104558802291438,16.27747763337361,Seropedica
seropedica,2022,22,2022-05-30,5,10.322309025129,seropedica,83092,S11,S11 rainfall space-time,6.017426467048573,12.422747105773118,Seropedica
seropedica,2022,23,2022-06-06,3,9.47572170371873,seropedica,83092,S11,S11 rainfall space-time,3.6104558802291438,11.403891714868735,Seropedica
seropedica,2022,24,2022-06-13,11,2.39039298690727,seropedica,83092,S11,S11 rainfall space-time,13.238338227506862,2.8768028052126198,Seropedica
seropedica,2022,25,2022-06-20,1,2.38083563026356,seropedica,83092,S11,S11 rainfall space-time,1.2034852934097147,2.865300667048043,Seropedica
seropedica,2022,26,2022-06-27,0,2.45352121215007,seropedica,83092,S11,S11 rainfall space-time,0.0,2.952776695891385,Seropedica
seropedica,2022,27,2022-07-04,3,2.17165431818728,seropedica,83092,S11,S11 rainfall space-time,3.6104558802291438,2.613554034308092,Seropedica
seropedica,2022,28,2022-07-11,2,4.340656428026,seropedica,83092,S11,S11 rainfall space-time,2.4069705868194293,5.223916174873634,Seropedica
seropedica,2022,29,2022-07-18,4,1.00517551840042,seropedica,83092,S11,S11 rainfall space-time,4.813941173638859,1.2097139536903916,Seropedica
seropedica,2022,30,2022-07-25,0,0.50726993981204,seropedica,83092,S11,S11 rainfall space-time,0.0,0.6104919123526212,Seropedica
seropedica,2022,31,2022-08-01,0,1.34564035154328,seropedica,83092,S11,S11 rainfall space-time,0.0,1.619458373301016,Seropedica
seropedica,2022,32,2022-08-08,0,1.06817553344739,seropedica,83092,S11,S11 rainfall space-time,0.0,1.2855335452840104,Seropedica
seropedica,2022,33,2022-08-15,0,1.72339036943978,seropedica,83092,S11,S11 rainfall space-time,0.0,2.07407496442471,Seropedica
seropedica,2022,34,2022-08-22,0,0.405629420905199,seropedica,83092,S11,S11 rainfall space-time,0.0,0.488169042633706,Seropedica
seropedica,2022,35,2022-08-29,0,0.359439478337885,seropedica,83092,S11,S11 rainfall space-time,0.0,0.4325801260505043,Seropedica
seropedica,2022,36,2022-09-05,0,0.340066596358186,seropedica,83092,S11,S11 rainfall space-time,0.0,0.4092651474969744,Seropedica
seropedica,2022,37,2022-09-12,0,0.424243675793163,seropedica,83092,S11,S11 rainfall space-time,0.0,0.5105710246391506,Seropedica
seropedica,2022,38,2022-09-19,0,0.423222953484097,seropedica,83092,S11,S11 rainfall space-time,0.0,0.5093426003515344,Seropedica
seropedica,2022,39,2022-09-26,0,0.467055661683536,seropedica,83092,S11,S11 rainfall space-time,0.0,0.5620946200398788,Seropedica
seropedica,2022,40,2022-10-03,0,0.582776708678353,seropedica,83092,S11,S11 rainfall space-time,0.0,0.7013631982361153,Seropedica
seropedica,2022,41,2022-10-10,0,0.557905279680488,seropedica,83092,S11,S11 rainfall space-time,0.0,0.6714307992111009,Seropedica
seropedica,2022,42,2022-10-17,0,0.662494915451521,seropedica,83092,S11,S11 rainfall space-time,0.0,0.7973028877046177,Seropedica
seropedica,2022,43,2022-10-24,0,0.60543736202528,seropedica,83092,S11,S11 rainfall space-time,0.0,0.7286349612781977,Seropedica
seropedica,2022,44,2022-10-31,0,0.516866736649205,seropedica,83092,S11,S11 rainfall space-time,0.0,0.6220415162099902,Seropedica
seropedica,2022,45,2022-11-07,0,0.534860263670913,seropedica,83092,S11,S11 rainfall space-time,0.0,0.643696461357186,Seropedica
seropedica,2022,46,2022-11-14,0,0.508357081159146,seropedica,83092,S11,S11 rainfall space-time,0.0,0.611800270975721,Seropedica
seropedica,2022,47,2022-11-21,0,0.575639762231513,seropedica,83092,S11,S11 rainfall space-time,0.0,0.6927739881474908,Seropedica
seropedica,2022,48,2022-11-28,0,0.62698024022852,seropedica,83092,S11,S11 rainfall space-time,0.0,0.7545614983735136,Seropedica
seropedica,2022,49,2022-12-05,0,0.558181172343995,seropedica,83092,S11,S11 rainfall space-time,0.0,0.6717628319741913,Seropedica
seropedica,2022,50,2022-12-12,0,0.657601009645696,seropedica,83092,S11,S11 rainfall space-time,0.0,0.791413144039975,Seropedica
seropedica,2022,51,2022-12-19,0,0.51245567748796,seropedica,83092,S11,S11 rainfall space-time,0.0,0.6167328713810715,Seropedica
seropedica,2022,52,2022-12-26,0,0.71333597455873,seropedica,83092,S11,S11 rainfall space-time,0.0,0.8584893546415178,Seropedica
seropedica,2023,1,2023-01-02,0,0.949354232278264,seropedica,83092,S11,S11 rainfall space-time,0.0,1.1425338567831609,Seropedica
seropedica,2023,2,2023-01-09,1,1.2843828758132,seropedica,83092,S11,S11 rainfall space-time,1.2034852934097147,1.5457359021484622,Seropedica
seropedica,2023,3,2023-01-16,1,1.56211665054951,seropedica,83092,S11,S11 rainfall space-time,1.2034852934097147,1.8799844155267775,Seropedica
seropedica,2023,4,2023-01-23,1,2.12809887780448,seropedica,83092,S11,S11 rainfall space-time,1.2034852934097147,2.5611357023594086,Seropedica
seropedica,2023,5,2023-01-30,0,2.01241137123579,seropedica,83092,S11,S11 rainfall space-time,0.0,2.4219074895727504,Seropedica
seropedica,2023,6,2023-02-06,4,4.00572310622247,seropedica,83092,S11,S11 rainfall space-time,4.813941173638859,4.820828847810223,Seropedica
seropedica,2023,7,2023-02-13,2,3.71216232279852,seropedica,83092,S11,S11 rainfall space-time,2.4069705868194293,4.467532762237664,Seropedica
seropedica,2023,8,2023-02-20,2,3.55934089233813,seropedica,83092,S11,S11 rainfall space-time,2.4069705868194293,4.283614418160749,Seropedica
seropedica,2023,9,2023-02-27,2,2.4974857403221,seropedica,83092,S11,S11 rainfall space-time,2.4069705868194293,3.0056873589781206,Seropedica
seropedica,2023,10,2023-03-06,1,10.3980462553293,seropedica,83092,S11,S11 rainfall space-time,1.2034852934097147,12.513895748482765,Seropedica
seropedica,2023,11,2023-03-13,2,8.83318673640422,seropedica,83092,S11,S11 rainfall space-time,2.4069705868194293,10.630610331204233,Seropedica
seropedica,2023,18,2023-05-01,0,3.09137959606842,seropedica,83092,S11,S11 rainfall space-time,0.0,3.720429880215207,Seropedica
seropedica,2023,19,2023-05-08,2,6.8776871172569,seropedica,83092,S11,S11 rainfall space-time,2.4069705868194293,8.277195298292135,Seropedica
seropedica,2023,20,2023-05-15,2,2.51156507166947,seropedica,83092,S11,S11 rainfall space-time,2.4069705868194293,3.0226316271957225,Seropedica
seropedica,2023,21,2023-05-22,0,2.07521733906616,seropedica,83092,S11,S11 rainfall space-time,0.0,2.4974935481949645,Seropedica
seropedica,2023,22,2023-05-29,1,1.94212129108905,seropedica,83092,S11,S11 rainfall space-time,1.2034852934097147,2.337314411843559,Seropedica
seropedica,2023,23,2023-06-05,0,4.07696981024888,seropedica,83092,S11,S11 rainfall space-time,0.0,4.906573208309921,Seropedica
seropedica,2023,24,2023-06-12,4,4.33038550430324,seropedica,83092,S11,S11 rainfall space-time,4.813941173638859,5.211555269223559,Seropedica
seropedica,2023,25,2023-06-19,4,1.46542349533169,seropedica,83092,S11,S11 rainfall space-time,4.813941173638859,1.7636156252487483,Seropedica
seropedica,2023,29,2023-07-17,4,3.37651430916188,seropedica,83092,S11,S11 rainfall space-time,4.813941173638859,4.0635853140637845,Seropedica
seropedica,2023,30,2023-07-24,1,0.796107840499402,seropedica,83092,S11,S11 rainfall space-time,1.2034852934097147,0.9581040780091971,Seropedica
seropedica,2023,31,2023-07-31,0,0.690384668048776,seropedica,83092,S11,S11 rainfall space-time,0.0,0.8308677947922496,Seropedica
seropedica,2023,32,2023-08-07,0,0.758072903521102,seropedica,83092,S11,S11 rainfall space-time,0.0,0.9123295907200477,Seropedica
seropedica,2023,33,2023-08-14,0,2.88151058693613,seropedica,83092,S11,S11 rainfall space-time,0.0,3.4678556141820267,Seropedica
seropedica,2023,34,2023-08-21,1,1.42314325075837,seropedica,83092,S11,S11 rainfall space-time,1.2034852934097147,1.7127319727029917,Seropedica
seropedica,2023,35,2023-08-28,1,0.789891183342802,seropedica,83092,S11,S11 rainfall space-time,1.2034852934097147,0.9506224225470586,Seropedica
seropedica,2023,36,2023-09-04,2,0.721530732022259,seropedica,83092,S11,S11 rainfall space-time,2.4069705868194293,0.8683516247319346,Seropedica
seropedica,2023,37,2023-09-11,1,0.895362214413543,seropedica,83092,S11,S11 rainfall space-time,1.2034852934097147,1.0775552573214546,Seropedica
seropedica,2023,38,2023-09-18,1,1.71070794337133,seropedica,83092,S11,S11 rainfall space-time,1.2034852934097147,2.058811851166574,Seropedica
seropedica,2023,39,2023-09-25,1,1.73345180989181,seropedica,83092,S11,S11 rainfall space-time,1.2034852934097147,2.0861837600392454,Seropedica
seropedica,2023,40,2023-10-02,0,2.33995737020564,seropedica,83092,S11,S11 rainfall space-time,0.0,2.816104282248159,Seropedica
seropedica,2023,41,2023-10-09,0,1.52562081754645,seropedica,83092,S11,S11 rainfall space-time,0.0,1.8360622172368581,Seropedica
seropedica,2023,42,2023-10-16,0,2.12107479896303,seropedica,83092,S11,S11 rainfall space-time,0.0,2.5526823267739736,Seropedica
seropedica,2023,43,2023-10-23,0,1.9270313538268,seropedica,83092,S11,S11 rainfall space-time,0.0,2.3191538942699657,Seropedica
seropedica,2023,44,2023-10-30,3,1.13254342723408,seropedica,83092,S11,S11 rainfall space-time,3.6104558802291438,1.3629993588240505,Seropedica
seropedica,2023,45,2023-11-06,4,1.25139788396997,seropedica,83092,S11,S11 rainfall space-time,4.813941173638859,1.5060389495618953,Seropedica
seropedica,2023,46,2023-11-13,1,1.27963907703478,seropedica,83092,S11,S11 rainfall space-time,1.2034852934097147,1.5400268100837387,Seropedica
seropedica,2023,47,2023-11-20,8,1.70632116698264,seropedica,83092,S11,S11 rainfall space-time,9.627882347277717,2.053532430297309,Seropedica
seropedica,2023,48,2023-11-27,0,5.82723891672042,seropedica,83092,S11,S11 rainfall space-time,0.0,7.012996337457782,Seropedica
seropedica,2023,49,2023-12-04,0,8.04416315934144,seropedica,83092,S11,S11 rainfall space-time,0.0,9.68103206005565,Seropedica
seropedica,2023,50,2023-12-11,1,3.9933668758658,seropedica,83092,S11,S11 rainfall space-time,1.2034852934097147,4.805958306293987,Seropedica
seropedica,2023,51,2023-12-18,0,9.82946625029608,seropedica,83092,S11,S11 rainfall space-time,0.0,11.829618074298466,Seropedica
seropedica,2023,52,2023-12-25,2,1.85023879594165,seropedica,83092,S11,S11 rainfall space-time,2.4069705868194293,2.2267351802118736,Seropedica
