split,mae,rmse,wape,accuracy_pct,r2
train,4.127977321713924,21.94624950204873,0.8810608110251834,11.893918897481658,0.5843254463646405
test,19.016526233880537,97.09362087547841,0.8694214129910207,13.057858700897928,0.19953680562745457
