lag,accuracy_pct,mae,rmse,wape,r2,weighted_rhat,weighted_ess_bulk,weighted_ess_tail,n_rows
2,55.90476675366993,3.111287243401759,10.946576817817848,0.4409523324633006,0.9333661925697285,1.0027842923647134,2528.7825798669764,2154.657806893802,17050
