/Volumes/Temp/tmp/RtmpNlAxpv/R.INSTALL63086217f59c/arrow/tools/cpp/src/arrow/util/cpu_info.cc:242: IOError: sysctlbyname failed for 'hw.l1dcachesize'. Detail: [errno 1] Operation not permitted
/Volumes/Temp/tmp/RtmpNlAxpv/R.INSTALL63086217f59c/arrow/tools/cpp/src/arrow/util/cpu_info.cc:242: IOError: sysctlbyname failed for 'hw.l2cachesize'. Detail: [errno 1] Operation not permitted
/Volumes/Temp/tmp/RtmpNlAxpv/R.INSTALL63086217f59c/arrow/tools/cpp/src/arrow/util/cpu_info.cc:242: IOError: sysctlbyname failed for 'hw.l3cachesize'. Detail: [errno 1] Operation not permitted
/Volumes/Temp/tmp/RtmpNlAxpv/R.INSTALL63086217f59c/arrow/tools/cpp/src/arrow/util/cpu_info.cc:242: IOError: sysctlbyname failed for 'hw.optional.neon'. Detail: [errno 1] Operation not permitted
sh: /bin/kstat: No such file or directory
sh: /bin/kstat: No such file or directory
sh: /bin/kstat: No such file or directory
sh: /bin/kstat: No such file or directory
sh: /bin/kstat: No such file or directory
sh: /bin/kstat: No such file or directory
sh: /bin/kstat: No such file or directory
sh: /bin/kstat: No such file or directory
sh: /bin/kstat: No such file or directory
sh: /bin/kstat: No such file or directory
M5/S2 dataframe built
Original rows: 76544 
Model rows: 30302 
Dropped missing S2 covariates: 3186 
Municipios: 92 
Years: 2017, 2018, 2019, 2020, 2021, 2022, 2023 
Rows with at least one neighbor lag value: 28635 
INLA graph written: /var/folders/hf/rt97wjy964g2q1trd19ksx0r0000gn/T//Rtmp6Bx16t/rj_municipality_inla_s10.graph 
Connected graph nodes: 87 
Connected graph edges: 511 
Isolated municipalities: 5 
sh: /bin/kstat: No such file or directory
sh: /bin/kstat: No such file or directory
sh: /bin/kstat: No such file or directory
sh: /bin/kstat: No such file or directory
sh: /bin/kstat: No such file or directory
sh: /bin/kstat: No such file or directory
sh: /bin/kstat: No such file or directory
sh: /bin/kstat: No such file or directory
sh: /bin/kstat: No such file or directory
sh: /bin/kstat: No such file or directory
sh: /bin/kstat: No such file or directory
sh: /bin/kstat: No such file or directory
sh: /bin/kstat: No such file or directory
sh: /bin/kstat: No such file or directory
sh: /bin/kstat: No such file or directory
sh: /bin/kstat: No such file or directory
sh: /bin/kstat: No such file or directory
sh: /bin/kstat: No such file or directory
sh: /bin/kstat: No such file or directory
sh: /bin/kstat: No such file or directory
sh: /bin/kstat: No such file or directory
sh: /bin/kstat: No such file or directory
sh: /bin/kstat: No such file or directory
sh: /bin/kstat: No such file or directory
sh: /bin/kstat: No such file or directory
sh: /bin/kstat: No such file or directory
sh: /bin/kstat: No such file or directory
sh: /bin/kstat: No such file or directory
sh: /bin/kstat: No such file or directory
sh: /bin/kstat: No such file or directory
sh: /bin/kstat: No such file or directory
sh: /bin/kstat: No such file or directory
sh: /bin/kstat: No such file or directory
sh: /bin/kstat: No such file or directory
sh: /bin/kstat: No such file or directory
sh: /bin/kstat: No such file or directory
sh: /bin/kstat: No such file or directory
sh: /bin/kstat: No such file or directory
sh: /bin/kstat: No such file or directory
sh: /bin/kstat: No such file or directory
sh: /bin/kstat: No such file or directory
sh: /bin/kstat: No such file or directory
sh: /bin/kstat: No such file or directory
sh: /bin/kstat: No such file or directory
sh: /bin/kstat: No such file or directory
sh: /bin/kstat: No such file or directory
sh: /bin/kstat: No such file or directory
sh: /bin/kstat: No such file or directory
sh: /bin/kstat: No such file or directory
sh: /bin/kstat: No such file or directory
sh: /bin/kstat: No such file or directory
sh: /bin/kstat: No such file or directory
sh: /bin/kstat: No such file or directory
sh: /bin/kstat: No such file or directory
sh: /bin/kstat: No such file or directory
sh: /bin/kstat: No such file or directory
sh: /bin/kstat: No such file or directory
sh: /bin/kstat: No such file or directory
sh: /bin/kstat: No such file or directory
sh: /bin/kstat: No such file or directory
sh: /bin/kstat: No such file or directory
sh: /bin/kstat: No such file or directory
sh: /bin/kstat: No such file or directory
sh: /bin/kstat: No such file or directory
sh: /bin/kstat: No such file or directory
sh: /bin/kstat: No such file or directory
sh: /bin/kstat: No such file or directory
sh: /bin/kstat: No such file or directory
sh: /bin/kstat: No such file or directory
sh: /bin/kstat: No such file or directory
sh: /bin/kstat: No such file or directory
sh: /bin/kstat: No such file or directory
sh: /bin/kstat: No such file or directory
sh: /bin/kstat: No such file or directory
sh: /bin/kstat: No such file or directory
sh: /bin/kstat: No such file or directory
sh: /bin/kstat: No such file or directory
sh: /bin/kstat: No such file or directory
sh: /bin/kstat: No such file or directory
sh: /bin/kstat: No such file or directory
sh: /bin/kstat: No such file or directory
sh: /bin/kstat: No such file or directory
sh: /bin/kstat: No such file or directory
sh: /bin/kstat: No such file or directory
sh: /bin/kstat: No such file or directory
sh: /bin/kstat: No such file or directory
sh: /bin/kstat: No such file or directory
sh: /bin/kstat: No such file or directory
sh: /bin/kstat: No such file or directory
sh: /bin/kstat: No such file or directory
sh: /bin/kstat: No such file or directory
sh: /bin/kstat: No such file or directory
sh: /bin/kstat: No such file or directory
sh: /bin/kstat: No such file or directory
sh: /bin/kstat: No such file or directory
sh: /bin/kstat: No such file or directory
sh: /bin/kstat: No such file or directory
sh: /bin/kstat: No such file or directory
sh: /bin/kstat: No such file or directory
sh: /bin/kstat: No such file or directory
sh: /bin/kstat: No such file or directory
sh: /bin/kstat: No such file or directory
sh: /bin/kstat: No such file or directory
sh: /bin/kstat: No such file or directory
sh: /bin/kstat: No such file or directory
sh: /bin/kstat: No such file or directory
sh: /bin/kstat: No such file or directory
sh: /bin/kstat: No such file or directory
sh: /bin/kstat: No such file or directory
sh: /bin/kstat: No such file or directory
sh: /bin/kstat: No such file or directory
sh: /bin/kstat: No such file or directory
sh: /bin/kstat: No such file or directory
sh: /bin/kstat: No such file or directory
sh: /bin/kstat: No such file or directory
sh: /bin/kstat: No such file or directory
sh: /bin/kstat: No such file or directory
sh: /bin/kstat: No such file or directory
sh: /bin/kstat: No such file or directory
sh: /bin/kstat: No such file or directory
sh: /bin/kstat: No such file or directory
sh: /bin/kstat: No such file or directory
sh: /bin/kstat: No such file or directory
sh: /bin/kstat: No such file or directory
sh: /bin/kstat: No such file or directory
sh: /bin/kstat: No such file or directory
sh: /bin/kstat: No such file or directory
sh: /bin/kstat: No such file or directory
sh: /bin/kstat: No such file or directory
sh: /bin/kstat: No such file or directory
sh: /bin/kstat: No such file or directory
sh: /bin/kstat: No such file or directory
sh: /bin/kstat: No such file or directory
sh: /bin/kstat: No such file or directory
sh: /bin/kstat: No such file or directory
sh: /bin/kstat: No such file or directory
sh: /bin/kstat: No such file or directory
sh: /bin/kstat: No such file or directory
sh: /bin/kstat: No such file or directory
sh: /bin/kstat: No such file or directory
sh: /bin/kstat: No such file or directory
sh: /bin/kstat: No such file or directory
sh: /bin/kstat: No such file or directory
sh: /bin/kstat: No such file or directory
sh: /bin/kstat: No such file or directory
sh: /bin/kstat: No such file or directory
sh: /bin/kstat: No such file or directory
sh: /bin/kstat: No such file or directory
sh: /bin/kstat: No such file or directory
sh: /bin/kstat: No such file or directory
sh: /bin/kstat: No such file or directory
sh: /bin/kstat: No such file or directory
sh: /bin/kstat: No such file or directory
sh: /bin/kstat: No such file or directory
sh: /bin/kstat: No such file or directory
sh: /bin/kstat: No such file or directory
sh: /bin/kstat: No such file or directory
sh: /bin/kstat: No such file or directory
sh: /bin/kstat: No such file or directory
sh: /bin/kstat: No such file or directory
sh: /bin/kstat: No such file or directory
sh: /bin/kstat: No such file or directory
sh: /bin/kstat: No such file or directory
sh: /bin/kstat: No such file or directory
sh: /bin/kstat: No such file or directory
sh: /bin/kstat: No such file or directory
sh: /bin/kstat: No such file or directory
sh: /bin/kstat: No such file or directory
sh: /bin/kstat: No such file or directory
sh: /bin/kstat: No such file or directory
sh: /bin/kstat: No such file or directory
sh: /bin/kstat: No such file or directory
sh: /bin/kstat: No such file or directory
sh: /bin/kstat: No such file or directory
sh: /bin/kstat: No such file or directory
sh: /bin/kstat: No such file or directory
sh: /bin/kstat: No such file or directory
sh: /bin/kstat: No such file or directory
sh: /bin/kstat: No such file or directory
sh: /bin/kstat: No such file or directory
sh: /bin/kstat: No such file or directory
sh: /bin/kstat: No such file or directory
sh: /bin/kstat: No such file or directory
sh: /bin/kstat: No such file or directory
sh: /bin/kstat: No such file or directory
sh: /bin/kstat: No such file or directory
sh: /bin/kstat: No such file or directory
sh: /bin/kstat: No such file or directory
sh: /bin/kstat: No such file or directory
sh: /bin/kstat: No such file or directory
sh: /bin/kstat: No such file or directory
sh: /bin/kstat: No such file or directory
sh: /bin/kstat: No such file or directory
sh: /bin/kstat: No such file or directory
sh: /bin/kstat: No such file or directory
sh: /bin/kstat: No such file or directory
sh: /bin/kstat: No such file or directory
sh: /bin/kstat: No such file or directory
sh: /bin/kstat: No such file or directory
sh: /bin/kstat: No such file or directory
sh: /bin/kstat: No such file or directory
sh: /bin/kstat: No such file or directory
sh: /bin/kstat: No such file or directory
sh: /bin/kstat: No such file or directory
sh: /bin/kstat: No such file or directory
sh: /bin/kstat: No such file or directory
sh: /bin/kstat: No such file or directory
sh: /bin/kstat: No such file or directory
sh: /bin/kstat: No such file or directory
sh: /bin/kstat: No such file or directory
sh: /bin/kstat: No such file or directory
sh: /bin/kstat: No such file or directory
sh: /bin/kstat: No such file or directory
sh: /bin/kstat: No such file or directory
sh: /bin/kstat: No such file or directory
sh: /bin/kstat: No such file or directory
sh: /bin/kstat: No such file or directory
sh: /bin/kstat: No such file or directory
sh: /bin/kstat: No such file or directory
sh: /bin/kstat: No such file or directory
sh: /bin/kstat: No such file or directory
sh: /bin/kstat: No such file or directory
sh: /bin/kstat: No such file or directory
sh: /bin/kstat: No such file or directory
sh: /bin/kstat: No such file or directory
sh: /bin/kstat: No such file or directory
sh: /bin/kstat: No such file or directory
sh: /bin/kstat: No such file or directory
sh: /bin/kstat: No such file or directory
sh: /bin/kstat: No such file or directory
sh: /bin/kstat: No such file or directory
sh: /bin/kstat: No such file or directory
sh: /bin/kstat: No such file or directory
sh: /bin/kstat: No such file or directory
sh: /bin/kstat: No such file or directory
sh: /bin/kstat: No such file or directory
sh: /bin/kstat: No such file or directory
sh: /bin/kstat: No such file or directory
sh: /bin/kstat: No such file or directory
sh: /bin/kstat: No such file or directory
sh: /bin/kstat: No such file or directory
sh: /bin/kstat: No such file or directory
sh: /bin/kstat: No such file or directory
sh: /bin/kstat: No such file or directory
sh: /bin/kstat: No such file or directory
sh: /bin/kstat: No such file or directory
sh: /bin/kstat: No such file or directory
sh: /bin/kstat: No such file or directory
sh: /bin/kstat: No such file or directory
sh: /bin/kstat: No such file or directory
sh: /bin/kstat: No such file or directory
sh: /bin/kstat: No such file or directory
sh: /bin/kstat: No such file or directory
sh: /bin/kstat: No such file or directory
sh: /bin/kstat: No such file or directory
sh: /bin/kstat: No such file or directory
sh: /bin/kstat: No such file or directory
sh: /bin/kstat: No such file or directory
sh: /bin/kstat: No such file or directory
sh: /bin/kstat: No such file or directory
sh: /bin/kstat: No such file or directory
sh: /bin/kstat: No such file or directory
sh: /bin/kstat: No such file or directory
sh: /bin/kstat: No such file or directory
sh: /bin/kstat: No such file or directory
sh: /bin/kstat: No such file or directory
sh: /bin/kstat: No such file or directory
sh: /bin/kstat: No such file or directory
sh: /bin/kstat: No such file or directory
sh: /bin/kstat: No such file or directory
sh: /bin/kstat: No such file or directory
sh: /bin/kstat: No such file or directory
sh: /bin/kstat: No such file or directory
sh: /bin/kstat: No such file or directory
sh: /bin/kstat: No such file or directory
sh: /bin/kstat: No such file or directory
sh: /bin/kstat: No such file or directory
sh: /bin/kstat: No such file or directory
sh: /bin/kstat: No such file or directory
sh: /bin/kstat: No such file or directory
sh: /bin/kstat: No such file or directory
sh: /bin/kstat: No such file or directory
sh: /bin/kstat: No such file or directory
sh: /bin/kstat: No such file or directory
sh: /bin/kstat: No such file or directory
sh: /bin/kstat: No such file or directory
sh: /bin/kstat: No such file or directory
sh: /bin/kstat: No such file or directory
sh: /bin/kstat: No such file or directory
sh: /bin/kstat: No such file or directory
sh: /bin/kstat: No such file or directory
sh: /bin/kstat: No such file or directory
sh: /bin/kstat: No such file or directory
sh: /bin/kstat: No such file or directory
sh: /bin/kstat: No such file or directory
sh: /bin/kstat: No such file or directory
sh: /bin/kstat: No such file or directory
sh: /bin/kstat: No such file or directory
sh: /bin/kstat: No such file or directory
sh: /bin/kstat: No such file or directory
sh: /bin/kstat: No such file or directory
sh: /bin/kstat: No such file or directory
sh: /bin/kstat: No such file or directory
sh: /bin/kstat: No such file or directory
sh: /bin/kstat: No such file or directory
sh: /bin/kstat: No such file or directory
sh: /bin/kstat: No such file or directory
sh: /bin/kstat: No such file or directory
sh: /bin/kstat: No such file or directory
sh: /bin/kstat: No such file or directory
sh: /bin/kstat: No such file or directory
sh: /bin/kstat: No such file or directory
sh: /bin/kstat: No such file or directory
sh: /bin/kstat: No such file or directory
sh: /bin/kstat: No such file or directory
sh: /bin/kstat: No such file or directory
sh: /bin/kstat: No such file or directory
sh: /bin/kstat: No such file or directory
sh: /bin/kstat: No such file or directory
sh: /bin/kstat: No such file or directory
sh: /bin/kstat: No such file or directory
sh: /bin/kstat: No such file or directory
sh: /bin/kstat: No such file or directory
sh: /bin/kstat: No such file or directory
sh: /bin/kstat: No such file or directory
sh: /bin/kstat: No such file or directory
sh: /bin/kstat: No such file or directory
sh: /bin/kstat: No such file or directory
sh: /bin/kstat: No such file or directory
sh: /bin/kstat: No such file or directory
sh: /bin/kstat: No such file or directory
sh: /bin/kstat: No such file or directory
sh: /bin/kstat: No such file or directory
sh: /bin/kstat: No such file or directory
sh: /bin/kstat: No such file or directory
sh: /bin/kstat: No such file or directory
sh: /bin/kstat: No such file or directory
sh: /bin/kstat: No such file or directory
sh: /bin/kstat: No such file or directory
sh: /bin/kstat: No such file or directory
sh: /bin/kstat: No such file or directory
sh: /bin/kstat: No such file or directory
sh: /bin/kstat: No such file or directory
sh: /bin/kstat: No such file or directory
sh: /bin/kstat: No such file or directory
sh: /bin/kstat: No such file or directory
sh: /bin/kstat: No such file or directory
sh: /bin/kstat: No such file or directory
sh: /bin/kstat: No such file or directory
sh: /bin/kstat: No such file or directory
sh: /bin/kstat: No such file or directory
sh: /bin/kstat: No such file or directory
sh: /bin/kstat: No such file or directory
sh: /bin/kstat: No such file or directory
sh: /bin/kstat: No such file or directory
sh: /bin/kstat: No such file or directory
sh: /bin/kstat: No such file or directory
sh: /bin/kstat: No such file or directory
sh: /bin/kstat: No such file or directory
sh: /bin/kstat: No such file or directory
sh: /bin/kstat: No such file or directory
sh: /bin/kstat: No such file or directory
sh: /bin/kstat: No such file or directory
sh: /bin/kstat: No such file or directory
sh: /bin/kstat: No such file or directory
sh: /bin/kstat: No such file or directory
sh: /bin/kstat: No such file or directory
sh: /bin/kstat: No such file or directory
sh: /bin/kstat: No such file or directory
sh: /bin/kstat: No such file or directory
sh: /bin/kstat: No such file or directory
sh: /bin/kstat: No such file or directory
sh: /bin/kstat: No such file or directory
sh: /bin/kstat: No such file or directory
sh: /bin/kstat: No such file or directory
sh: /bin/kstat: No such file or directory
sh: /bin/kstat: No such file or directory
sh: /bin/kstat: No such file or directory
sh: /bin/kstat: No such file or directory
sh: /bin/kstat: No such file or directory
sh: /bin/kstat: No such file or directory
sh: /bin/kstat: No such file or directory
sh: /bin/kstat: No such file or directory
sh: /bin/kstat: No such file or directory
sh: /bin/kstat: No such file or directory
sh: /bin/kstat: No such file or directory
sh: /bin/kstat: No such file or directory
sh: /bin/kstat: No such file or directory
sh: /bin/kstat: No such file or directory
sh: /bin/kstat: No such file or directory
sh: /bin/kstat: No such file or directory
sh: /bin/kstat: No such file or directory
sh: /bin/kstat: No such file or directory
sh: /bin/kstat: No such file or directory
sh: /bin/kstat: No such file or directory
sh: /bin/kstat: No such file or directory
sh: /bin/kstat: No such file or directory
sh: /bin/kstat: No such file or directory
sh: /bin/kstat: No such file or directory
sh: /bin/kstat: No such file or directory
sh: /bin/kstat: No such file or directory
sh: /bin/kstat: No such file or directory
sh: /bin/kstat: No such file or directory
sh: /bin/kstat: No such file or directory
sh: /bin/kstat: No such file or directory
sh: /bin/kstat: No such file or directory
sh: /bin/kstat: No such file or directory
sh: /bin/kstat: No such file or directory
sh: /bin/kstat: No such file or directory
sh: /bin/kstat: No such file or directory
sh: /bin/kstat: No such file or directory
sh: /bin/kstat: No such file or directory
sh: /bin/kstat: No such file or directory
sh: /bin/kstat: No such file or directory
sh: /bin/kstat: No such file or directory
sh: /bin/kstat: No such file or directory
sh: /bin/kstat: No such file or directory
sh: /bin/kstat: No such file or directory
sh: /bin/kstat: No such file or directory
sh: /bin/kstat: No such file or directory
sh: /bin/kstat: No such file or directory
sh: /bin/kstat: No such file or directory
sh: /bin/kstat: No such file or directory
sh: /bin/kstat: No such file or directory
sh: /bin/kstat: No such file or directory
sh: /bin/kstat: No such file or directory
sh: /bin/kstat: No such file or directory
sh: /bin/kstat: No such file or directory
sh: /bin/kstat: No such file or directory
sh: /bin/kstat: No such file or directory
sh: /bin/kstat: No such file or directory
sh: /bin/kstat: No such file or directory
sh: /bin/kstat: No such file or directory
sh: /bin/kstat: No such file or directory
sh: /bin/kstat: No such file or directory
sh: /bin/kstat: No such file or directory
sh: /bin/kstat: No such file or directory
sh: /bin/kstat: No such file or directory
sh: /bin/kstat: No such file or directory
sh: /bin/kstat: No such file or directory
sh: /bin/kstat: No such file or directory
sh: /bin/kstat: No such file or directory
sh: /bin/kstat: No such file or directory
sh: /bin/kstat: No such file or directory
sh: /bin/kstat: No such file or directory
sh: /bin/kstat: No such file or directory
sh: /bin/kstat: No such file or directory
sh: /bin/kstat: No such file or directory
sh: /bin/kstat: No such file or directory
sh: /bin/kstat: No such file or directory
sh: /bin/kstat: No such file or directory
sh: /bin/kstat: No such file or directory
sh: /bin/kstat: No such file or directory
sh: /bin/kstat: No such file or directory
sh: /bin/kstat: No such file or directory
sh: /bin/kstat: No such file or directory
sh: /bin/kstat: No such file or directory
sh: /bin/kstat: No such file or directory
sh: /bin/kstat: No such file or directory
sh: /bin/kstat: No such file or directory
sh: /bin/kstat: No such file or directory
sh: /bin/kstat: No such file or directory
sh: /bin/kstat: No such file or directory
sh: /bin/kstat: No such file or directory
sh: /bin/kstat: No such file or directory
sh: /bin/kstat: No such file or directory
sh: /bin/kstat: No such file or directory
sh: /bin/kstat: No such file or directory
sh: /bin/kstat: No such file or directory
sh: /bin/kstat: No such file or directory
sh: /bin/kstat: No such file or directory
sh: /bin/kstat: No such file or directory
sh: /bin/kstat: No such file or directory
sh: /bin/kstat: No such file or directory
sh: /bin/kstat: No such file or directory
sh: /bin/kstat: No such file or directory
sh: /bin/kstat: No such file or directory
sh: /bin/kstat: No such file or directory
sh: /bin/kstat: No such file or directory
sh: /bin/kstat: No such file or directory
sh: /bin/kstat: No such file or directory
sh: /bin/kstat: No such file or directory
sh: /bin/kstat: No such file or directory
sh: /bin/kstat: No such file or directory
sh: /bin/kstat: No such file or directory
sh: /bin/kstat: No such file or directory
sh: /bin/kstat: No such file or directory
sh: /bin/kstat: No such file or directory
sh: /bin/kstat: No such file or directory
sh: /bin/kstat: No such file or directory
sh: /bin/kstat: No such file or directory
sh: /bin/kstat: No such file or directory
sh: /bin/kstat: No such file or directory
sh: /bin/kstat: No such file or directory
sh: /bin/kstat: No such file or directory
sh: /bin/kstat: No such file or directory
sh: /bin/kstat: No such file or directory
sh: /bin/kstat: No such file or directory
sh: /bin/kstat: No such file or directory
sh: /bin/kstat: No such file or directory
sh: /bin/kstat: No such file or directory
sh: /bin/kstat: No such file or directory
sh: /bin/kstat: No such file or directory
sh: /bin/kstat: No such file or directory
sh: /bin/kstat: No such file or directory
sh: /bin/kstat: No such file or directory
sh: /bin/kstat: No such file or directory
sh: /bin/kstat: No such file or directory
sh: /bin/kstat: No such file or directory
sh: /bin/kstat: No such file or directory
sh: /bin/kstat: No such file or directory
sh: /bin/kstat: No such file or directory
sh: /bin/kstat: No such file or directory
sh: /bin/kstat: No such file or directory
sh: /bin/kstat: No such file or directory
sh: /bin/kstat: No such file or directory
sh: /bin/kstat: No such file or directory
sh: /bin/kstat: No such file or directory
sh: /bin/kstat: No such file or directory
sh: /bin/kstat: No such file or directory
sh: /bin/kstat: No such file or directory
sh: /bin/kstat: No such file or directory
sh: /bin/kstat: No such file or directory
sh: /bin/kstat: No such file or directory
sh: /bin/kstat: No such file or directory
sh: /bin/kstat: No such file or directory
sh: /bin/kstat: No such file or directory
sh: /bin/kstat: No such file or directory
sh: /bin/kstat: No such file or directory
sh: /bin/kstat: No such file or directory
sh: /bin/kstat: No such file or directory
sh: /bin/kstat: No such file or directory
sh: /bin/kstat: No such file or directory
sh: /bin/kstat: No such file or directory
sh: /bin/kstat: No such file or directory
sh: /bin/kstat: No such file or directory
sh: /bin/kstat: No such file or directory
sh: /bin/kstat: No such file or directory
sh: /bin/kstat: No such file or directory
sh: /bin/kstat: No such file or directory
sh: /bin/kstat: No such file or directory
sh: /bin/kstat: No such file or directory
sh: /bin/kstat: No such file or directory
sh: /bin/kstat: No such file or directory
sh: /bin/kstat: No such file or directory
sh: /bin/kstat: No such file or directory
sh: /bin/kstat: No such file or directory
sh: /bin/kstat: No such file or directory
sh: /bin/kstat: No such file or directory
sh: /bin/kstat: No such file or directory
sh: /bin/kstat: No such file or directory
sh: /bin/kstat: No such file or directory
sh: /bin/kstat: No such file or directory
sh: /bin/kstat: No such file or directory
sh: /bin/kstat: No such file or directory
sh: /bin/kstat: No such file or directory
sh: /bin/kstat: No such file or directory
sh: /bin/kstat: No such file or directory
sh: /bin/kstat: No such file or directory
sh: /bin/kstat: No such file or directory
sh: /bin/kstat: No such file or directory
sh: /bin/kstat: No such file or directory
sh: /bin/kstat: No such file or directory
sh: /bin/kstat: No such file or directory
sh: /bin/kstat: No such file or directory
sh: /bin/kstat: No such file or directory
sh: /bin/kstat: No such file or directory
sh: /bin/kstat: No such file or directory
sh: /bin/kstat: No such file or directory
sh: /bin/kstat: No such file or directory
sh: /bin/kstat: No such file or directory
sh: /bin/kstat: No such file or directory
sh: /bin/kstat: No such file or directory
sh: /bin/kstat: No such file or directory
sh: /bin/kstat: No such file or directory
sh: /bin/kstat: No such file or directory
sh: /bin/kstat: No such file or directory
sh: /bin/kstat: No such file or directory
sh: /bin/kstat: No such file or directory
sh: /bin/kstat: No such file or directory
sh: /bin/kstat: No such file or directory
sh: /bin/kstat: No such file or directory
sh: /bin/kstat: No such file or directory
sh: /bin/kstat: No such file or directory
sh: /bin/kstat: No such file or directory
sh: /bin/kstat: No such file or directory
sh: /bin/kstat: No such file or directory
sh: /bin/kstat: No such file or directory
sh: /bin/kstat: No such file or directory
sh: /bin/kstat: No such file or directory
sh: /bin/kstat: No such file or directory
sh: /bin/kstat: No such file or directory
sh: /bin/kstat: No such file or directory
sh: /bin/kstat: No such file or directory
sh: /bin/kstat: No such file or directory
sh: /bin/kstat: No such file or directory
sh: /bin/kstat: No such file or directory
sh: /bin/kstat: No such file or directory
sh: /bin/kstat: No such file or directory
sh: /bin/kstat: No such file or directory
sh: /bin/kstat: No such file or directory
sh: /bin/kstat: No such file or directory
sh: /bin/kstat: No such file or directory
sh: /bin/kstat: No such file or directory
sh: /bin/kstat: No such file or directory
sh: /bin/kstat: No such file or directory
sh: /bin/kstat: No such file or directory
sh: /bin/kstat: No such file or directory
sh: /bin/kstat: No such file or directory
sh: /bin/kstat: No such file or directory
sh: /bin/kstat: No such file or directory
sh: /bin/kstat: No such file or directory
sh: /bin/kstat: No such file or directory
sh: /bin/kstat: No such file or directory
sh: /bin/kstat: No such file or directory
sh: /bin/kstat: No such file or directory
sh: /bin/kstat: No such file or directory
sh: /bin/kstat: No such file or directory
sh: /bin/kstat: No such file or directory
sh: /bin/kstat: No such file or directory
sh: /bin/kstat: No such file or directory
sh: /bin/kstat: No such file or directory
sh: /bin/kstat: No such file or directory
sh: /bin/kstat: No such file or directory
sh: /bin/kstat: No such file or directory
sh: /bin/kstat: No such file or directory
sh: /bin/kstat: No such file or directory
sh: /bin/kstat: No such file or directory
sh: /bin/kstat: No such file or directory
sh: /bin/kstat: No such file or directory
sh: /bin/kstat: No such file or directory
sh: /bin/kstat: No such file or directory
sh: /bin/kstat: No such file or directory
sh: /bin/kstat: No such file or directory
sh: /bin/kstat: No such file or directory
sh: /bin/kstat: No such file or directory
sh: /bin/kstat: No such file or directory
sh: /bin/kstat: No such file or directory
sh: /bin/kstat: No such file or directory
sh: /bin/kstat: No such file or directory
sh: /bin/kstat: No such file or directory
sh: /bin/kstat: No such file or directory
sh: /bin/kstat: No such file or directory
sh: /bin/kstat: No such file or directory
sh: /bin/kstat: No such file or directory
sh: /bin/kstat: No such file or directory
sh: /bin/kstat: No such file or directory
sh: /bin/kstat: No such file or directory
sh: /bin/kstat: No such file or directory
sh: /bin/kstat: No such file or directory
sh: /bin/kstat: No such file or directory
sh: /bin/kstat: No such file or directory
sh: /bin/kstat: No such file or directory
sh: /bin/kstat: No such file or directory
sh: /bin/kstat: No such file or directory
sh: /bin/kstat: No such file or directory
sh: /bin/kstat: No such file or directory
sh: /bin/kstat: No such file or directory
sh: /bin/kstat: No such file or directory
sh: /bin/kstat: No such file or directory
sh: /bin/kstat: No such file or directory
sh: /bin/kstat: No such file or directory
sh: /bin/kstat: No such file or directory
sh: /bin/kstat: No such file or directory
sh: /bin/kstat: No such file or directory
sh: /bin/kstat: No such file or directory
sh: /bin/kstat: No such file or directory
sh: /bin/kstat: No such file or directory
sh: /bin/kstat: No such file or directory
sh: /bin/kstat: No such file or directory
sh: /bin/kstat: No such file or directory
sh: /bin/kstat: No such file or directory
sh: /bin/kstat: No such file or directory
sh: /bin/kstat: No such file or directory
sh: /bin/kstat: No such file or directory
sh: /bin/kstat: No such file or directory
sh: /bin/kstat: No such file or directory
sh: /bin/kstat: No such file or directory
sh: /bin/kstat: No such file or directory
sh: /bin/kstat: No such file or directory
sh: /bin/kstat: No such file or directory
sh: /bin/kstat: No such file or directory
sh: /bin/kstat: No such file or directory
sh: /bin/kstat: No such file or directory
sh: /bin/kstat: No such file or directory
sh: /bin/kstat: No such file or directory
sh: /bin/kstat: No such file or directory
sh: /bin/kstat: No such file or directory
sh: /bin/kstat: No such file or directory
sh: /bin/kstat: No such file or directory
sh: /bin/kstat: No such file or directory
sh: /bin/kstat: No such file or directory
sh: /bin/kstat: No such file or directory
sh: /bin/kstat: No such file or directory
sh: /bin/kstat: No such file or directory
sh: /bin/kstat: No such file or directory
sh: /bin/kstat: No such file or directory
sh: /bin/kstat: No such file or directory
sh: /bin/kstat: No such file or directory
sh: /bin/kstat: No such file or directory
sh: /bin/kstat: No such file or directory
sh: /bin/kstat: No such file or directory
sh: /bin/kstat: No such file or directory
sh: /bin/kstat: No such file or directory
sh: /bin/kstat: No such file or directory
sh: /bin/kstat: No such file or directory
sh: /bin/kstat: No such file or directory
sh: /bin/kstat: No such file or directory
sh: /bin/kstat: No such file or directory
sh: /bin/kstat: No such file or directory
sh: /bin/kstat: No such file or directory
sh: /bin/kstat: No such file or directory
sh: /bin/kstat: No such file or directory
sh: /bin/kstat: No such file or directory
sh: /bin/kstat: No such file or directory
sh: /bin/kstat: No such file or directory
sh: /bin/kstat: No such file or directory
sh: /bin/kstat: No such file or directory
sh: /bin/kstat: No such file or directory
sh: /bin/kstat: No such file or directory
sh: /bin/kstat: No such file or directory
sh: /bin/kstat: No such file or directory
sh: /bin/kstat: No such file or directory
sh: /bin/kstat: No such file or directory
sh: /bin/kstat: No such file or directory
sh: /bin/kstat: No such file or directory
sh: /bin/kstat: No such file or directory
sh: /bin/kstat: No such file or directory
sh: /bin/kstat: No such file or directory
sh: /bin/kstat: No such file or directory
sh: /bin/kstat: No such file or directory
sh: /bin/kstat: No such file or directory
sh: /bin/kstat: No such file or directory
sh: /bin/kstat: No such file or directory
sh: /bin/kstat: No such file or directory
sh: /bin/kstat: No such file or directory
sh: /bin/kstat: No such file or directory
sh: /bin/kstat: No such file or directory
sh: /bin/kstat: No such file or directory
sh: /bin/kstat: No such file or directory
sh: /bin/kstat: No such file or directory
sh: /bin/kstat: No such file or directory
sh: /bin/kstat: No such file or directory
sh: /bin/kstat: No such file or directory
sh: /bin/kstat: No such file or directory
sh: /bin/kstat: No such file or directory
sh: /bin/kstat: No such file or directory
sh: /bin/kstat: No such file or directory
sh: /bin/kstat: No such file or directory
sh: /bin/kstat: No such file or directory
sh: /bin/kstat: No such file or directory
sh: /bin/kstat: No such file or directory
sh: /bin/kstat: No such file or directory
sh: /bin/kstat: No such file or directory
sh: /bin/kstat: No such file or directory
sh: /bin/kstat: No such file or directory
sh: /bin/kstat: No such file or directory
sh: /bin/kstat: No such file or directory
sh: /bin/kstat: No such file or directory
sh: /bin/kstat: No such file or directory
sh: /bin/kstat: No such file or directory
sh: /bin/kstat: No such file or directory
sh: /bin/kstat: No such file or directory
sh: /bin/kstat: No such file or directory
sh: /bin/kstat: No such file or directory
sh: /bin/kstat: No such file or directory
sh: /bin/kstat: No such file or directory
sh: /bin/kstat: No such file or directory
sh: /bin/kstat: No such file or directory
sh: /bin/kstat: No such file or directory
sh: /bin/kstat: No such file or directory
sh: /bin/kstat: No such file or directory
sh: /bin/kstat: No such file or directory
sh: /bin/kstat: No such file or directory
sh: /bin/kstat: No such file or directory
sh: /bin/kstat: No such file or directory
sh: /bin/kstat: No such file or directory
sh: /bin/kstat: No such file or directory
sh: /bin/kstat: No such file or directory
sh: /bin/kstat: No such file or directory
sh: /bin/kstat: No such file or directory
sh: /bin/kstat: No such file or directory
sh: /bin/kstat: No such file or directory
sh: /bin/kstat: No such file or directory
sh: /bin/kstat: No such file or directory
sh: /bin/kstat: No such file or directory
sh: /bin/kstat: No such file or directory
sh: /bin/kstat: No such file or directory
sh: /bin/kstat: No such file or directory
sh: /bin/kstat: No such file or directory
sh: /bin/kstat: No such file or directory
sh: /bin/kstat: No such file or directory
sh: /bin/kstat: No such file or directory
sh: /bin/kstat: No such file or directory
sh: /bin/kstat: No such file or directory
sh: /bin/kstat: No such file or directory
sh: /bin/kstat: No such file or directory
sh: /bin/kstat: No such file or directory
sh: /bin/kstat: No such file or directory
sh: /bin/kstat: No such file or directory
sh: /bin/kstat: No such file or directory
sh: /bin/kstat: No such file or directory
sh: /bin/kstat: No such file or directory
sh: /bin/kstat: No such file or directory
sh: /bin/kstat: No such file or directory
sh: /bin/kstat: No such file or directory
sh: /bin/kstat: No such file or directory
sh: /bin/kstat: No such file or directory
sh: /bin/kstat: No such file or directory
sh: /bin/kstat: No such file or directory
sh: /bin/kstat: No such file or directory
sh: /bin/kstat: No such file or directory
sh: /bin/kstat: No such file or directory
sh: /bin/kstat: No such file or directory
sh: /bin/kstat: No such file or directory
sh: /bin/kstat: No such file or directory
sh: /bin/kstat: No such file or directory
sh: /bin/kstat: No such file or directory
sh: /bin/kstat: No such file or directory
sh: /bin/kstat: No such file or directory
sh: /bin/kstat: No such file or directory
sh: /bin/kstat: No such file or directory
sh: /bin/kstat: No such file or directory
sh: /bin/kstat: No such file or directory
sh: /bin/kstat: No such file or directory
sh: /bin/kstat: No such file or directory
sh: /bin/kstat: No such file or directory
sh: /bin/kstat: No such file or directory
sh: /bin/kstat: No such file or directory
sh: /bin/kstat: No such file or directory
sh: /bin/kstat: No such file or directory
sh: /bin/kstat: No such file or directory
sh: /bin/kstat: No such file or directory
sh: /bin/kstat: No such file or directory
sh: /bin/kstat: No such file or directory
sh: /bin/kstat: No such file or directory
sh: /bin/kstat: No such file or directory
sh: /bin/kstat: No such file or directory
sh: /bin/kstat: No such file or directory
sh: /bin/kstat: No such file or directory
sh: /bin/kstat: No such file or directory
sh: /bin/kstat: No such file or directory
sh: /bin/kstat: No such file or directory
sh: /bin/kstat: No such file or directory
sh: /bin/kstat: No such file or directory
sh: /bin/kstat: No such file or directory
sh: /bin/kstat: No such file or directory
sh: /bin/kstat: No such file or directory
sh: /bin/kstat: No such file or directory
sh: /bin/kstat: No such file or directory
sh: /bin/kstat: No such file or directory
sh: /bin/kstat: No such file or directory
sh: /bin/kstat: No such file or directory
sh: /bin/kstat: No such file or directory
sh: /bin/kstat: No such file or directory
sh: /bin/kstat: No such file or directory
sh: /bin/kstat: No such file or directory
sh: /bin/kstat: No such file or directory
sh: /bin/kstat: No such file or directory
sh: /bin/kstat: No such file or directory
sh: /bin/kstat: No such file or directory
sh: /bin/kstat: No such file or directory
sh: /bin/kstat: No such file or directory
sh: /bin/kstat: No such file or directory
sh: /bin/kstat: No such file or directory
sh: /bin/kstat: No such file or directory
sh: /bin/kstat: No such file or directory
 *** WARNING *** GMRFLib_2order_approx: rescue NAN/INF values in logl for idx=8180
 *** WARNING *** GMRFLib_2order_approx: reset counter for 2 NAN/INF values in logl
 *** WARNING *** GMRFLib_2order_approx: reset counter for 2 NAN/INF values in logl

S10 full-data fixed effects:
                                 mean         sd  0.025quant     0.5quant
(Intercept)              -0.056371366 0.15194189 -0.35738410 -0.056390232
rainfall_lag_z            0.322165525 0.03348675  0.25646752  0.322168386
humidity_lag_z           -0.060397272 0.01620747 -0.09220008 -0.060390050
temperature_lag_z        -0.008379213 0.02365040 -0.05477826 -0.008372035
idhm_z                    0.509788429 0.08620550  0.33962464  0.510041567
log_cases_lag_z           0.930517767 0.01053203  0.90986748  0.930516963
neighbor_log_cases_lag_z  0.250320631 0.02281133  0.20560530  0.250314919
                          0.975quant         mode          kld
(Intercept)               0.24399608 -0.056540146 1.878121e-09
rainfall_lag_z            0.38784713  0.322168445 1.489816e-10
humidity_lag_z           -0.02863557 -0.060390012 8.488720e-11
temperature_lag_z         0.03797905 -0.008371978 4.471645e-11
idhm_z                    0.67862805  0.510067460 1.365552e-08
log_cases_lag_z           0.95117264  0.930516963 4.558338e-11
neighbor_log_cases_lag_z  0.29506895  0.250315020 5.659939e-11

S10 full-data model criteria:
    model          rainfall_specification      dic     waic
   <char>                          <char>    <num>    <num>
1:    S10 time-varying RW1 rainfall slope 90356.14 90736.02

S10 time-varying rainfall outputs written:
CSV: /Users/ethanmassey/VS_Code_Test/Hierarchical-Bayesian-Model/outputs/s10_rainfall_time_effects.csv 
Fixed effects: /Users/ethanmassey/VS_Code_Test/Hierarchical-Bayesian-Model/outputs/s10_rainfall_time_fixed_effects.csv 
Average rainfall effect: /Users/ethanmassey/VS_Code_Test/Hierarchical-Bayesian-Model/outputs/s10_rainfall_time_average_rainfall_effect.csv 
Criteria: /Users/ethanmassey/VS_Code_Test/Hierarchical-Bayesian-Model/outputs/s10_rainfall_time_model_criteria.csv 
Plot: /Users/ethanmassey/VS_Code_Test/Hierarchical-Bayesian-Model/outputs/s10_rainfall_time_effect_plot.png 
sh: /bin/kstat: No such file or directory
sh: /bin/kstat: No such file or directory
sh: /bin/kstat: No such file or directory
sh: /bin/kstat: No such file or directory
sh: /bin/kstat: No such file or directory
sh: /bin/kstat: No such file or directory
sh: /bin/kstat: No such file or directory
sh: /bin/kstat: No such file or directory
sh: /bin/kstat: No such file or directory
sh: /bin/kstat: No such file or directory
sh: /bin/kstat: No such file or directory
sh: /bin/kstat: No such file or directory
sh: /bin/kstat: No such file or directory
sh: /bin/kstat: No such file or directory
sh: /bin/kstat: No such file or directory
sh: /bin/kstat: No such file or directory
sh: /bin/kstat: No such file or directory
sh: /bin/kstat: No such file or directory
sh: /bin/kstat: No such file or directory
sh: /bin/kstat: No such file or directory
sh: /bin/kstat: No such file or directory
sh: /bin/kstat: No such file or directory
sh: /bin/kstat: No such file or directory
sh: /bin/kstat: No such file or directory
sh: /bin/kstat: No such file or directory
sh: /bin/kstat: No such file or directory
sh: /bin/kstat: No such file or directory
sh: /bin/kstat: No such file or directory
sh: /bin/kstat: No such file or directory
sh: /bin/kstat: No such file or directory
sh: /bin/kstat: No such file or directory
sh: /bin/kstat: No such file or directory
sh: /bin/kstat: No such file or directory
sh: /bin/kstat: No such file or directory
sh: /bin/kstat: No such file or directory
sh: /bin/kstat: No such file or directory
sh: /bin/kstat: No such file or directory
sh: /bin/kstat: No such file or directory
sh: /bin/kstat: No such file or directory
sh: /bin/kstat: No such file or directory
sh: /bin/kstat: No such file or directory
sh: /bin/kstat: No such file or directory
sh: /bin/kstat: No such file or directory
sh: /bin/kstat: No such file or directory
sh: /bin/kstat: No such file or directory
sh: /bin/kstat: No such file or directory
sh: /bin/kstat: No such file or directory
sh: /bin/kstat: No such file or directory
sh: /bin/kstat: No such file or directory
sh: /bin/kstat: No such file or directory
sh: /bin/kstat: No such file or directory
sh: /bin/kstat: No such file or directory
sh: /bin/kstat: No such file or directory
sh: /bin/kstat: No such file or directory
sh: /bin/kstat: No such file or directory
sh: /bin/kstat: No such file or directory
sh: /bin/kstat: No such file or directory
sh: /bin/kstat: No such file or directory
sh: /bin/kstat: No such file or directory
sh: /bin/kstat: No such file or directory
sh: /bin/kstat: No such file or directory
sh: /bin/kstat: No such file or directory
sh: /bin/kstat: No such file or directory
sh: /bin/kstat: No such file or directory
sh: /bin/kstat: No such file or directory
sh: /bin/kstat: No such file or directory
sh: /bin/kstat: No such file or directory
sh: /bin/kstat: No such file or directory
sh: /bin/kstat: No such file or directory
sh: /bin/kstat: No such file or directory
sh: /bin/kstat: No such file or directory
sh: /bin/kstat: No such file or directory
sh: /bin/kstat: No such file or directory
sh: /bin/kstat: No such file or directory
sh: /bin/kstat: No such file or directory
sh: /bin/kstat: No such file or directory
sh: /bin/kstat: No such file or directory
sh: /bin/kstat: No such file or directory
sh: /bin/kstat: No such file or directory
sh: /bin/kstat: No such file or directory
sh: /bin/kstat: No such file or directory
sh: /bin/kstat: No such file or directory
sh: /bin/kstat: No such file or directory
sh: /bin/kstat: No such file or directory
sh: /bin/kstat: No such file or directory
sh: /bin/kstat: No such file or directory
sh: /bin/kstat: No such file or directory
sh: /bin/kstat: No such file or directory
sh: /bin/kstat: No such file or directory
sh: /bin/kstat: No such file or directory
sh: /bin/kstat: No such file or directory
sh: /bin/kstat: No such file or directory
sh: /bin/kstat: No such file or directory
sh: /bin/kstat: No such file or directory
sh: /bin/kstat: No such file or directory
sh: /bin/kstat: No such file or directory
sh: /bin/kstat: No such file or directory
sh: /bin/kstat: No such file or directory
sh: /bin/kstat: No such file or directory
sh: /bin/kstat: No such file or directory
sh: /bin/kstat: No such file or directory
sh: /bin/kstat: No such file or directory
sh: /bin/kstat: No such file or directory
sh: /bin/kstat: No such file or directory
sh: /bin/kstat: No such file or directory
sh: /bin/kstat: No such file or directory
sh: /bin/kstat: No such file or directory
sh: /bin/kstat: No such file or directory
sh: /bin/kstat: No such file or directory
sh: /bin/kstat: No such file or directory
sh: /bin/kstat: No such file or directory
sh: /bin/kstat: No such file or directory
sh: /bin/kstat: No such file or directory
sh: /bin/kstat: No such file or directory
sh: /bin/kstat: No such file or directory
sh: /bin/kstat: No such file or directory
sh: /bin/kstat: No such file or directory
sh: /bin/kstat: No such file or directory
sh: /bin/kstat: No such file or directory
sh: /bin/kstat: No such file or directory
sh: /bin/kstat: No such file or directory
sh: /bin/kstat: No such file or directory
sh: /bin/kstat: No such file or directory
sh: /bin/kstat: No such file or directory
sh: /bin/kstat: No such file or directory
sh: /bin/kstat: No such file or directory
sh: /bin/kstat: No such file or directory
sh: /bin/kstat: No such file or directory
sh: /bin/kstat: No such file or directory
sh: /bin/kstat: No such file or directory
sh: /bin/kstat: No such file or directory
sh: /bin/kstat: No such file or directory
sh: /bin/kstat: No such file or directory
sh: /bin/kstat: No such file or directory
sh: /bin/kstat: No such file or directory
sh: /bin/kstat: No such file or directory
sh: /bin/kstat: No such file or directory
sh: /bin/kstat: No such file or directory
sh: /bin/kstat: No such file or directory
sh: /bin/kstat: No such file or directory
sh: /bin/kstat: No such file or directory
sh: /bin/kstat: No such file or directory
sh: /bin/kstat: No such file or directory
sh: /bin/kstat: No such file or directory
sh: /bin/kstat: No such file or directory
sh: /bin/kstat: No such file or directory
sh: /bin/kstat: No such file or directory
sh: /bin/kstat: No such file or directory
sh: /bin/kstat: No such file or directory
sh: /bin/kstat: No such file or directory
sh: /bin/kstat: No such file or directory
sh: /bin/kstat: No such file or directory
sh: /bin/kstat: No such file or directory
sh: /bin/kstat: No such file or directory
sh: /bin/kstat: No such file or directory
sh: /bin/kstat: No such file or directory
sh: /bin/kstat: No such file or directory
sh: /bin/kstat: No such file or directory
sh: /bin/kstat: No such file or directory
sh: /bin/kstat: No such file or directory
sh: /bin/kstat: No such file or directory
sh: /bin/kstat: No such file or directory
sh: /bin/kstat: No such file or directory
sh: /bin/kstat: No such file or directory
sh: /bin/kstat: No such file or directory
sh: /bin/kstat: No such file or directory
sh: /bin/kstat: No such file or directory
sh: /bin/kstat: No such file or directory
sh: /bin/kstat: No such file or directory
sh: /bin/kstat: No such file or directory
sh: /bin/kstat: No such file or directory
sh: /bin/kstat: No such file or directory
sh: /bin/kstat: No such file or directory
sh: /bin/kstat: No such file or directory
sh: /bin/kstat: No such file or directory
sh: /bin/kstat: No such file or directory
sh: /bin/kstat: No such file or directory
sh: /bin/kstat: No such file or directory
sh: /bin/kstat: No such file or directory
sh: /bin/kstat: No such file or directory
sh: /bin/kstat: No such file or directory
sh: /bin/kstat: No such file or directory
sh: /bin/kstat: No such file or directory
sh: /bin/kstat: No such file or directory
sh: /bin/kstat: No such file or directory
sh: /bin/kstat: No such file or directory
sh: /bin/kstat: No such file or directory
sh: /bin/kstat: No such file or directory
sh: /bin/kstat: No such file or directory
sh: /bin/kstat: No such file or directory
sh: /bin/kstat: No such file or directory
sh: /bin/kstat: No such file or directory
sh: /bin/kstat: No such file or directory
sh: /bin/kstat: No such file or directory
sh: /bin/kstat: No such file or directory
sh: /bin/kstat: No such file or directory
sh: /bin/kstat: No such file or directory
sh: /bin/kstat: No such file or directory
sh: /bin/kstat: No such file or directory
sh: /bin/kstat: No such file or directory
sh: /bin/kstat: No such file or directory
sh: /bin/kstat: No such file or directory
sh: /bin/kstat: No such file or directory
sh: /bin/kstat: No such file or directory
sh: /bin/kstat: No such file or directory
sh: /bin/kstat: No such file or directory
sh: /bin/kstat: No such file or directory
sh: /bin/kstat: No such file or directory
sh: /bin/kstat: No such file or directory
sh: /bin/kstat: No such file or directory
sh: /bin/kstat: No such file or directory
sh: /bin/kstat: No such file or directory
sh: /bin/kstat: No such file or directory
sh: /bin/kstat: No such file or directory
sh: /bin/kstat: No such file or directory
sh: /bin/kstat: No such file or directory
sh: /bin/kstat: No such file or directory
sh: /bin/kstat: No such file or directory
sh: /bin/kstat: No such file or directory
sh: /bin/kstat: No such file or directory
sh: /bin/kstat: No such file or directory
sh: /bin/kstat: No such file or directory
sh: /bin/kstat: No such file or directory
sh: /bin/kstat: No such file or directory
sh: /bin/kstat: No such file or directory
sh: /bin/kstat: No such file or directory
sh: /bin/kstat: No such file or directory
sh: /bin/kstat: No such file or directory
sh: /bin/kstat: No such file or directory
sh: /bin/kstat: No such file or directory
sh: /bin/kstat: No such file or directory
sh: /bin/kstat: No such file or directory
sh: /bin/kstat: No such file or directory
sh: /bin/kstat: No such file or directory
sh: /bin/kstat: No such file or directory
sh: /bin/kstat: No such file or directory
sh: /bin/kstat: No such file or directory
sh: /bin/kstat: No such file or directory
sh: /bin/kstat: No such file or directory
sh: /bin/kstat: No such file or directory
sh: /bin/kstat: No such file or directory
sh: /bin/kstat: No such file or directory
sh: /bin/kstat: No such file or directory
sh: /bin/kstat: No such file or directory
sh: /bin/kstat: No such file or directory
sh: /bin/kstat: No such file or directory
sh: /bin/kstat: No such file or directory
sh: /bin/kstat: No such file or directory
sh: /bin/kstat: No such file or directory
sh: /bin/kstat: No such file or directory
sh: /bin/kstat: No such file or directory
sh: /bin/kstat: No such file or directory
sh: /bin/kstat: No such file or directory
sh: /bin/kstat: No such file or directory
sh: /bin/kstat: No such file or directory
sh: /bin/kstat: No such file or directory
sh: /bin/kstat: No such file or directory
sh: /bin/kstat: No such file or directory
sh: /bin/kstat: No such file or directory
sh: /bin/kstat: No such file or directory
sh: /bin/kstat: No such file or directory
sh: /bin/kstat: No such file or directory
sh: /bin/kstat: No such file or directory
sh: /bin/kstat: No such file or directory
sh: /bin/kstat: No such file or directory
sh: /bin/kstat: No such file or directory
sh: /bin/kstat: No such file or directory
sh: /bin/kstat: No such file or directory
sh: /bin/kstat: No such file or directory
sh: /bin/kstat: No such file or directory
sh: /bin/kstat: No such file or directory
sh: /bin/kstat: No such file or directory
sh: /bin/kstat: No such file or directory
sh: /bin/kstat: No such file or directory
sh: /bin/kstat: No such file or directory
sh: /bin/kstat: No such file or directory
sh: /bin/kstat: No such file or directory
sh: /bin/kstat: No such file or directory
sh: /bin/kstat: No such file or directory
sh: /bin/kstat: No such file or directory
sh: /bin/kstat: No such file or directory
sh: /bin/kstat: No such file or directory
sh: /bin/kstat: No such file or directory
sh: /bin/kstat: No such file or directory
sh: /bin/kstat: No such file or directory
sh: /bin/kstat: No such file or directory
sh: /bin/kstat: No such file or directory
sh: /bin/kstat: No such file or directory
sh: /bin/kstat: No such file or directory
sh: /bin/kstat: No such file or directory
sh: /bin/kstat: No such file or directory
sh: /bin/kstat: No such file or directory
sh: /bin/kstat: No such file or directory
sh: /bin/kstat: No such file or directory
sh: /bin/kstat: No such file or directory
sh: /bin/kstat: No such file or directory
sh: /bin/kstat: No such file or directory
sh: /bin/kstat: No such file or directory
sh: /bin/kstat: No such file or directory
sh: /bin/kstat: No such file or directory
sh: /bin/kstat: No such file or directory
sh: /bin/kstat: No such file or directory
sh: /bin/kstat: No such file or directory
sh: /bin/kstat: No such file or directory
sh: /bin/kstat: No such file or directory
sh: /bin/kstat: No such file or directory
sh: /bin/kstat: No such file or directory
sh: /bin/kstat: No such file or directory
sh: /bin/kstat: No such file or directory
sh: /bin/kstat: No such file or directory
sh: /bin/kstat: No such file or directory
sh: /bin/kstat: No such file or directory
sh: /bin/kstat: No such file or directory
sh: /bin/kstat: No such file or directory
sh: /bin/kstat: No such file or directory
sh: /bin/kstat: No such file or directory
sh: /bin/kstat: No such file or directory
sh: /bin/kstat: No such file or directory
sh: /bin/kstat: No such file or directory
sh: /bin/kstat: No such file or directory
sh: /bin/kstat: No such file or directory
sh: /bin/kstat: No such file or directory
sh: /bin/kstat: No such file or directory
sh: /bin/kstat: No such file or directory
sh: /bin/kstat: No such file or directory
sh: /bin/kstat: No such file or directory
sh: /bin/kstat: No such file or directory
sh: /bin/kstat: No such file or directory
sh: /bin/kstat: No such file or directory
sh: /bin/kstat: No such file or directory
sh: /bin/kstat: No such file or directory
sh: /bin/kstat: No such file or directory
sh: /bin/kstat: No such file or directory
sh: /bin/kstat: No such file or directory
sh: /bin/kstat: No such file or directory
sh: /bin/kstat: No such file or directory
sh: /bin/kstat: No such file or directory
sh: /bin/kstat: No such file or directory
sh: /bin/kstat: No such file or directory
sh: /bin/kstat: No such file or directory
sh: /bin/kstat: No such file or directory
sh: /bin/kstat: No such file or directory
sh: /bin/kstat: No such file or directory
sh: /bin/kstat: No such file or directory
sh: /bin/kstat: No such file or directory
sh: /bin/kstat: No such file or directory
sh: /bin/kstat: No such file or directory
sh: /bin/kstat: No such file or directory
sh: /bin/kstat: No such file or directory
sh: /bin/kstat: No such file or directory
sh: /bin/kstat: No such file or directory
sh: /bin/kstat: No such file or directory
sh: /bin/kstat: No such file or directory
sh: /bin/kstat: No such file or directory
sh: /bin/kstat: No such file or directory
sh: /bin/kstat: No such file or directory
sh: /bin/kstat: No such file or directory
sh: /bin/kstat: No such file or directory
sh: /bin/kstat: No such file or directory
sh: /bin/kstat: No such file or directory
sh: /bin/kstat: No such file or directory
sh: /bin/kstat: No such file or directory
sh: /bin/kstat: No such file or directory
sh: /bin/kstat: No such file or directory
sh: /bin/kstat: No such file or directory
sh: /bin/kstat: No such file or directory
sh: /bin/kstat: No such file or directory
sh: /bin/kstat: No such file or directory
sh: /bin/kstat: No such file or directory
sh: /bin/kstat: No such file or directory
sh: /bin/kstat: No such file or directory
sh: /bin/kstat: No such file or directory
sh: /bin/kstat: No such file or directory
sh: /bin/kstat: No such file or directory
sh: /bin/kstat: No such file or directory
sh: /bin/kstat: No such file or directory
sh: /bin/kstat: No such file or directory
sh: /bin/kstat: No such file or directory
sh: /bin/kstat: No such file or directory
sh: /bin/kstat: No such file or directory
sh: /bin/kstat: No such file or directory
sh: /bin/kstat: No such file or directory
sh: /bin/kstat: No such file or directory
sh: /bin/kstat: No such file or directory
sh: /bin/kstat: No such file or directory
sh: /bin/kstat: No such file or directory
sh: /bin/kstat: No such file or directory
sh: /bin/kstat: No such file or directory
sh: /bin/kstat: No such file or directory
sh: /bin/kstat: No such file or directory
sh: /bin/kstat: No such file or directory
sh: /bin/kstat: No such file or directory
sh: /bin/kstat: No such file or directory
sh: /bin/kstat: No such file or directory
sh: /bin/kstat: No such file or directory
sh: /bin/kstat: No such file or directory
sh: /bin/kstat: No such file or directory
sh: /bin/kstat: No such file or directory
sh: /bin/kstat: No such file or directory
sh: /bin/kstat: No such file or directory
sh: /bin/kstat: No such file or directory
sh: /bin/kstat: No such file or directory
sh: /bin/kstat: No such file or directory
sh: /bin/kstat: No such file or directory
sh: /bin/kstat: No such file or directory
sh: /bin/kstat: No such file or directory
sh: /bin/kstat: No such file or directory
sh: /bin/kstat: No such file or directory
sh: /bin/kstat: No such file or directory
sh: /bin/kstat: No such file or directory
sh: /bin/kstat: No such file or directory
sh: /bin/kstat: No such file or directory
sh: /bin/kstat: No such file or directory
sh: /bin/kstat: No such file or directory
sh: /bin/kstat: No such file or directory
sh: /bin/kstat: No such file or directory
sh: /bin/kstat: No such file or directory
sh: /bin/kstat: No such file or directory
sh: /bin/kstat: No such file or directory
sh: /bin/kstat: No such file or directory
sh: /bin/kstat: No such file or directory
sh: /bin/kstat: No such file or directory
sh: /bin/kstat: No such file or directory
sh: /bin/kstat: No such file or directory
sh: /bin/kstat: No such file or directory
sh: /bin/kstat: No such file or directory
sh: /bin/kstat: No such file or directory
sh: /bin/kstat: No such file or directory
sh: /bin/kstat: No such file or directory
sh: /bin/kstat: No such file or directory
sh: /bin/kstat: No such file or directory
sh: /bin/kstat: No such file or directory
sh: /bin/kstat: No such file or directory
sh: /bin/kstat: No such file or directory
sh: /bin/kstat: No such file or directory
sh: /bin/kstat: No such file or directory
sh: /bin/kstat: No such file or directory
sh: /bin/kstat: No such file or directory
sh: /bin/kstat: No such file or directory
sh: /bin/kstat: No such file or directory
sh: /bin/kstat: No such file or directory
sh: /bin/kstat: No such file or directory
sh: /bin/kstat: No such file or directory
sh: /bin/kstat: No such file or directory
sh: /bin/kstat: No such file or directory
sh: /bin/kstat: No such file or directory
sh: /bin/kstat: No such file or directory
sh: /bin/kstat: No such file or directory
sh: /bin/kstat: No such file or directory
sh: /bin/kstat: No such file or directory
sh: /bin/kstat: No such file or directory
sh: /bin/kstat: No such file or directory
sh: /bin/kstat: No such file or directory
sh: /bin/kstat: No such file or directory
sh: /bin/kstat: No such file or directory
sh: /bin/kstat: No such file or directory
sh: /bin/kstat: No such file or directory
sh: /bin/kstat: No such file or directory
sh: /bin/kstat: No such file or directory
sh: /bin/kstat: No such file or directory
sh: /bin/kstat: No such file or directory
sh: /bin/kstat: No such file or directory
sh: /bin/kstat: No such file or directory
sh: /bin/kstat: No such file or directory
sh: /bin/kstat: No such file or directory
sh: /bin/kstat: No such file or directory
sh: /bin/kstat: No such file or directory
sh: /bin/kstat: No such file or directory
sh: /bin/kstat: No such file or directory
sh: /bin/kstat: No such file or directory
sh: /bin/kstat: No such file or directory
sh: /bin/kstat: No such file or directory
sh: /bin/kstat: No such file or directory
sh: /bin/kstat: No such file or directory
sh: /bin/kstat: No such file or directory
sh: /bin/kstat: No such file or directory
sh: /bin/kstat: No such file or directory
sh: /bin/kstat: No such file or directory
sh: /bin/kstat: No such file or directory
sh: /bin/kstat: No such file or directory
sh: /bin/kstat: No such file or directory
sh: /bin/kstat: No such file or directory
sh: /bin/kstat: No such file or directory
sh: /bin/kstat: No such file or directory
sh: /bin/kstat: No such file or directory
sh: /bin/kstat: No such file or directory
sh: /bin/kstat: No such file or directory
sh: /bin/kstat: No such file or directory
sh: /bin/kstat: No such file or directory
sh: /bin/kstat: No such file or directory
sh: /bin/kstat: No such file or directory
sh: /bin/kstat: No such file or directory
sh: /bin/kstat: No such file or directory
sh: /bin/kstat: No such file or directory
sh: /bin/kstat: No such file or directory
sh: /bin/kstat: No such file or directory
sh: /bin/kstat: No such file or directory
sh: /bin/kstat: No such file or directory
sh: /bin/kstat: No such file or directory
sh: /bin/kstat: No such file or directory
sh: /bin/kstat: No such file or directory
sh: /bin/kstat: No such file or directory
sh: /bin/kstat: No such file or directory
sh: /bin/kstat: No such file or directory
sh: /bin/kstat: No such file or directory
sh: /bin/kstat: No such file or directory
sh: /bin/kstat: No such file or directory
sh: /bin/kstat: No such file or directory
sh: /bin/kstat: No such file or directory
sh: /bin/kstat: No such file or directory
sh: /bin/kstat: No such file or directory
sh: /bin/kstat: No such file or directory
sh: /bin/kstat: No such file or directory
sh: /bin/kstat: No such file or directory
sh: /bin/kstat: No such file or directory
sh: /bin/kstat: No such file or directory
sh: /bin/kstat: No such file or directory
sh: /bin/kstat: No such file or directory
sh: /bin/kstat: No such file or directory
sh: /bin/kstat: No such file or directory
sh: /bin/kstat: No such file or directory
sh: /bin/kstat: No such file or directory
sh: /bin/kstat: No such file or directory
sh: /bin/kstat: No such file or directory
sh: /bin/kstat: No such file or directory
sh: /bin/kstat: No such file or directory
sh: /bin/kstat: No such file or directory
sh: /bin/kstat: No such file or directory
sh: /bin/kstat: No such file or directory
sh: /bin/kstat: No such file or directory
sh: /bin/kstat: No such file or directory
sh: /bin/kstat: No such file or directory
sh: /bin/kstat: No such file or directory
sh: /bin/kstat: No such file or directory
sh: /bin/kstat: No such file or directory
sh: /bin/kstat: No such file or directory
sh: /bin/kstat: No such file or directory
sh: /bin/kstat: No such file or directory
sh: /bin/kstat: No such file or directory
sh: /bin/kstat: No such file or directory
sh: /bin/kstat: No such file or directory
sh: /bin/kstat: No such file or directory
sh: /bin/kstat: No such file or directory
sh: /bin/kstat: No such file or directory
sh: /bin/kstat: No such file or directory
sh: /bin/kstat: No such file or directory
sh: /bin/kstat: No such file or directory
sh: /bin/kstat: No such file or directory
sh: /bin/kstat: No such file or directory
sh: /bin/kstat: No such file or directory
sh: /bin/kstat: No such file or directory
sh: /bin/kstat: No such file or directory
sh: /bin/kstat: No such file or directory
sh: /bin/kstat: No such file or directory
sh: /bin/kstat: No such file or directory
sh: /bin/kstat: No such file or directory
sh: /bin/kstat: No such file or directory
sh: /bin/kstat: No such file or directory
sh: /bin/kstat: No such file or directory
sh: /bin/kstat: No such file or directory
sh: /bin/kstat: No such file or directory
sh: /bin/kstat: No such file or directory
sh: /bin/kstat: No such file or directory
sh: /bin/kstat: No such file or directory
sh: /bin/kstat: No such file or directory
sh: /bin/kstat: No such file or directory
sh: /bin/kstat: No such file or directory
sh: /bin/kstat: No such file or directory
sh: /bin/kstat: No such file or directory
sh: /bin/kstat: No such file or directory
sh: /bin/kstat: No such file or directory
sh: /bin/kstat: No such file or directory
sh: /bin/kstat: No such file or directory
sh: /bin/kstat: No such file or directory
sh: /bin/kstat: No such file or directory
sh: /bin/kstat: No such file or directory
sh: /bin/kstat: No such file or directory
sh: /bin/kstat: No such file or directory
sh: /bin/kstat: No such file or directory
sh: /bin/kstat: No such file or directory
sh: /bin/kstat: No such file or directory
sh: /bin/kstat: No such file or directory
sh: /bin/kstat: No such file or directory
sh: /bin/kstat: No such file or directory
sh: /bin/kstat: No such file or directory
sh: /bin/kstat: No such file or directory
sh: /bin/kstat: No such file or directory
sh: /bin/kstat: No such file or directory
sh: /bin/kstat: No such file or directory
sh: /bin/kstat: No such file or directory
sh: /bin/kstat: No such file or directory
sh: /bin/kstat: No such file or directory
sh: /bin/kstat: No such file or directory
sh: /bin/kstat: No such file or directory
sh: /bin/kstat: No such file or directory
sh: /bin/kstat: No such file or directory
sh: /bin/kstat: No such file or directory
sh: /bin/kstat: No such file or directory
sh: /bin/kstat: No such file or directory
sh: /bin/kstat: No such file or directory
sh: /bin/kstat: No such file or directory
sh: /bin/kstat: No such file or directory
sh: /bin/kstat: No such file or directory
sh: /bin/kstat: No such file or directory
sh: /bin/kstat: No such file or directory
sh: /bin/kstat: No such file or directory
sh: /bin/kstat: No such file or directory
sh: /bin/kstat: No such file or directory
sh: /bin/kstat: No such file or directory
sh: /bin/kstat: No such file or directory
sh: /bin/kstat: No such file or directory
sh: /bin/kstat: No such file or directory
sh: /bin/kstat: No such file or directory
sh: /bin/kstat: No such file or directory
sh: /bin/kstat: No such file or directory
sh: /bin/kstat: No such file or directory
sh: /bin/kstat: No such file or directory
sh: /bin/kstat: No such file or directory
sh: /bin/kstat: No such file or directory
sh: /bin/kstat: No such file or directory
sh: /bin/kstat: No such file or directory
sh: /bin/kstat: No such file or directory
sh: /bin/kstat: No such file or directory
sh: /bin/kstat: No such file or directory
sh: /bin/kstat: No such file or directory
sh: /bin/kstat: No such file or directory
sh: /bin/kstat: No such file or directory
sh: /bin/kstat: No such file or directory
sh: /bin/kstat: No such file or directory
sh: /bin/kstat: No such file or directory
sh: /bin/kstat: No such file or directory
sh: /bin/kstat: No such file or directory
sh: /bin/kstat: No such file or directory
sh: /bin/kstat: No such file or directory
sh: /bin/kstat: No such file or directory
sh: /bin/kstat: No such file or directory
sh: /bin/kstat: No such file or directory
sh: /bin/kstat: No such file or directory
sh: /bin/kstat: No such file or directory
sh: /bin/kstat: No such file or directory
sh: /bin/kstat: No such file or directory
sh: /bin/kstat: No such file or directory
sh: /bin/kstat: No such file or directory
sh: /bin/kstat: No such file or directory
sh: /bin/kstat: No such file or directory
sh: /bin/kstat: No such file or directory
sh: /bin/kstat: No such file or directory
sh: /bin/kstat: No such file or directory
sh: /bin/kstat: No such file or directory
sh: /bin/kstat: No such file or directory
sh: /bin/kstat: No such file or directory
sh: /bin/kstat: No such file or directory
sh: /bin/kstat: No such file or directory
sh: /bin/kstat: No such file or directory
sh: /bin/kstat: No such file or directory
sh: /bin/kstat: No such file or directory
sh: /bin/kstat: No such file or directory
sh: /bin/kstat: No such file or directory
sh: /bin/kstat: No such file or directory
sh: /bin/kstat: No such file or directory
sh: /bin/kstat: No such file or directory
sh: /bin/kstat: No such file or directory
sh: /bin/kstat: No such file or directory
sh: /bin/kstat: No such file or directory
sh: /bin/kstat: No such file or directory
sh: /bin/kstat: No such file or directory
sh: /bin/kstat: No such file or directory
sh: /bin/kstat: No such file or directory
sh: /bin/kstat: No such file or directory
sh: /bin/kstat: No such file or directory
sh: /bin/kstat: No such file or directory
sh: /bin/kstat: No such file or directory
sh: /bin/kstat: No such file or directory
sh: /bin/kstat: No such file or directory
sh: /bin/kstat: No such file or directory
sh: /bin/kstat: No such file or directory
sh: /bin/kstat: No such file or directory
sh: /bin/kstat: No such file or directory
sh: /bin/kstat: No such file or directory
sh: /bin/kstat: No such file or directory
sh: /bin/kstat: No such file or directory
sh: /bin/kstat: No such file or directory
sh: /bin/kstat: No such file or directory
sh: /bin/kstat: No such file or directory
sh: /bin/kstat: No such file or directory
sh: /bin/kstat: No such file or directory
sh: /bin/kstat: No such file or directory
sh: /bin/kstat: No such file or directory
sh: /bin/kstat: No such file or directory
sh: /bin/kstat: No such file or directory
sh: /bin/kstat: No such file or directory
sh: /bin/kstat: No such file or directory
sh: /bin/kstat: No such file or directory
sh: /bin/kstat: No such file or directory
sh: /bin/kstat: No such file or directory
sh: /bin/kstat: No such file or directory
sh: /bin/kstat: No such file or directory
sh: /bin/kstat: No such file or directory
sh: /bin/kstat: No such file or directory
sh: /bin/kstat: No such file or directory
sh: /bin/kstat: No such file or directory
sh: /bin/kstat: No such file or directory
sh: /bin/kstat: No such file or directory
sh: /bin/kstat: No such file or directory
sh: /bin/kstat: No such file or directory
sh: /bin/kstat: No such file or directory
sh: /bin/kstat: No such file or directory
sh: /bin/kstat: No such file or directory
sh: /bin/kstat: No such file or directory
sh: /bin/kstat: No such file or directory
sh: /bin/kstat: No such file or directory
sh: /bin/kstat: No such file or directory
sh: /bin/kstat: No such file or directory
sh: /bin/kstat: No such file or directory
sh: /bin/kstat: No such file or directory
sh: /bin/kstat: No such file or directory
sh: /bin/kstat: No such file or directory
sh: /bin/kstat: No such file or directory
sh: /bin/kstat: No such file or directory
sh: /bin/kstat: No such file or directory
sh: /bin/kstat: No such file or directory
sh: /bin/kstat: No such file or directory
sh: /bin/kstat: No such file or directory
sh: /bin/kstat: No such file or directory
sh: /bin/kstat: No such file or directory
sh: /bin/kstat: No such file or directory
sh: /bin/kstat: No such file or directory
sh: /bin/kstat: No such file or directory
sh: /bin/kstat: No such file or directory
sh: /bin/kstat: No such file or directory
sh: /bin/kstat: No such file or directory
sh: /bin/kstat: No such file or directory
sh: /bin/kstat: No such file or directory
sh: /bin/kstat: No such file or directory
sh: /bin/kstat: No such file or directory
sh: /bin/kstat: No such file or directory
sh: /bin/kstat: No such file or directory
sh: /bin/kstat: No such file or directory
sh: /bin/kstat: No such file or directory
sh: /bin/kstat: No such file or directory
sh: /bin/kstat: No such file or directory
sh: /bin/kstat: No such file or directory
sh: /bin/kstat: No such file or directory
sh: /bin/kstat: No such file or directory
sh: /bin/kstat: No such file or directory
sh: /bin/kstat: No such file or directory
sh: /bin/kstat: No such file or directory
sh: /bin/kstat: No such file or directory
sh: /bin/kstat: No such file or directory
sh: /bin/kstat: No such file or directory
sh: /bin/kstat: No such file or directory
sh: /bin/kstat: No such file or directory
sh: /bin/kstat: No such file or directory
sh: /bin/kstat: No such file or directory
sh: /bin/kstat: No such file or directory
sh: /bin/kstat: No such file or directory
sh: /bin/kstat: No such file or directory
sh: /bin/kstat: No such file or directory
sh: /bin/kstat: No such file or directory
sh: /bin/kstat: No such file or directory
sh: /bin/kstat: No such file or directory
sh: /bin/kstat: No such file or directory
sh: /bin/kstat: No such file or directory
sh: /bin/kstat: No such file or directory
sh: /bin/kstat: No such file or directory
sh: /bin/kstat: No such file or directory
sh: /bin/kstat: No such file or directory
sh: /bin/kstat: No such file or directory
sh: /bin/kstat: No such file or directory
sh: /bin/kstat: No such file or directory
sh: /bin/kstat: No such file or directory
sh: /bin/kstat: No such file or directory
sh: /bin/kstat: No such file or directory
sh: /bin/kstat: No such file or directory
sh: /bin/kstat: No such file or directory
sh: /bin/kstat: No such file or directory
sh: /bin/kstat: No such file or directory
sh: /bin/kstat: No such file or directory
sh: /bin/kstat: No such file or directory
sh: /bin/kstat: No such file or directory
sh: /bin/kstat: No such file or directory
sh: /bin/kstat: No such file or directory
sh: /bin/kstat: No such file or directory
sh: /bin/kstat: No such file or directory
sh: /bin/kstat: No such file or directory
sh: /bin/kstat: No such file or directory
sh: /bin/kstat: No such file or directory
sh: /bin/kstat: No such file or directory
sh: /bin/kstat: No such file or directory
sh: /bin/kstat: No such file or directory
sh: /bin/kstat: No such file or directory
sh: /bin/kstat: No such file or directory
sh: /bin/kstat: No such file or directory
sh: /bin/kstat: No such file or directory
sh: /bin/kstat: No such file or directory
sh: /bin/kstat: No such file or directory
sh: /bin/kstat: No such file or directory
sh: /bin/kstat: No such file or directory
sh: /bin/kstat: No such file or directory
sh: /bin/kstat: No such file or directory
sh: /bin/kstat: No such file or directory
sh: /bin/kstat: No such file or directory
sh: /bin/kstat: No such file or directory
sh: /bin/kstat: No such file or directory
sh: /bin/kstat: No such file or directory
sh: /bin/kstat: No such file or directory
sh: /bin/kstat: No such file or directory
sh: /bin/kstat: No such file or directory
sh: /bin/kstat: No such file or directory
sh: /bin/kstat: No such file or directory
sh: /bin/kstat: No such file or directory
sh: /bin/kstat: No such file or directory
sh: /bin/kstat: No such file or directory
sh: /bin/kstat: No such file or directory
sh: /bin/kstat: No such file or directory
sh: /bin/kstat: No such file or directory
sh: /bin/kstat: No such file or directory
sh: /bin/kstat: No such file or directory
sh: /bin/kstat: No such file or directory
sh: /bin/kstat: No such file or directory
sh: /bin/kstat: No such file or directory
sh: /bin/kstat: No such file or directory
sh: /bin/kstat: No such file or directory
sh: /bin/kstat: No such file or directory
sh: /bin/kstat: No such file or directory
sh: /bin/kstat: No such file or directory
sh: /bin/kstat: No such file or directory
sh: /bin/kstat: No such file or directory
sh: /bin/kstat: No such file or directory
sh: /bin/kstat: No such file or directory
sh: /bin/kstat: No such file or directory
sh: /bin/kstat: No such file or directory
sh: /bin/kstat: No such file or directory
sh: /bin/kstat: No such file or directory
sh: /bin/kstat: No such file or directory
sh: /bin/kstat: No such file or directory
sh: /bin/kstat: No such file or directory
sh: /bin/kstat: No such file or directory
sh: /bin/kstat: No such file or directory
sh: /bin/kstat: No such file or directory
sh: /bin/kstat: No such file or directory
sh: /bin/kstat: No such file or directory
sh: /bin/kstat: No such file or directory
sh: /bin/kstat: No such file or directory
sh: /bin/kstat: No such file or directory
sh: /bin/kstat: No such file or directory
sh: /bin/kstat: No such file or directory
sh: /bin/kstat: No such file or directory
sh: /bin/kstat: No such file or directory
sh: /bin/kstat: No such file or directory
sh: /bin/kstat: No such file or directory
sh: /bin/kstat: No such file or directory
sh: /bin/kstat: No such file or directory
sh: /bin/kstat: No such file or directory
sh: /bin/kstat: No such file or directory
sh: /bin/kstat: No such file or directory
sh: /bin/kstat: No such file or directory
sh: /bin/kstat: No such file or directory
sh: /bin/kstat: No such file or directory
sh: /bin/kstat: No such file or directory
sh: /bin/kstat: No such file or directory
sh: /bin/kstat: No such file or directory
sh: /bin/kstat: No such file or directory
sh: /bin/kstat: No such file or directory
sh: /bin/kstat: No such file or directory
sh: /bin/kstat: No such file or directory
sh: /bin/kstat: No such file or directory
 *** WARNING *** GMRFLib_2order_approx: rescue NAN/INF values in logl for idx=3468
 *** WARNING *** GMRFLib_2order_approx: reset counter for 2 NAN/INF values in logl
 *** WARNING *** GMRFLib_2order_approx: reset counter for 2 NAN/INF values in logl
 *** WARNING *** GMRFLib_2order_approx: reset counter for 2 NAN/INF values in logl
sh: /bin/kstat: No such file or directory
sh: /bin/kstat: No such file or directory
sh: /bin/kstat: No such file or directory
sh: /bin/kstat: No such file or directory
sh: /bin/kstat: No such file or directory
sh: /bin/kstat: No such file or directory
sh: /bin/kstat: No such file or directory
sh: /bin/kstat: No such file or directory
sh: /bin/kstat: No such file or directory
sh: /bin/kstat: No such file or directory
sh: /bin/kstat: No such file or directory
sh: /bin/kstat: No such file or directory
sh: /bin/kstat: No such file or directory
sh: /bin/kstat: No such file or directory
sh: /bin/kstat: No such file or directory
sh: /bin/kstat: No such file or directory
sh: /bin/kstat: No such file or directory
sh: /bin/kstat: No such file or directory
sh: /bin/kstat: No such file or directory
sh: /bin/kstat: No such file or directory
sh: /bin/kstat: No such file or directory
sh: /bin/kstat: No such file or directory
sh: /bin/kstat: No such file or directory
sh: /bin/kstat: No such file or directory
sh: /bin/kstat: No such file or directory
sh: /bin/kstat: No such file or directory
sh: /bin/kstat: No such file or directory
sh: /bin/kstat: No such file or directory
sh: /bin/kstat: No such file or directory
sh: /bin/kstat: No such file or directory
sh: /bin/kstat: No such file or directory
sh: /bin/kstat: No such file or directory
sh: /bin/kstat: No such file or directory
sh: /bin/kstat: No such file or directory
sh: /bin/kstat: No such file or directory
sh: /bin/kstat: No such file or directory
sh: /bin/kstat: No such file or directory
sh: /bin/kstat: No such file or directory
sh: /bin/kstat: No such file or directory
sh: /bin/kstat: No such file or directory
sh: /bin/kstat: No such file or directory
sh: /bin/kstat: No such file or directory
sh: /bin/kstat: No such file or directory
sh: /bin/kstat: No such file or directory
sh: /bin/kstat: No such file or directory
sh: /bin/kstat: No such file or directory
sh: /bin/kstat: No such file or directory
sh: /bin/kstat: No such file or directory
sh: /bin/kstat: No such file or directory
sh: /bin/kstat: No such file or directory
sh: /bin/kstat: No such file or directory
sh: /bin/kstat: No such file or directory
sh: /bin/kstat: No such file or directory
sh: /bin/kstat: No such file or directory
sh: /bin/kstat: No such file or directory
sh: /bin/kstat: No such file or directory
sh: /bin/kstat: No such file or directory
sh: /bin/kstat: No such file or directory
sh: /bin/kstat: No such file or directory
sh: /bin/kstat: No such file or directory
sh: /bin/kstat: No such file or directory
sh: /bin/kstat: No such file or directory
sh: /bin/kstat: No such file or directory
sh: /bin/kstat: No such file or directory
sh: /bin/kstat: No such file or directory
sh: /bin/kstat: No such file or directory
sh: /bin/kstat: No such file or directory
sh: /bin/kstat: No such file or directory
sh: /bin/kstat: No such file or directory
sh: /bin/kstat: No such file or directory
sh: /bin/kstat: No such file or directory
sh: /bin/kstat: No such file or directory
sh: /bin/kstat: No such file or directory
sh: /bin/kstat: No such file or directory
sh: /bin/kstat: No such file or directory
sh: /bin/kstat: No such file or directory
sh: /bin/kstat: No such file or directory
sh: /bin/kstat: No such file or directory
sh: /bin/kstat: No such file or directory
sh: /bin/kstat: No such file or directory
sh: /bin/kstat: No such file or directory
sh: /bin/kstat: No such file or directory
sh: /bin/kstat: No such file or directory
sh: /bin/kstat: No such file or directory
sh: /bin/kstat: No such file or directory
sh: /bin/kstat: No such file or directory
sh: /bin/kstat: No such file or directory
sh: /bin/kstat: No such file or directory
sh: /bin/kstat: No such file or directory
sh: /bin/kstat: No such file or directory
sh: /bin/kstat: No such file or directory
sh: /bin/kstat: No such file or directory
sh: /bin/kstat: No such file or directory
sh: /bin/kstat: No such file or directory
sh: /bin/kstat: No such file or directory
sh: /bin/kstat: No such file or directory
sh: /bin/kstat: No such file or directory
sh: /bin/kstat: No such file or directory
sh: /bin/kstat: No such file or directory
sh: /bin/kstat: No such file or directory
sh: /bin/kstat: No such file or directory
sh: /bin/kstat: No such file or directory
sh: /bin/kstat: No such file or directory
sh: /bin/kstat: No such file or directory
sh: /bin/kstat: No such file or directory
sh: /bin/kstat: No such file or directory
sh: /bin/kstat: No such file or directory
sh: /bin/kstat: No such file or directory
sh: /bin/kstat: No such file or directory
sh: /bin/kstat: No such file or directory
sh: /bin/kstat: No such file or directory
sh: /bin/kstat: No such file or directory
sh: /bin/kstat: No such file or directory
sh: /bin/kstat: No such file or directory
sh: /bin/kstat: No such file or directory
sh: /bin/kstat: No such file or directory
sh: /bin/kstat: No such file or directory
sh: /bin/kstat: No such file or directory
sh: /bin/kstat: No such file or directory
sh: /bin/kstat: No such file or directory
sh: /bin/kstat: No such file or directory
sh: /bin/kstat: No such file or directory
sh: /bin/kstat: No such file or directory
sh: /bin/kstat: No such file or directory
sh: /bin/kstat: No such file or directory
sh: /bin/kstat: No such file or directory
sh: /bin/kstat: No such file or directory
sh: /bin/kstat: No such file or directory
sh: /bin/kstat: No such file or directory
sh: /bin/kstat: No such file or directory
sh: /bin/kstat: No such file or directory
sh: /bin/kstat: No such file or directory
sh: /bin/kstat: No such file or directory
sh: /bin/kstat: No such file or directory
sh: /bin/kstat: No such file or directory
sh: /bin/kstat: No such file or directory
sh: /bin/kstat: No such file or directory
sh: /bin/kstat: No such file or directory
sh: /bin/kstat: No such file or directory
sh: /bin/kstat: No such file or directory
sh: /bin/kstat: No such file or directory
sh: /bin/kstat: No such file or directory
sh: /bin/kstat: No such file or directory
sh: /bin/kstat: No such file or directory
sh: /bin/kstat: No such file or directory
sh: /bin/kstat: No such file or directory
sh: /bin/kstat: No such file or directory
sh: /bin/kstat: No such file or directory
sh: /bin/kstat: No such file or directory
sh: /bin/kstat: No such file or directory
sh: /bin/kstat: No such file or directory
sh: /bin/kstat: No such file or directory
sh: /bin/kstat: No such file or directory
sh: /bin/kstat: No such file or directory
sh: /bin/kstat: No such file or directory
sh: /bin/kstat: No such file or directory
sh: /bin/kstat: No such file or directory
sh: /bin/kstat: No such file or directory
sh: /bin/kstat: No such file or directory
sh: /bin/kstat: No such file or directory
sh: /bin/kstat: No such file or directory
sh: /bin/kstat: No such file or directory
sh: /bin/kstat: No such file or directory
sh: /bin/kstat: No such file or directory
sh: /bin/kstat: No such file or directory
sh: /bin/kstat: No such file or directory
sh: /bin/kstat: No such file or directory
sh: /bin/kstat: No such file or directory
sh: /bin/kstat: No such file or directory
sh: /bin/kstat: No such file or directory
sh: /bin/kstat: No such file or directory
sh: /bin/kstat: No such file or directory
sh: /bin/kstat: No such file or directory
sh: /bin/kstat: No such file or directory
sh: /bin/kstat: No such file or directory
sh: /bin/kstat: No such file or directory
sh: /bin/kstat: No such file or directory
sh: /bin/kstat: No such file or directory
sh: /bin/kstat: No such file or directory
sh: /bin/kstat: No such file or directory
sh: /bin/kstat: No such file or directory
sh: /bin/kstat: No such file or directory
sh: /bin/kstat: No such file or directory
sh: /bin/kstat: No such file or directory
sh: /bin/kstat: No such file or directory
sh: /bin/kstat: No such file or directory
sh: /bin/kstat: No such file or directory
sh: /bin/kstat: No such file or directory
sh: /bin/kstat: No such file or directory
sh: /bin/kstat: No such file or directory
sh: /bin/kstat: No such file or directory
sh: /bin/kstat: No such file or directory
sh: /bin/kstat: No such file or directory
sh: /bin/kstat: No such file or directory
sh: /bin/kstat: No such file or directory
sh: /bin/kstat: No such file or directory
sh: /bin/kstat: No such file or directory
sh: /bin/kstat: No such file or directory
sh: /bin/kstat: No such file or directory
sh: /bin/kstat: No such file or directory
sh: /bin/kstat: No such file or directory
sh: /bin/kstat: No such file or directory
sh: /bin/kstat: No such file or directory
sh: /bin/kstat: No such file or directory
sh: /bin/kstat: No such file or directory
sh: /bin/kstat: No such file or directory
sh: /bin/kstat: No such file or directory
sh: /bin/kstat: No such file or directory
sh: /bin/kstat: No such file or directory
sh: /bin/kstat: No such file or directory
sh: /bin/kstat: No such file or directory
sh: /bin/kstat: No such file or directory
sh: /bin/kstat: No such file or directory
sh: /bin/kstat: No such file or directory
sh: /bin/kstat: No such file or directory
sh: /bin/kstat: No such file or directory
sh: /bin/kstat: No such file or directory
sh: /bin/kstat: No such file or directory
sh: /bin/kstat: No such file or directory
sh: /bin/kstat: No such file or directory
sh: /bin/kstat: No such file or directory
sh: /bin/kstat: No such file or directory
sh: /bin/kstat: No such file or directory
sh: /bin/kstat: No such file or directory
sh: /bin/kstat: No such file or directory
sh: /bin/kstat: No such file or directory
sh: /bin/kstat: No such file or directory
sh: /bin/kstat: No such file or directory
sh: /bin/kstat: No such file or directory
sh: /bin/kstat: No such file or directory
sh: /bin/kstat: No such file or directory
sh: /bin/kstat: No such file or directory
sh: /bin/kstat: No such file or directory
sh: /bin/kstat: No such file or directory
sh: /bin/kstat: No such file or directory
sh: /bin/kstat: No such file or directory
sh: /bin/kstat: No such file or directory
sh: /bin/kstat: No such file or directory
sh: /bin/kstat: No such file or directory
sh: /bin/kstat: No such file or directory
sh: /bin/kstat: No such file or directory
sh: /bin/kstat: No such file or directory
sh: /bin/kstat: No such file or directory
sh: /bin/kstat: No such file or directory
sh: /bin/kstat: No such file or directory
sh: /bin/kstat: No such file or directory
sh: /bin/kstat: No such file or directory
sh: /bin/kstat: No such file or directory
sh: /bin/kstat: No such file or directory
sh: /bin/kstat: No such file or directory
sh: /bin/kstat: No such file or directory
sh: /bin/kstat: No such file or directory
sh: /bin/kstat: No such file or directory
sh: /bin/kstat: No such file or directory
sh: /bin/kstat: No such file or directory
sh: /bin/kstat: No such file or directory
sh: /bin/kstat: No such file or directory
sh: /bin/kstat: No such file or directory
sh: /bin/kstat: No such file or directory
sh: /bin/kstat: No such file or directory
sh: /bin/kstat: No such file or directory
sh: /bin/kstat: No such file or directory
sh: /bin/kstat: No such file or directory
sh: /bin/kstat: No such file or directory
sh: /bin/kstat: No such file or directory
sh: /bin/kstat: No such file or directory
sh: /bin/kstat: No such file or directory
sh: /bin/kstat: No such file or directory
sh: /bin/kstat: No such file or directory
sh: /bin/kstat: No such file or directory
sh: /bin/kstat: No such file or directory
sh: /bin/kstat: No such file or directory
sh: /bin/kstat: No such file or directory
sh: /bin/kstat: No such file or directory
sh: /bin/kstat: No such file or directory
sh: /bin/kstat: No such file or directory
sh: /bin/kstat: No such file or directory
sh: /bin/kstat: No such file or directory
sh: /bin/kstat: No such file or directory
sh: /bin/kstat: No such file or directory
sh: /bin/kstat: No such file or directory
sh: /bin/kstat: No such file or directory
sh: /bin/kstat: No such file or directory
sh: /bin/kstat: No such file or directory
sh: /bin/kstat: No such file or directory
sh: /bin/kstat: No such file or directory
sh: /bin/kstat: No such file or directory
sh: /bin/kstat: No such file or directory
sh: /bin/kstat: No such file or directory
sh: /bin/kstat: No such file or directory
sh: /bin/kstat: No such file or directory
sh: /bin/kstat: No such file or directory
sh: /bin/kstat: No such file or directory
sh: /bin/kstat: No such file or directory
sh: /bin/kstat: No such file or directory
sh: /bin/kstat: No such file or directory
sh: /bin/kstat: No such file or directory
sh: /bin/kstat: No such file or directory
sh: /bin/kstat: No such file or directory
sh: /bin/kstat: No such file or directory
sh: /bin/kstat: No such file or directory
sh: /bin/kstat: No such file or directory
sh: /bin/kstat: No such file or directory
sh: /bin/kstat: No such file or directory
sh: /bin/kstat: No such file or directory
sh: /bin/kstat: No such file or directory
sh: /bin/kstat: No such file or directory
sh: /bin/kstat: No such file or directory
sh: /bin/kstat: No such file or directory
sh: /bin/kstat: No such file or directory
sh: /bin/kstat: No such file or directory
sh: /bin/kstat: No such file or directory
sh: /bin/kstat: No such file or directory
sh: /bin/kstat: No such file or directory
sh: /bin/kstat: No such file or directory
sh: /bin/kstat: No such file or directory
sh: /bin/kstat: No such file or directory
sh: /bin/kstat: No such file or directory
sh: /bin/kstat: No such file or directory
sh: /bin/kstat: No such file or directory
sh: /bin/kstat: No such file or directory
sh: /bin/kstat: No such file or directory
sh: /bin/kstat: No such file or directory
sh: /bin/kstat: No such file or directory
sh: /bin/kstat: No such file or directory
sh: /bin/kstat: No such file or directory
sh: /bin/kstat: No such file or directory
sh: /bin/kstat: No such file or directory
sh: /bin/kstat: No such file or directory
sh: /bin/kstat: No such file or directory
sh: /bin/kstat: No such file or directory
sh: /bin/kstat: No such file or directory
sh: /bin/kstat: No such file or directory
sh: /bin/kstat: No such file or directory
sh: /bin/kstat: No such file or directory
sh: /bin/kstat: No such file or directory
sh: /bin/kstat: No such file or directory
sh: /bin/kstat: No such file or directory
sh: /bin/kstat: No such file or directory
sh: /bin/kstat: No such file or directory
sh: /bin/kstat: No such file or directory
sh: /bin/kstat: No such file or directory
sh: /bin/kstat: No such file or directory
sh: /bin/kstat: No such file or directory
sh: /bin/kstat: No such file or directory
sh: /bin/kstat: No such file or directory
sh: /bin/kstat: No such file or directory
sh: /bin/kstat: No such file or directory
sh: /bin/kstat: No such file or directory
sh: /bin/kstat: No such file or directory
sh: /bin/kstat: No such file or directory
sh: /bin/kstat: No such file or directory
sh: /bin/kstat: No such file or directory
sh: /bin/kstat: No such file or directory
sh: /bin/kstat: No such file or directory
sh: /bin/kstat: No such file or directory
sh: /bin/kstat: No such file or directory
sh: /bin/kstat: No such file or directory
sh: /bin/kstat: No such file or directory
sh: /bin/kstat: No such file or directory
sh: /bin/kstat: No such file or directory
sh: /bin/kstat: No such file or directory
sh: /bin/kstat: No such file or directory
sh: /bin/kstat: No such file or directory
sh: /bin/kstat: No such file or directory
sh: /bin/kstat: No such file or directory
sh: /bin/kstat: No such file or directory
sh: /bin/kstat: No such file or directory
sh: /bin/kstat: No such file or directory
sh: /bin/kstat: No such file or directory
sh: /bin/kstat: No such file or directory
sh: /bin/kstat: No such file or directory
sh: /bin/kstat: No such file or directory
sh: /bin/kstat: No such file or directory
sh: /bin/kstat: No such file or directory
sh: /bin/kstat: No such file or directory
sh: /bin/kstat: No such file or directory
sh: /bin/kstat: No such file or directory
sh: /bin/kstat: No such file or directory
sh: /bin/kstat: No such file or directory
sh: /bin/kstat: No such file or directory
sh: /bin/kstat: No such file or directory
sh: /bin/kstat: No such file or directory
sh: /bin/kstat: No such file or directory
sh: /bin/kstat: No such file or directory
sh: /bin/kstat: No such file or directory
sh: /bin/kstat: No such file or directory
sh: /bin/kstat: No such file or directory
sh: /bin/kstat: No such file or directory
sh: /bin/kstat: No such file or directory
sh: /bin/kstat: No such file or directory
sh: /bin/kstat: No such file or directory
sh: /bin/kstat: No such file or directory
sh: /bin/kstat: No such file or directory
sh: /bin/kstat: No such file or directory
sh: /bin/kstat: No such file or directory
sh: /bin/kstat: No such file or directory
sh: /bin/kstat: No such file or directory
sh: /bin/kstat: No such file or directory
sh: /bin/kstat: No such file or directory
sh: /bin/kstat: No such file or directory
sh: /bin/kstat: No such file or directory
sh: /bin/kstat: No such file or directory
sh: /bin/kstat: No such file or directory
sh: /bin/kstat: No such file or directory
sh: /bin/kstat: No such file or directory
sh: /bin/kstat: No such file or directory
sh: /bin/kstat: No such file or directory
sh: /bin/kstat: No such file or directory
sh: /bin/kstat: No such file or directory
sh: /bin/kstat: No such file or directory
sh: /bin/kstat: No such file or directory
sh: /bin/kstat: No such file or directory
sh: /bin/kstat: No such file or directory
sh: /bin/kstat: No such file or directory
sh: /bin/kstat: No such file or directory
sh: /bin/kstat: No such file or directory
sh: /bin/kstat: No such file or directory
sh: /bin/kstat: No such file or directory
sh: /bin/kstat: No such file or directory
sh: /bin/kstat: No such file or directory
sh: /bin/kstat: No such file or directory
sh: /bin/kstat: No such file or directory
sh: /bin/kstat: No such file or directory
sh: /bin/kstat: No such file or directory
sh: /bin/kstat: No such file or directory
sh: /bin/kstat: No such file or directory
sh: /bin/kstat: No such file or directory
sh: /bin/kstat: No such file or directory
sh: /bin/kstat: No such file or directory
sh: /bin/kstat: No such file or directory
sh: /bin/kstat: No such file or directory
sh: /bin/kstat: No such file or directory
sh: /bin/kstat: No such file or directory
sh: /bin/kstat: No such file or directory
sh: /bin/kstat: No such file or directory
sh: /bin/kstat: No such file or directory
sh: /bin/kstat: No such file or directory
sh: /bin/kstat: No such file or directory
sh: /bin/kstat: No such file or directory
sh: /bin/kstat: No such file or directory
sh: /bin/kstat: No such file or directory
sh: /bin/kstat: No such file or directory
sh: /bin/kstat: No such file or directory
sh: /bin/kstat: No such file or directory
sh: /bin/kstat: No such file or directory
sh: /bin/kstat: No such file or directory
sh: /bin/kstat: No such file or directory
sh: /bin/kstat: No such file or directory
sh: /bin/kstat: No such file or directory
sh: /bin/kstat: No such file or directory
sh: /bin/kstat: No such file or directory
sh: /bin/kstat: No such file or directory
sh: /bin/kstat: No such file or directory
sh: /bin/kstat: No such file or directory
sh: /bin/kstat: No such file or directory
sh: /bin/kstat: No such file or directory
sh: /bin/kstat: No such file or directory
sh: /bin/kstat: No such file or directory
sh: /bin/kstat: No such file or directory
sh: /bin/kstat: No such file or directory
sh: /bin/kstat: No such file or directory
sh: /bin/kstat: No such file or directory
sh: /bin/kstat: No such file or directory
sh: /bin/kstat: No such file or directory
sh: /bin/kstat: No such file or directory
sh: /bin/kstat: No such file or directory
sh: /bin/kstat: No such file or directory
sh: /bin/kstat: No such file or directory
sh: /bin/kstat: No such file or directory
sh: /bin/kstat: No such file or directory
sh: /bin/kstat: No such file or directory
sh: /bin/kstat: No such file or directory
sh: /bin/kstat: No such file or directory
sh: /bin/kstat: No such file or directory
sh: /bin/kstat: No such file or directory
sh: /bin/kstat: No such file or directory
sh: /bin/kstat: No such file or directory
sh: /bin/kstat: No such file or directory
sh: /bin/kstat: No such file or directory
sh: /bin/kstat: No such file or directory
sh: /bin/kstat: No such file or directory
sh: /bin/kstat: No such file or directory
sh: /bin/kstat: No such file or directory
sh: /bin/kstat: No such file or directory
sh: /bin/kstat: No such file or directory
sh: /bin/kstat: No such file or directory
sh: /bin/kstat: No such file or directory
sh: /bin/kstat: No such file or directory
sh: /bin/kstat: No such file or directory
sh: /bin/kstat: No such file or directory
sh: /bin/kstat: No such file or directory
sh: /bin/kstat: No such file or directory
sh: /bin/kstat: No such file or directory
sh: /bin/kstat: No such file or directory
sh: /bin/kstat: No such file or directory
sh: /bin/kstat: No such file or directory
sh: /bin/kstat: No such file or directory
sh: /bin/kstat: No such file or directory
sh: /bin/kstat: No such file or directory
sh: /bin/kstat: No such file or directory
sh: /bin/kstat: No such file or directory
sh: /bin/kstat: No such file or directory
sh: /bin/kstat: No such file or directory
sh: /bin/kstat: No such file or directory
sh: /bin/kstat: No such file or directory
sh: /bin/kstat: No such file or directory
sh: /bin/kstat: No such file or directory
sh: /bin/kstat: No such file or directory
sh: /bin/kstat: No such file or directory
sh: /bin/kstat: No such file or directory
sh: /bin/kstat: No such file or directory
sh: /bin/kstat: No such file or directory
sh: /bin/kstat: No such file or directory
sh: /bin/kstat: No such file or directory
sh: /bin/kstat: No such file or directory
sh: /bin/kstat: No such file or directory
sh: /bin/kstat: No such file or directory
sh: /bin/kstat: No such file or directory
sh: /bin/kstat: No such file or directory
sh: /bin/kstat: No such file or directory
sh: /bin/kstat: No such file or directory
sh: /bin/kstat: No such file or directory
sh: /bin/kstat: No such file or directory
sh: /bin/kstat: No such file or directory
sh: /bin/kstat: No such file or directory
sh: /bin/kstat: No such file or directory
sh: /bin/kstat: No such file or directory
sh: /bin/kstat: No such file or directory
sh: /bin/kstat: No such file or directory
sh: /bin/kstat: No such file or directory
sh: /bin/kstat: No such file or directory
sh: /bin/kstat: No such file or directory
sh: /bin/kstat: No such file or directory
sh: /bin/kstat: No such file or directory
sh: /bin/kstat: No such file or directory
sh: /bin/kstat: No such file or directory
sh: /bin/kstat: No such file or directory
sh: /bin/kstat: No such file or directory
sh: /bin/kstat: No such file or directory
sh: /bin/kstat: No such file or directory
sh: /bin/kstat: No such file or directory
sh: /bin/kstat: No such file or directory
sh: /bin/kstat: No such file or directory
sh: /bin/kstat: No such file or directory
sh: /bin/kstat: No such file or directory
sh: /bin/kstat: No such file or directory
sh: /bin/kstat: No such file or directory
sh: /bin/kstat: No such file or directory
sh: /bin/kstat: No such file or directory
sh: /bin/kstat: No such file or directory
sh: /bin/kstat: No such file or directory
sh: /bin/kstat: No such file or directory
sh: /bin/kstat: No such file or directory
sh: /bin/kstat: No such file or directory
sh: /bin/kstat: No such file or directory
sh: /bin/kstat: No such file or directory
sh: /bin/kstat: No such file or directory
sh: /bin/kstat: No such file or directory
sh: /bin/kstat: No such file or directory
sh: /bin/kstat: No such file or directory
sh: /bin/kstat: No such file or directory
sh: /bin/kstat: No such file or directory
sh: /bin/kstat: No such file or directory
sh: /bin/kstat: No such file or directory
sh: /bin/kstat: No such file or directory
sh: /bin/kstat: No such file or directory
sh: /bin/kstat: No such file or directory
sh: /bin/kstat: No such file or directory
sh: /bin/kstat: No such file or directory
sh: /bin/kstat: No such file or directory
sh: /bin/kstat: No such file or directory
sh: /bin/kstat: No such file or directory
sh: /bin/kstat: No such file or directory
sh: /bin/kstat: No such file or directory
sh: /bin/kstat: No such file or directory
sh: /bin/kstat: No such file or directory
sh: /bin/kstat: No such file or directory
sh: /bin/kstat: No such file or directory
sh: /bin/kstat: No such file or directory
sh: /bin/kstat: No such file or directory
sh: /bin/kstat: No such file or directory
sh: /bin/kstat: No such file or directory
sh: /bin/kstat: No such file or directory
sh: /bin/kstat: No such file or directory
sh: /bin/kstat: No such file or directory
sh: /bin/kstat: No such file or directory
sh: /bin/kstat: No such file or directory
sh: /bin/kstat: No such file or directory
sh: /bin/kstat: No such file or directory
sh: /bin/kstat: No such file or directory
sh: /bin/kstat: No such file or directory
sh: /bin/kstat: No such file or directory
sh: /bin/kstat: No such file or directory
sh: /bin/kstat: No such file or directory
sh: /bin/kstat: No such file or directory
sh: /bin/kstat: No such file or directory
sh: /bin/kstat: No such file or directory
sh: /bin/kstat: No such file or directory
sh: /bin/kstat: No such file or directory
sh: /bin/kstat: No such file or directory
sh: /bin/kstat: No such file or directory
sh: /bin/kstat: No such file or directory
sh: /bin/kstat: No such file or directory
sh: /bin/kstat: No such file or directory
sh: /bin/kstat: No such file or directory
sh: /bin/kstat: No such file or directory
sh: /bin/kstat: No such file or directory
sh: /bin/kstat: No such file or directory
sh: /bin/kstat: No such file or directory
sh: /bin/kstat: No such file or directory
sh: /bin/kstat: No such file or directory
sh: /bin/kstat: No such file or directory
sh: /bin/kstat: No such file or directory
sh: /bin/kstat: No such file or directory
sh: /bin/kstat: No such file or directory
sh: /bin/kstat: No such file or directory
sh: /bin/kstat: No such file or directory
sh: /bin/kstat: No such file or directory
sh: /bin/kstat: No such file or directory
sh: /bin/kstat: No such file or directory
sh: /bin/kstat: No such file or directory
sh: /bin/kstat: No such file or directory
sh: /bin/kstat: No such file or directory
sh: /bin/kstat: No such file or directory
sh: /bin/kstat: No such file or directory
sh: /bin/kstat: No such file or directory
sh: /bin/kstat: No such file or directory
sh: /bin/kstat: No such file or directory
sh: /bin/kstat: No such file or directory
sh: /bin/kstat: No such file or directory
sh: /bin/kstat: No such file or directory
sh: /bin/kstat: No such file or directory
sh: /bin/kstat: No such file or directory
sh: /bin/kstat: No such file or directory
sh: /bin/kstat: No such file or directory
sh: /bin/kstat: No such file or directory
sh: /bin/kstat: No such file or directory
sh: /bin/kstat: No such file or directory
sh: /bin/kstat: No such file or directory
sh: /bin/kstat: No such file or directory
sh: /bin/kstat: No such file or directory
sh: /bin/kstat: No such file or directory
sh: /bin/kstat: No such file or directory
sh: /bin/kstat: No such file or directory
sh: /bin/kstat: No such file or directory
sh: /bin/kstat: No such file or directory
sh: /bin/kstat: No such file or directory
sh: /bin/kstat: No such file or directory
sh: /bin/kstat: No such file or directory
sh: /bin/kstat: No such file or directory
sh: /bin/kstat: No such file or directory
sh: /bin/kstat: No such file or directory
sh: /bin/kstat: No such file or directory
sh: /bin/kstat: No such file or directory
sh: /bin/kstat: No such file or directory
sh: /bin/kstat: No such file or directory
sh: /bin/kstat: No such file or directory
sh: /bin/kstat: No such file or directory
sh: /bin/kstat: No such file or directory
sh: /bin/kstat: No such file or directory
sh: /bin/kstat: No such file or directory
sh: /bin/kstat: No such file or directory
sh: /bin/kstat: No such file or directory
sh: /bin/kstat: No such file or directory
sh: /bin/kstat: No such file or directory
sh: /bin/kstat: No such file or directory
sh: /bin/kstat: No such file or directory
sh: /bin/kstat: No such file or directory
sh: /bin/kstat: No such file or directory
sh: /bin/kstat: No such file or directory
sh: /bin/kstat: No such file or directory
sh: /bin/kstat: No such file or directory
sh: /bin/kstat: No such file or directory
sh: /bin/kstat: No such file or directory
sh: /bin/kstat: No such file or directory
sh: /bin/kstat: No such file or directory
sh: /bin/kstat: No such file or directory
sh: /bin/kstat: No such file or directory
sh: /bin/kstat: No such file or directory
sh: /bin/kstat: No such file or directory
sh: /bin/kstat: No such file or directory
sh: /bin/kstat: No such file or directory
sh: /bin/kstat: No such file or directory
sh: /bin/kstat: No such file or directory
sh: /bin/kstat: No such file or directory
sh: /bin/kstat: No such file or directory
sh: /bin/kstat: No such file or directory
sh: /bin/kstat: No such file or directory
sh: /bin/kstat: No such file or directory
sh: /bin/kstat: No such file or directory
sh: /bin/kstat: No such file or directory
sh: /bin/kstat: No such file or directory
sh: /bin/kstat: No such file or directory
sh: /bin/kstat: No such file or directory
sh: /bin/kstat: No such file or directory
sh: /bin/kstat: No such file or directory
sh: /bin/kstat: No such file or directory
sh: /bin/kstat: No such file or directory
sh: /bin/kstat: No such file or directory
sh: /bin/kstat: No such file or directory
sh: /bin/kstat: No such file or directory
sh: /bin/kstat: No such file or directory
sh: /bin/kstat: No such file or directory
sh: /bin/kstat: No such file or directory
sh: /bin/kstat: No such file or directory
sh: /bin/kstat: No such file or directory
sh: /bin/kstat: No such file or directory
sh: /bin/kstat: No such file or directory
sh: /bin/kstat: No such file or directory
sh: /bin/kstat: No such file or directory
sh: /bin/kstat: No such file or directory
sh: /bin/kstat: No such file or directory
sh: /bin/kstat: No such file or directory
sh: /bin/kstat: No such file or directory
sh: /bin/kstat: No such file or directory
sh: /bin/kstat: No such file or directory
sh: /bin/kstat: No such file or directory
sh: /bin/kstat: No such file or directory
sh: /bin/kstat: No such file or directory
sh: /bin/kstat: No such file or directory
sh: /bin/kstat: No such file or directory
sh: /bin/kstat: No such file or directory
sh: /bin/kstat: No such file or directory
sh: /bin/kstat: No such file or directory
sh: /bin/kstat: No such file or directory
sh: /bin/kstat: No such file or directory
sh: /bin/kstat: No such file or directory
sh: /bin/kstat: No such file or directory
sh: /bin/kstat: No such file or directory
sh: /bin/kstat: No such file or directory
sh: /bin/kstat: No such file or directory
sh: /bin/kstat: No such file or directory
sh: /bin/kstat: No such file or directory
sh: /bin/kstat: No such file or directory
sh: /bin/kstat: No such file or directory
sh: /bin/kstat: No such file or directory
sh: /bin/kstat: No such file or directory
sh: /bin/kstat: No such file or directory
sh: /bin/kstat: No such file or directory
sh: /bin/kstat: No such file or directory
sh: /bin/kstat: No such file or directory
sh: /bin/kstat: No such file or directory
sh: /bin/kstat: No such file or directory
sh: /bin/kstat: No such file or directory
sh: /bin/kstat: No such file or directory
sh: /bin/kstat: No such file or directory
sh: /bin/kstat: No such file or directory
sh: /bin/kstat: No such file or directory
sh: /bin/kstat: No such file or directory
sh: /bin/kstat: No such file or directory
sh: /bin/kstat: No such file or directory
sh: /bin/kstat: No such file or directory
sh: /bin/kstat: No such file or directory
sh: /bin/kstat: No such file or directory
sh: /bin/kstat: No such file or directory
sh: /bin/kstat: No such file or directory
sh: /bin/kstat: No such file or directory
sh: /bin/kstat: No such file or directory
sh: /bin/kstat: No such file or directory
sh: /bin/kstat: No such file or directory
sh: /bin/kstat: No such file or directory
sh: /bin/kstat: No such file or directory
sh: /bin/kstat: No such file or directory
sh: /bin/kstat: No such file or directory
sh: /bin/kstat: No such file or directory
sh: /bin/kstat: No such file or directory
sh: /bin/kstat: No such file or directory
sh: /bin/kstat: No such file or directory
sh: /bin/kstat: No such file or directory
sh: /bin/kstat: No such file or directory
sh: /bin/kstat: No such file or directory
sh: /bin/kstat: No such file or directory
sh: /bin/kstat: No such file or directory
sh: /bin/kstat: No such file or directory
sh: /bin/kstat: No such file or directory
sh: /bin/kstat: No such file or directory
sh: /bin/kstat: No such file or directory
sh: /bin/kstat: No such file or directory
sh: /bin/kstat: No such file or directory
sh: /bin/kstat: No such file or directory
sh: /bin/kstat: No such file or directory
sh: /bin/kstat: No such file or directory
sh: /bin/kstat: No such file or directory
sh: /bin/kstat: No such file or directory
sh: /bin/kstat: No such file or directory
sh: /bin/kstat: No such file or directory
sh: /bin/kstat: No such file or directory
sh: /bin/kstat: No such file or directory
sh: /bin/kstat: No such file or directory
sh: /bin/kstat: No such file or directory
sh: /bin/kstat: No such file or directory
sh: /bin/kstat: No such file or directory
sh: /bin/kstat: No such file or directory
sh: /bin/kstat: No such file or directory
sh: /bin/kstat: No such file or directory
sh: /bin/kstat: No such file or directory
sh: /bin/kstat: No such file or directory
sh: /bin/kstat: No such file or directory
sh: /bin/kstat: No such file or directory
sh: /bin/kstat: No such file or directory
sh: /bin/kstat: No such file or directory
sh: /bin/kstat: No such file or directory
sh: /bin/kstat: No such file or directory
sh: /bin/kstat: No such file or directory
sh: /bin/kstat: No such file or directory
sh: /bin/kstat: No such file or directory
sh: /bin/kstat: No such file or directory
sh: /bin/kstat: No such file or directory
sh: /bin/kstat: No such file or directory
sh: /bin/kstat: No such file or directory
sh: /bin/kstat: No such file or directory
sh: /bin/kstat: No such file or directory
sh: /bin/kstat: No such file or directory
sh: /bin/kstat: No such file or directory
sh: /bin/kstat: No such file or directory
sh: /bin/kstat: No such file or directory
sh: /bin/kstat: No such file or directory
sh: /bin/kstat: No such file or directory
sh: /bin/kstat: No such file or directory
sh: /bin/kstat: No such file or directory
sh: /bin/kstat: No such file or directory
sh: /bin/kstat: No such file or directory
sh: /bin/kstat: No such file or directory
sh: /bin/kstat: No such file or directory
sh: /bin/kstat: No such file or directory
sh: /bin/kstat: No such file or directory
sh: /bin/kstat: No such file or directory
sh: /bin/kstat: No such file or directory
sh: /bin/kstat: No such file or directory
sh: /bin/kstat: No such file or directory
sh: /bin/kstat: No such file or directory
sh: /bin/kstat: No such file or directory
sh: /bin/kstat: No such file or directory
sh: /bin/kstat: No such file or directory
sh: /bin/kstat: No such file or directory
sh: /bin/kstat: No such file or directory
sh: /bin/kstat: No such file or directory
sh: /bin/kstat: No such file or directory
sh: /bin/kstat: No such file or directory
sh: /bin/kstat: No such file or directory
sh: /bin/kstat: No such file or directory
sh: /bin/kstat: No such file or directory
sh: /bin/kstat: No such file or directory
sh: /bin/kstat: No such file or directory
sh: /bin/kstat: No such file or directory
sh: /bin/kstat: No such file or directory
sh: /bin/kstat: No such file or directory
sh: /bin/kstat: No such file or directory
sh: /bin/kstat: No such file or directory
sh: /bin/kstat: No such file or directory
sh: /bin/kstat: No such file or directory
sh: /bin/kstat: No such file or directory
sh: /bin/kstat: No such file or directory
sh: /bin/kstat: No such file or directory
sh: /bin/kstat: No such file or directory
sh: /bin/kstat: No such file or directory
sh: /bin/kstat: No such file or directory
sh: /bin/kstat: No such file or directory
sh: /bin/kstat: No such file or directory
sh: /bin/kstat: No such file or directory
sh: /bin/kstat: No such file or directory
sh: /bin/kstat: No such file or directory
sh: /bin/kstat: No such file or directory
sh: /bin/kstat: No such file or directory
sh: /bin/kstat: No such file or directory
sh: /bin/kstat: No such file or directory
 *** WARNING *** GMRFLib_2order_approx: rescue NAN/INF values in logl for idx=1461
 *** WARNING *** GMRFLib_2order_approx: reset counter for 2 NAN/INF values in logl
 *** WARNING *** GMRFLib_2order_approx: reset counter for 2 NAN/INF values in logl

Train/test evaluation split:
Train rows: 25644 
Test rows: 365 
Dropped test rows with own/neighbor lagged cases inside test period: 4293 
No-leakage policy: scaler fit on training data only.
No-leakage policy: test own-case and neighbor-case lags must come from before test start.

S10 train/test metrics:
Index: <split>
    model  split      mae     rmse      wape        r2
   <char> <char>    <num>    <num>     <num>     <num>
1:    S10  train 2.912399 17.72102 0.6427274 0.7352233
2:    S10   test 4.503437 12.33674 0.5213303 0.8223714
                 evaluation_scope n_observations sample_start sample_end
                           <char>          <int>       <char>     <char>
1:                   training_fit          25644   2017-03-27 2022-12-26
2: model_eligible_not_cross_model            365   2023-01-02 2023-01-23
                   sample_signature
                             <char>
1: 5c97f3bd668c3a5290a95f97af5a1888
2: 9fe0b6127a3135ce3e25d8318581900f
Metrics: /Users/ethanmassey/VS_Code_Test/Hierarchical-Bayesian-Model/outputs/s10_rainfall_time_train_test_metrics.csv 

S10 time-specific rainfall effects:
Key: <rainfall_time_idx>
           date  year  week rainfall_time_idx rainfall_effect_mean
         <Date> <int> <int>             <int>                <num>
  1: 2017-03-27  2017    13                 1          -0.05612504
  2: 2017-04-03  2017    14                 2          -0.09251670
  3: 2017-04-10  2017    15                 3          -0.13975396
  4: 2017-04-17  2017    16                 4          -0.17691744
  5: 2017-04-24  2017    17                 5          -0.27073335
 ---                                                              
333: 2023-11-27  2023    48               333          -0.53893425
334: 2023-12-04  2023    49               334          -0.74872668
335: 2023-12-11  2023    50               335          -0.96182397
336: 2023-12-18  2023    51               336          -0.91361030
337: 2023-12-25  2023    52               337          -0.95218107
     rainfall_effect_sd rainfall_effect_q025 rainfall_effect_q975
                  <num>                <num>                <num>
  1:         0.10647064           -0.2648075          0.152557407
  2:         0.09996619           -0.2884504          0.103417036
  3:         0.10190847           -0.3394946          0.059986638
  4:         0.10143703           -0.3757340          0.021899137
  5:         0.14203844           -0.5491287          0.007661996
 ---                                                             
333:         0.15301893           -0.8388514         -0.239017145
334:         0.15911899           -1.0605999         -0.436853472
335:         0.17888998           -1.3124483         -0.611199608
336:         0.20489888           -1.3152121         -0.512008496
337:         0.22976492           -1.4025203         -0.501841825
     rainfall_relative_risk rainfall_relative_risk_q025
                      <num>                       <num>
  1:              0.9454209                   0.7673537
  2:              0.9116340                   0.7494240
  3:              0.8695722                   0.7121302
  4:              0.8378490                   0.6867850
  5:              0.7628199                   0.5774527
 ---                                                   
333:              0.5833696                   0.4322067
334:              0.4729684                   0.3462480
335:              0.3821951                   0.2691603
336:              0.4010736                   0.2684174
337:              0.3858984                   0.2459762
     rainfall_relative_risk_q975
                           <num>
  1:                   1.1648093
  2:                   1.1089538
  3:                   1.0618224
  4:                   1.0221407
  5:                   1.0076914
 ---                            
333:                   0.7874014
334:                   0.6460661
335:                   0.5426995
336:                   0.5992907
337:                   0.6054146
