/Volumes/Temp/tmp/RtmpNlAxpv/R.INSTALL63086217f59c/arrow/tools/cpp/src/arrow/util/cpu_info.cc:242: IOError: sysctlbyname failed for 'hw.l1dcachesize'. Detail: [errno 1] Operation not permitted
/Volumes/Temp/tmp/RtmpNlAxpv/R.INSTALL63086217f59c/arrow/tools/cpp/src/arrow/util/cpu_info.cc:242: IOError: sysctlbyname failed for 'hw.l2cachesize'. Detail: [errno 1] Operation not permitted
/Volumes/Temp/tmp/RtmpNlAxpv/R.INSTALL63086217f59c/arrow/tools/cpp/src/arrow/util/cpu_info.cc:242: IOError: sysctlbyname failed for 'hw.l3cachesize'. Detail: [errno 1] Operation not permitted
/Volumes/Temp/tmp/RtmpNlAxpv/R.INSTALL63086217f59c/arrow/tools/cpp/src/arrow/util/cpu_info.cc:242: IOError: sysctlbyname failed for 'hw.optional.neon'. Detail: [errno 1] Operation not permitted
sh: /bin/kstat: No such file or directory
sh: /bin/kstat: No such file or directory
sh: /bin/kstat: No such file or directory
sh: /bin/kstat: No such file or directory
sh: /bin/kstat: No such file or directory
sh: /bin/kstat: No such file or directory
sh: /bin/kstat: No such file or directory
sh: /bin/kstat: No such file or directory
sh: /bin/kstat: No such file or directory
sh: /bin/kstat: No such file or directory
M5/S3 dataframe built
Original rows: 76544 
Model rows: 30302 
Dropped missing S3 covariates: 3186 
Municipios: 92 
Years: 2017, 2018, 2019, 2020, 2021, 2022, 2023 
Distance decay km: 50 
Distance cutoff km: 150 
Rows with at least one distance-weighted lag value: 30302 
Manual coordinate fallbacks used: 5 
INLA graph written: /var/folders/hf/rt97wjy964g2q1trd19ksx0r0000gn/T//Rtmp8FMtbs/rj_municipality_inla.graph 
Connected graph nodes: 87 
Connected graph edges: 511 
Isolated municipalities: 5 
sh: /bin/kstat: No such file or directory
sh: /bin/kstat: No such file or directory
sh: /bin/kstat: No such file or directory
sh: /bin/kstat: No such file or directory
sh: /bin/kstat: No such file or directory
sh: /bin/kstat: No such file or directory
sh: /bin/kstat: No such file or directory
sh: /bin/kstat: No such file or directory
sh: /bin/kstat: No such file or directory
sh: /bin/kstat: No such file or directory
sh: /bin/kstat: No such file or directory
sh: /bin/kstat: No such file or directory
sh: /bin/kstat: No such file or directory
sh: /bin/kstat: No such file or directory
sh: /bin/kstat: No such file or directory
sh: /bin/kstat: No such file or directory
sh: /bin/kstat: No such file or directory
sh: /bin/kstat: No such file or directory
sh: /bin/kstat: No such file or directory
sh: /bin/kstat: No such file or directory
sh: /bin/kstat: No such file or directory
sh: /bin/kstat: No such file or directory
sh: /bin/kstat: No such file or directory
sh: /bin/kstat: No such file or directory
sh: /bin/kstat: No such file or directory
sh: /bin/kstat: No such file or directory
sh: /bin/kstat: No such file or directory
sh: /bin/kstat: No such file or directory
sh: /bin/kstat: No such file or directory
sh: /bin/kstat: No such file or directory
sh: /bin/kstat: No such file or directory
sh: /bin/kstat: No such file or directory
sh: /bin/kstat: No such file or directory
sh: /bin/kstat: No such file or directory
sh: /bin/kstat: No such file or directory
sh: /bin/kstat: No such file or directory
sh: /bin/kstat: No such file or directory
sh: /bin/kstat: No such file or directory
sh: /bin/kstat: No such file or directory
sh: /bin/kstat: No such file or directory
sh: /bin/kstat: No such file or directory
sh: /bin/kstat: No such file or directory
sh: /bin/kstat: No such file or directory
sh: /bin/kstat: No such file or directory
sh: /bin/kstat: No such file or directory
sh: /bin/kstat: No such file or directory
sh: /bin/kstat: No such file or directory
sh: /bin/kstat: No such file or directory
sh: /bin/kstat: No such file or directory
sh: /bin/kstat: No such file or directory
sh: /bin/kstat: No such file or directory
sh: /bin/kstat: No such file or directory
sh: /bin/kstat: No such file or directory
sh: /bin/kstat: No such file or directory
sh: /bin/kstat: No such file or directory
sh: /bin/kstat: No such file or directory
sh: /bin/kstat: No such file or directory
sh: /bin/kstat: No such file or directory
sh: /bin/kstat: No such file or directory
sh: /bin/kstat: No such file or directory
sh: /bin/kstat: No such file or directory
sh: /bin/kstat: No such file or directory
sh: /bin/kstat: No such file or directory
sh: /bin/kstat: No such file or directory
sh: /bin/kstat: No such file or directory
sh: /bin/kstat: No such file or directory
sh: /bin/kstat: No such file or directory
sh: /bin/kstat: No such file or directory
sh: /bin/kstat: No such file or directory
sh: /bin/kstat: No such file or directory
sh: /bin/kstat: No such file or directory
sh: /bin/kstat: No such file or directory
sh: /bin/kstat: No such file or directory
sh: /bin/kstat: No such file or directory
sh: /bin/kstat: No such file or directory
sh: /bin/kstat: No such file or directory
sh: /bin/kstat: No such file or directory
sh: /bin/kstat: No such file or directory
sh: /bin/kstat: No such file or directory
sh: /bin/kstat: No such file or directory
sh: /bin/kstat: No such file or directory
sh: /bin/kstat: No such file or directory
sh: /bin/kstat: No such file or directory
sh: /bin/kstat: No such file or directory
sh: /bin/kstat: No such file or directory
sh: /bin/kstat: No such file or directory
sh: /bin/kstat: No such file or directory
sh: /bin/kstat: No such file or directory
sh: /bin/kstat: No such file or directory
sh: /bin/kstat: No such file or directory
sh: /bin/kstat: No such file or directory
sh: /bin/kstat: No such file or directory
sh: /bin/kstat: No such file or directory
sh: /bin/kstat: No such file or directory
sh: /bin/kstat: No such file or directory
sh: /bin/kstat: No such file or directory
sh: /bin/kstat: No such file or directory
sh: /bin/kstat: No such file or directory
sh: /bin/kstat: No such file or directory
sh: /bin/kstat: No such file or directory
sh: /bin/kstat: No such file or directory
sh: /bin/kstat: No such file or directory
sh: /bin/kstat: No such file or directory
sh: /bin/kstat: No such file or directory
sh: /bin/kstat: No such file or directory
sh: /bin/kstat: No such file or directory
sh: /bin/kstat: No such file or directory
sh: /bin/kstat: No such file or directory
sh: /bin/kstat: No such file or directory
sh: /bin/kstat: No such file or directory
sh: /bin/kstat: No such file or directory
sh: /bin/kstat: No such file or directory
sh: /bin/kstat: No such file or directory
sh: /bin/kstat: No such file or directory
sh: /bin/kstat: No such file or directory
sh: /bin/kstat: No such file or directory
sh: /bin/kstat: No such file or directory
sh: /bin/kstat: No such file or directory
sh: /bin/kstat: No such file or directory
sh: /bin/kstat: No such file or directory
sh: /bin/kstat: No such file or directory
sh: /bin/kstat: No such file or directory
sh: /bin/kstat: No such file or directory
sh: /bin/kstat: No such file or directory
sh: /bin/kstat: No such file or directory
sh: /bin/kstat: No such file or directory
sh: /bin/kstat: No such file or directory
sh: /bin/kstat: No such file or directory
sh: /bin/kstat: No such file or directory
sh: /bin/kstat: No such file or directory
sh: /bin/kstat: No such file or directory
sh: /bin/kstat: No such file or directory
sh: /bin/kstat: No such file or directory
sh: /bin/kstat: No such file or directory
sh: /bin/kstat: No such file or directory
sh: /bin/kstat: No such file or directory
sh: /bin/kstat: No such file or directory
sh: /bin/kstat: No such file or directory
sh: /bin/kstat: No such file or directory
sh: /bin/kstat: No such file or directory
sh: /bin/kstat: No such file or directory
sh: /bin/kstat: No such file or directory
sh: /bin/kstat: No such file or directory
sh: /bin/kstat: No such file or directory
sh: /bin/kstat: No such file or directory
sh: /bin/kstat: No such file or directory
sh: /bin/kstat: No such file or directory
sh: /bin/kstat: No such file or directory
sh: /bin/kstat: No such file or directory
sh: /bin/kstat: No such file or directory
sh: /bin/kstat: No such file or directory
sh: /bin/kstat: No such file or directory
sh: /bin/kstat: No such file or directory
sh: /bin/kstat: No such file or directory
sh: /bin/kstat: No such file or directory
sh: /bin/kstat: No such file or directory
sh: /bin/kstat: No such file or directory
sh: /bin/kstat: No such file or directory
sh: /bin/kstat: No such file or directory
sh: /bin/kstat: No such file or directory
sh: /bin/kstat: No such file or directory
sh: /bin/kstat: No such file or directory
sh: /bin/kstat: No such file or directory
sh: /bin/kstat: No such file or directory
sh: /bin/kstat: No such file or directory
sh: /bin/kstat: No such file or directory
sh: /bin/kstat: No such file or directory
sh: /bin/kstat: No such file or directory
sh: /bin/kstat: No such file or directory
sh: /bin/kstat: No such file or directory
sh: /bin/kstat: No such file or directory
sh: /bin/kstat: No such file or directory
sh: /bin/kstat: No such file or directory
sh: /bin/kstat: No such file or directory
sh: /bin/kstat: No such file or directory
sh: /bin/kstat: No such file or directory
sh: /bin/kstat: No such file or directory
sh: /bin/kstat: No such file or directory
sh: /bin/kstat: No such file or directory
sh: /bin/kstat: No such file or directory
sh: /bin/kstat: No such file or directory
sh: /bin/kstat: No such file or directory
sh: /bin/kstat: No such file or directory
sh: /bin/kstat: No such file or directory
sh: /bin/kstat: No such file or directory
sh: /bin/kstat: No such file or directory
sh: /bin/kstat: No such file or directory
sh: /bin/kstat: No such file or directory
sh: /bin/kstat: No such file or directory
sh: /bin/kstat: No such file or directory
sh: /bin/kstat: No such file or directory
sh: /bin/kstat: No such file or directory
sh: /bin/kstat: No such file or directory
sh: /bin/kstat: No such file or directory
sh: /bin/kstat: No such file or directory
sh: /bin/kstat: No such file or directory
sh: /bin/kstat: No such file or directory
sh: /bin/kstat: No such file or directory
sh: /bin/kstat: No such file or directory
sh: /bin/kstat: No such file or directory
sh: /bin/kstat: No such file or directory
sh: /bin/kstat: No such file or directory
sh: /bin/kstat: No such file or directory
sh: /bin/kstat: No such file or directory
sh: /bin/kstat: No such file or directory
sh: /bin/kstat: No such file or directory
sh: /bin/kstat: No such file or directory
sh: /bin/kstat: No such file or directory
sh: /bin/kstat: No such file or directory
sh: /bin/kstat: No such file or directory
sh: /bin/kstat: No such file or directory
sh: /bin/kstat: No such file or directory
sh: /bin/kstat: No such file or directory
sh: /bin/kstat: No such file or directory
sh: /bin/kstat: No such file or directory
sh: /bin/kstat: No such file or directory
sh: /bin/kstat: No such file or directory
sh: /bin/kstat: No such file or directory
sh: /bin/kstat: No such file or directory
sh: /bin/kstat: No such file or directory
sh: /bin/kstat: No such file or directory
sh: /bin/kstat: No such file or directory
sh: /bin/kstat: No such file or directory
sh: /bin/kstat: No such file or directory
sh: /bin/kstat: No such file or directory
sh: /bin/kstat: No such file or directory
sh: /bin/kstat: No such file or directory
sh: /bin/kstat: No such file or directory
sh: /bin/kstat: No such file or directory
sh: /bin/kstat: No such file or directory
sh: /bin/kstat: No such file or directory
sh: /bin/kstat: No such file or directory
sh: /bin/kstat: No such file or directory
sh: /bin/kstat: No such file or directory
sh: /bin/kstat: No such file or directory
sh: /bin/kstat: No such file or directory
sh: /bin/kstat: No such file or directory
sh: /bin/kstat: No such file or directory
sh: /bin/kstat: No such file or directory
sh: /bin/kstat: No such file or directory
sh: /bin/kstat: No such file or directory
sh: /bin/kstat: No such file or directory
sh: /bin/kstat: No such file or directory
sh: /bin/kstat: No such file or directory
sh: /bin/kstat: No such file or directory
sh: /bin/kstat: No such file or directory
sh: /bin/kstat: No such file or directory
sh: /bin/kstat: No such file or directory
sh: /bin/kstat: No such file or directory
sh: /bin/kstat: No such file or directory
sh: /bin/kstat: No such file or directory
sh: /bin/kstat: No such file or directory
sh: /bin/kstat: No such file or directory
sh: /bin/kstat: No such file or directory
sh: /bin/kstat: No such file or directory
sh: /bin/kstat: No such file or directory
sh: /bin/kstat: No such file or directory
sh: /bin/kstat: No such file or directory
sh: /bin/kstat: No such file or directory
sh: /bin/kstat: No such file or directory
sh: /bin/kstat: No such file or directory
sh: /bin/kstat: No such file or directory
sh: /bin/kstat: No such file or directory
sh: /bin/kstat: No such file or directory
sh: /bin/kstat: No such file or directory
sh: /bin/kstat: No such file or directory
sh: /bin/kstat: No such file or directory
sh: /bin/kstat: No such file or directory
sh: /bin/kstat: No such file or directory
sh: /bin/kstat: No such file or directory
sh: /bin/kstat: No such file or directory
sh: /bin/kstat: No such file or directory
sh: /bin/kstat: No such file or directory
sh: /bin/kstat: No such file or directory
sh: /bin/kstat: No such file or directory
sh: /bin/kstat: No such file or directory
sh: /bin/kstat: No such file or directory
sh: /bin/kstat: No such file or directory
sh: /bin/kstat: No such file or directory
sh: /bin/kstat: No such file or directory
sh: /bin/kstat: No such file or directory
sh: /bin/kstat: No such file or directory
sh: /bin/kstat: No such file or directory
sh: /bin/kstat: No such file or directory
sh: /bin/kstat: No such file or directory
sh: /bin/kstat: No such file or directory
sh: /bin/kstat: No such file or directory
sh: /bin/kstat: No such file or directory
sh: /bin/kstat: No such file or directory
sh: /bin/kstat: No such file or directory
sh: /bin/kstat: No such file or directory
sh: /bin/kstat: No such file or directory
sh: /bin/kstat: No such file or directory
sh: /bin/kstat: No such file or directory
sh: /bin/kstat: No such file or directory
sh: /bin/kstat: No such file or directory
sh: /bin/kstat: No such file or directory
sh: /bin/kstat: No such file or directory
sh: /bin/kstat: No such file or directory
sh: /bin/kstat: No such file or directory
sh: /bin/kstat: No such file or directory
sh: /bin/kstat: No such file or directory
sh: /bin/kstat: No such file or directory
sh: /bin/kstat: No such file or directory
sh: /bin/kstat: No such file or directory
sh: /bin/kstat: No such file or directory
sh: /bin/kstat: No such file or directory
sh: /bin/kstat: No such file or directory
sh: /bin/kstat: No such file or directory
sh: /bin/kstat: No such file or directory
sh: /bin/kstat: No such file or directory
sh: /bin/kstat: No such file or directory
sh: /bin/kstat: No such file or directory
sh: /bin/kstat: No such file or directory
sh: /bin/kstat: No such file or directory
sh: /bin/kstat: No such file or directory
sh: /bin/kstat: No such file or directory
sh: /bin/kstat: No such file or directory
sh: /bin/kstat: No such file or directory
sh: /bin/kstat: No such file or directory
sh: /bin/kstat: No such file or directory
sh: /bin/kstat: No such file or directory
sh: /bin/kstat: No such file or directory
sh: /bin/kstat: No such file or directory
sh: /bin/kstat: No such file or directory
sh: /bin/kstat: No such file or directory
sh: /bin/kstat: No such file or directory
sh: /bin/kstat: No such file or directory
sh: /bin/kstat: No such file or directory
sh: /bin/kstat: No such file or directory
sh: /bin/kstat: No such file or directory
sh: /bin/kstat: No such file or directory
sh: /bin/kstat: No such file or directory
sh: /bin/kstat: No such file or directory
sh: /bin/kstat: No such file or directory
sh: /bin/kstat: No such file or directory
sh: /bin/kstat: No such file or directory
sh: /bin/kstat: No such file or directory
sh: /bin/kstat: No such file or directory
sh: /bin/kstat: No such file or directory
sh: /bin/kstat: No such file or directory
sh: /bin/kstat: No such file or directory
sh: /bin/kstat: No such file or directory
sh: /bin/kstat: No such file or directory
sh: /bin/kstat: No such file or directory
sh: /bin/kstat: No such file or directory
sh: /bin/kstat: No such file or directory
sh: /bin/kstat: No such file or directory
sh: /bin/kstat: No such file or directory
sh: /bin/kstat: No such file or directory
sh: /bin/kstat: No such file or directory
sh: /bin/kstat: No such file or directory
sh: /bin/kstat: No such file or directory
sh: /bin/kstat: No such file or directory
sh: /bin/kstat: No such file or directory
sh: /bin/kstat: No such file or directory
sh: /bin/kstat: No such file or directory
sh: /bin/kstat: No such file or directory
sh: /bin/kstat: No such file or directory
sh: /bin/kstat: No such file or directory
sh: /bin/kstat: No such file or directory
sh: /bin/kstat: No such file or directory
sh: /bin/kstat: No such file or directory
sh: /bin/kstat: No such file or directory
sh: /bin/kstat: No such file or directory
sh: /bin/kstat: No such file or directory
sh: /bin/kstat: No such file or directory
sh: /bin/kstat: No such file or directory
sh: /bin/kstat: No such file or directory
sh: /bin/kstat: No such file or directory
sh: /bin/kstat: No such file or directory
sh: /bin/kstat: No such file or directory
sh: /bin/kstat: No such file or directory
sh: /bin/kstat: No such file or directory
sh: /bin/kstat: No such file or directory
sh: /bin/kstat: No such file or directory
sh: /bin/kstat: No such file or directory
sh: /bin/kstat: No such file or directory
sh: /bin/kstat: No such file or directory
sh: /bin/kstat: No such file or directory
sh: /bin/kstat: No such file or directory
sh: /bin/kstat: No such file or directory
sh: /bin/kstat: No such file or directory
sh: /bin/kstat: No such file or directory
sh: /bin/kstat: No such file or directory
sh: /bin/kstat: No such file or directory
sh: /bin/kstat: No such file or directory
sh: /bin/kstat: No such file or directory
sh: /bin/kstat: No such file or directory
sh: /bin/kstat: No such file or directory
sh: /bin/kstat: No such file or directory
sh: /bin/kstat: No such file or directory
sh: /bin/kstat: No such file or directory
sh: /bin/kstat: No such file or directory
sh: /bin/kstat: No such file or directory
sh: /bin/kstat: No such file or directory
sh: /bin/kstat: No such file or directory
sh: /bin/kstat: No such file or directory
sh: /bin/kstat: No such file or directory
sh: /bin/kstat: No such file or directory
sh: /bin/kstat: No such file or directory
sh: /bin/kstat: No such file or directory
sh: /bin/kstat: No such file or directory
sh: /bin/kstat: No such file or directory
sh: /bin/kstat: No such file or directory
sh: /bin/kstat: No such file or directory
sh: /bin/kstat: No such file or directory
sh: /bin/kstat: No such file or directory
sh: /bin/kstat: No such file or directory
sh: /bin/kstat: No such file or directory
sh: /bin/kstat: No such file or directory
sh: /bin/kstat: No such file or directory
sh: /bin/kstat: No such file or directory
sh: /bin/kstat: No such file or directory
sh: /bin/kstat: No such file or directory
sh: /bin/kstat: No such file or directory
sh: /bin/kstat: No such file or directory
sh: /bin/kstat: No such file or directory
sh: /bin/kstat: No such file or directory
sh: /bin/kstat: No such file or directory
sh: /bin/kstat: No such file or directory
sh: /bin/kstat: No such file or directory
sh: /bin/kstat: No such file or directory
sh: /bin/kstat: No such file or directory
sh: /bin/kstat: No such file or directory
sh: /bin/kstat: No such file or directory
sh: /bin/kstat: No such file or directory
sh: /bin/kstat: No such file or directory
sh: /bin/kstat: No such file or directory
sh: /bin/kstat: No such file or directory
sh: /bin/kstat: No such file or directory
sh: /bin/kstat: No such file or directory
sh: /bin/kstat: No such file or directory
sh: /bin/kstat: No such file or directory
sh: /bin/kstat: No such file or directory
sh: /bin/kstat: No such file or directory
sh: /bin/kstat: No such file or directory
sh: /bin/kstat: No such file or directory
sh: /bin/kstat: No such file or directory
sh: /bin/kstat: No such file or directory
sh: /bin/kstat: No such file or directory
sh: /bin/kstat: No such file or directory
sh: /bin/kstat: No such file or directory
sh: /bin/kstat: No such file or directory
sh: /bin/kstat: No such file or directory
sh: /bin/kstat: No such file or directory
sh: /bin/kstat: No such file or directory
sh: /bin/kstat: No such file or directory
sh: /bin/kstat: No such file or directory
sh: /bin/kstat: No such file or directory
sh: /bin/kstat: No such file or directory
sh: /bin/kstat: No such file or directory
sh: /bin/kstat: No such file or directory
sh: /bin/kstat: No such file or directory
sh: /bin/kstat: No such file or directory
sh: /bin/kstat: No such file or directory
sh: /bin/kstat: No such file or directory
sh: /bin/kstat: No such file or directory
sh: /bin/kstat: No such file or directory
sh: /bin/kstat: No such file or directory
sh: /bin/kstat: No such file or directory
sh: /bin/kstat: No such file or directory
sh: /bin/kstat: No such file or directory
sh: /bin/kstat: No such file or directory
sh: /bin/kstat: No such file or directory
sh: /bin/kstat: No such file or directory
sh: /bin/kstat: No such file or directory
sh: /bin/kstat: No such file or directory
sh: /bin/kstat: No such file or directory
sh: /bin/kstat: No such file or directory
sh: /bin/kstat: No such file or directory
sh: /bin/kstat: No such file or directory
sh: /bin/kstat: No such file or directory
sh: /bin/kstat: No such file or directory
sh: /bin/kstat: No such file or directory
sh: /bin/kstat: No such file or directory
sh: /bin/kstat: No such file or directory
sh: /bin/kstat: No such file or directory
sh: /bin/kstat: No such file or directory
sh: /bin/kstat: No such file or directory
sh: /bin/kstat: No such file or directory
sh: /bin/kstat: No such file or directory
sh: /bin/kstat: No such file or directory
sh: /bin/kstat: No such file or directory
sh: /bin/kstat: No such file or directory
sh: /bin/kstat: No such file or directory
sh: /bin/kstat: No such file or directory
sh: /bin/kstat: No such file or directory
sh: /bin/kstat: No such file or directory
sh: /bin/kstat: No such file or directory
sh: /bin/kstat: No such file or directory
sh: /bin/kstat: No such file or directory
sh: /bin/kstat: No such file or directory
sh: /bin/kstat: No such file or directory
sh: /bin/kstat: No such file or directory
sh: /bin/kstat: No such file or directory
sh: /bin/kstat: No such file or directory
sh: /bin/kstat: No such file or directory
sh: /bin/kstat: No such file or directory
sh: /bin/kstat: No such file or directory
sh: /bin/kstat: No such file or directory
sh: /bin/kstat: No such file or directory
sh: /bin/kstat: No such file or directory
sh: /bin/kstat: No such file or directory
sh: /bin/kstat: No such file or directory
sh: /bin/kstat: No such file or directory
sh: /bin/kstat: No such file or directory
sh: /bin/kstat: No such file or directory
sh: /bin/kstat: No such file or directory
sh: /bin/kstat: No such file or directory
sh: /bin/kstat: No such file or directory
sh: /bin/kstat: No such file or directory
sh: /bin/kstat: No such file or directory
sh: /bin/kstat: No such file or directory
sh: /bin/kstat: No such file or directory
sh: /bin/kstat: No such file or directory
sh: /bin/kstat: No such file or directory
sh: /bin/kstat: No such file or directory
sh: /bin/kstat: No such file or directory
sh: /bin/kstat: No such file or directory
sh: /bin/kstat: No such file or directory
sh: /bin/kstat: No such file or directory
sh: /bin/kstat: No such file or directory
sh: /bin/kstat: No such file or directory
sh: /bin/kstat: No such file or directory
sh: /bin/kstat: No such file or directory
sh: /bin/kstat: No such file or directory
sh: /bin/kstat: No such file or directory
sh: /bin/kstat: No such file or directory
sh: /bin/kstat: No such file or directory
sh: /bin/kstat: No such file or directory
sh: /bin/kstat: No such file or directory
sh: /bin/kstat: No such file or directory
sh: /bin/kstat: No such file or directory
sh: /bin/kstat: No such file or directory
sh: /bin/kstat: No such file or directory
sh: /bin/kstat: No such file or directory
sh: /bin/kstat: No such file or directory
sh: /bin/kstat: No such file or directory
sh: /bin/kstat: No such file or directory
sh: /bin/kstat: No such file or directory
sh: /bin/kstat: No such file or directory
sh: /bin/kstat: No such file or directory
sh: /bin/kstat: No such file or directory
sh: /bin/kstat: No such file or directory
sh: /bin/kstat: No such file or directory
sh: /bin/kstat: No such file or directory
sh: /bin/kstat: No such file or directory
sh: /bin/kstat: No such file or directory
sh: /bin/kstat: No such file or directory
sh: /bin/kstat: No such file or directory
sh: /bin/kstat: No such file or directory
sh: /bin/kstat: No such file or directory
sh: /bin/kstat: No such file or directory
sh: /bin/kstat: No such file or directory
sh: /bin/kstat: No such file or directory
sh: /bin/kstat: No such file or directory
sh: /bin/kstat: No such file or directory
sh: /bin/kstat: No such file or directory
sh: /bin/kstat: No such file or directory
sh: /bin/kstat: No such file or directory
sh: /bin/kstat: No such file or directory
sh: /bin/kstat: No such file or directory
sh: /bin/kstat: No such file or directory
sh: /bin/kstat: No such file or directory
sh: /bin/kstat: No such file or directory
sh: /bin/kstat: No such file or directory
sh: /bin/kstat: No such file or directory
sh: /bin/kstat: No such file or directory
sh: /bin/kstat: No such file or directory
sh: /bin/kstat: No such file or directory
sh: /bin/kstat: No such file or directory
sh: /bin/kstat: No such file or directory
sh: /bin/kstat: No such file or directory
sh: /bin/kstat: No such file or directory
sh: /bin/kstat: No such file or directory
sh: /bin/kstat: No such file or directory
sh: /bin/kstat: No such file or directory
sh: /bin/kstat: No such file or directory
sh: /bin/kstat: No such file or directory
sh: /bin/kstat: No such file or directory
sh: /bin/kstat: No such file or directory
sh: /bin/kstat: No such file or directory
sh: /bin/kstat: No such file or directory
sh: /bin/kstat: No such file or directory
sh: /bin/kstat: No such file or directory
sh: /bin/kstat: No such file or directory
sh: /bin/kstat: No such file or directory
sh: /bin/kstat: No such file or directory
sh: /bin/kstat: No such file or directory
sh: /bin/kstat: No such file or directory
sh: /bin/kstat: No such file or directory
sh: /bin/kstat: No such file or directory
sh: /bin/kstat: No such file or directory
sh: /bin/kstat: No such file or directory
sh: /bin/kstat: No such file or directory
sh: /bin/kstat: No such file or directory
sh: /bin/kstat: No such file or directory
sh: /bin/kstat: No such file or directory
sh: /bin/kstat: No such file or directory
sh: /bin/kstat: No such file or directory
sh: /bin/kstat: No such file or directory
sh: /bin/kstat: No such file or directory
sh: /bin/kstat: No such file or directory
sh: /bin/kstat: No such file or directory
sh: /bin/kstat: No such file or directory
sh: /bin/kstat: No such file or directory
sh: /bin/kstat: No such file or directory
sh: /bin/kstat: No such file or directory
sh: /bin/kstat: No such file or directory
sh: /bin/kstat: No such file or directory
sh: /bin/kstat: No such file or directory
sh: /bin/kstat: No such file or directory
sh: /bin/kstat: No such file or directory
sh: /bin/kstat: No such file or directory
sh: /bin/kstat: No such file or directory
sh: /bin/kstat: No such file or directory
sh: /bin/kstat: No such file or directory
sh: /bin/kstat: No such file or directory
sh: /bin/kstat: No such file or directory
sh: /bin/kstat: No such file or directory
sh: /bin/kstat: No such file or directory
sh: /bin/kstat: No such file or directory
sh: /bin/kstat: No such file or directory
sh: /bin/kstat: No such file or directory
sh: /bin/kstat: No such file or directory
sh: /bin/kstat: No such file or directory
sh: /bin/kstat: No such file or directory
sh: /bin/kstat: No such file or directory
sh: /bin/kstat: No such file or directory
sh: /bin/kstat: No such file or directory
sh: /bin/kstat: No such file or directory
sh: /bin/kstat: No such file or directory
sh: /bin/kstat: No such file or directory
sh: /bin/kstat: No such file or directory
sh: /bin/kstat: No such file or directory
sh: /bin/kstat: No such file or directory
sh: /bin/kstat: No such file or directory
sh: /bin/kstat: No such file or directory
sh: /bin/kstat: No such file or directory
sh: /bin/kstat: No such file or directory
sh: /bin/kstat: No such file or directory
sh: /bin/kstat: No such file or directory
sh: /bin/kstat: No such file or directory
sh: /bin/kstat: No such file or directory
sh: /bin/kstat: No such file or directory
sh: /bin/kstat: No such file or directory
sh: /bin/kstat: No such file or directory
sh: /bin/kstat: No such file or directory
sh: /bin/kstat: No such file or directory
sh: /bin/kstat: No such file or directory
sh: /bin/kstat: No such file or directory
sh: /bin/kstat: No such file or directory
sh: /bin/kstat: No such file or directory
sh: /bin/kstat: No such file or directory
sh: /bin/kstat: No such file or directory
sh: /bin/kstat: No such file or directory
sh: /bin/kstat: No such file or directory
sh: /bin/kstat: No such file or directory
sh: /bin/kstat: No such file or directory
sh: /bin/kstat: No such file or directory
sh: /bin/kstat: No such file or directory
sh: /bin/kstat: No such file or directory
sh: /bin/kstat: No such file or directory
sh: /bin/kstat: No such file or directory
sh: /bin/kstat: No such file or directory
sh: /bin/kstat: No such file or directory
sh: /bin/kstat: No such file or directory
sh: /bin/kstat: No such file or directory
sh: /bin/kstat: No such file or directory
sh: /bin/kstat: No such file or directory
sh: /bin/kstat: No such file or directory
sh: /bin/kstat: No such file or directory
sh: /bin/kstat: No such file or directory
sh: /bin/kstat: No such file or directory
sh: /bin/kstat: No such file or directory
sh: /bin/kstat: No such file or directory
sh: /bin/kstat: No such file or directory
sh: /bin/kstat: No such file or directory
sh: /bin/kstat: No such file or directory
sh: /bin/kstat: No such file or directory
sh: /bin/kstat: No such file or directory
sh: /bin/kstat: No such file or directory
sh: /bin/kstat: No such file or directory
sh: /bin/kstat: No such file or directory
sh: /bin/kstat: No such file or directory
sh: /bin/kstat: No such file or directory
sh: /bin/kstat: No such file or directory
sh: /bin/kstat: No such file or directory
sh: /bin/kstat: No such file or directory
sh: /bin/kstat: No such file or directory
sh: /bin/kstat: No such file or directory
sh: /bin/kstat: No such file or directory
sh: /bin/kstat: No such file or directory
sh: /bin/kstat: No such file or directory
sh: /bin/kstat: No such file or directory
sh: /bin/kstat: No such file or directory
sh: /bin/kstat: No such file or directory
sh: /bin/kstat: No such file or directory
sh: /bin/kstat: No such file or directory
sh: /bin/kstat: No such file or directory
sh: /bin/kstat: No such file or directory
sh: /bin/kstat: No such file or directory
sh: /bin/kstat: No such file or directory
sh: /bin/kstat: No such file or directory
sh: /bin/kstat: No such file or directory
sh: /bin/kstat: No such file or directory
sh: /bin/kstat: No such file or directory
sh: /bin/kstat: No such file or directory
sh: /bin/kstat: No such file or directory
sh: /bin/kstat: No such file or directory
sh: /bin/kstat: No such file or directory
sh: /bin/kstat: No such file or directory
sh: /bin/kstat: No such file or directory
sh: /bin/kstat: No such file or directory
sh: /bin/kstat: No such file or directory
sh: /bin/kstat: No such file or directory
sh: /bin/kstat: No such file or directory
sh: /bin/kstat: No such file or directory
sh: /bin/kstat: No such file or directory
sh: /bin/kstat: No such file or directory
sh: /bin/kstat: No such file or directory
sh: /bin/kstat: No such file or directory
sh: /bin/kstat: No such file or directory
sh: /bin/kstat: No such file or directory
sh: /bin/kstat: No such file or directory
sh: /bin/kstat: No such file or directory
sh: /bin/kstat: No such file or directory
sh: /bin/kstat: No such file or directory
sh: /bin/kstat: No such file or directory
sh: /bin/kstat: No such file or directory
sh: /bin/kstat: No such file or directory
sh: /bin/kstat: No such file or directory
sh: /bin/kstat: No such file or directory
sh: /bin/kstat: No such file or directory
sh: /bin/kstat: No such file or directory
sh: /bin/kstat: No such file or directory
sh: /bin/kstat: No such file or directory
sh: /bin/kstat: No such file or directory
sh: /bin/kstat: No such file or directory
sh: /bin/kstat: No such file or directory
sh: /bin/kstat: No such file or directory
sh: /bin/kstat: No such file or directory
sh: /bin/kstat: No such file or directory
sh: /bin/kstat: No such file or directory
sh: /bin/kstat: No such file or directory
sh: /bin/kstat: No such file or directory
sh: /bin/kstat: No such file or directory
sh: /bin/kstat: No such file or directory
sh: /bin/kstat: No such file or directory
sh: /bin/kstat: No such file or directory
sh: /bin/kstat: No such file or directory
sh: /bin/kstat: No such file or directory
sh: /bin/kstat: No such file or directory
sh: /bin/kstat: No such file or directory
sh: /bin/kstat: No such file or directory
sh: /bin/kstat: No such file or directory
sh: /bin/kstat: No such file or directory
sh: /bin/kstat: No such file or directory
sh: /bin/kstat: No such file or directory
sh: /bin/kstat: No such file or directory
sh: /bin/kstat: No such file or directory
sh: /bin/kstat: No such file or directory
sh: /bin/kstat: No such file or directory
sh: /bin/kstat: No such file or directory
sh: /bin/kstat: No such file or directory
sh: /bin/kstat: No such file or directory
sh: /bin/kstat: No such file or directory
sh: /bin/kstat: No such file or directory
sh: /bin/kstat: No such file or directory
sh: /bin/kstat: No such file or directory
sh: /bin/kstat: No such file or directory
sh: /bin/kstat: No such file or directory
sh: /bin/kstat: No such file or directory
sh: /bin/kstat: No such file or directory
sh: /bin/kstat: No such file or directory
sh: /bin/kstat: No such file or directory
sh: /bin/kstat: No such file or directory
sh: /bin/kstat: No such file or directory
sh: /bin/kstat: No such file or directory
sh: /bin/kstat: No such file or directory
sh: /bin/kstat: No such file or directory
sh: /bin/kstat: No such file or directory
sh: /bin/kstat: No such file or directory
sh: /bin/kstat: No such file or directory
sh: /bin/kstat: No such file or directory
sh: /bin/kstat: No such file or directory
sh: /bin/kstat: No such file or directory
sh: /bin/kstat: No such file or directory
sh: /bin/kstat: No such file or directory
sh: /bin/kstat: No such file or directory
sh: /bin/kstat: No such file or directory
sh: /bin/kstat: No such file or directory
sh: /bin/kstat: No such file or directory
sh: /bin/kstat: No such file or directory
sh: /bin/kstat: No such file or directory
sh: /bin/kstat: No such file or directory
sh: /bin/kstat: No such file or directory
sh: /bin/kstat: No such file or directory
sh: /bin/kstat: No such file or directory
sh: /bin/kstat: No such file or directory
sh: /bin/kstat: No such file or directory
sh: /bin/kstat: No such file or directory
sh: /bin/kstat: No such file or directory
sh: /bin/kstat: No such file or directory
sh: /bin/kstat: No such file or directory
sh: /bin/kstat: No such file or directory
sh: /bin/kstat: No such file or directory
sh: /bin/kstat: No such file or directory
sh: /bin/kstat: No such file or directory
sh: /bin/kstat: No such file or directory
sh: /bin/kstat: No such file or directory
sh: /bin/kstat: No such file or directory
sh: /bin/kstat: No such file or directory
sh: /bin/kstat: No such file or directory
sh: /bin/kstat: No such file or directory
sh: /bin/kstat: No such file or directory
sh: /bin/kstat: No such file or directory
sh: /bin/kstat: No such file or directory
sh: /bin/kstat: No such file or directory
sh: /bin/kstat: No such file or directory
sh: /bin/kstat: No such file or directory
sh: /bin/kstat: No such file or directory
sh: /bin/kstat: No such file or directory
sh: /bin/kstat: No such file or directory
sh: /bin/kstat: No such file or directory
sh: /bin/kstat: No such file or directory
sh: /bin/kstat: No such file or directory
sh: /bin/kstat: No such file or directory
sh: /bin/kstat: No such file or directory
sh: /bin/kstat: No such file or directory
sh: /bin/kstat: No such file or directory
sh: /bin/kstat: No such file or directory
sh: /bin/kstat: No such file or directory
sh: /bin/kstat: No such file or directory
sh: /bin/kstat: No such file or directory
sh: /bin/kstat: No such file or directory
sh: /bin/kstat: No such file or directory
sh: /bin/kstat: No such file or directory
sh: /bin/kstat: No such file or directory
sh: /bin/kstat: No such file or directory
sh: /bin/kstat: No such file or directory
sh: /bin/kstat: No such file or directory
sh: /bin/kstat: No such file or directory
sh: /bin/kstat: No such file or directory
sh: /bin/kstat: No such file or directory
sh: /bin/kstat: No such file or directory
sh: /bin/kstat: No such file or directory
sh: /bin/kstat: No such file or directory
sh: /bin/kstat: No such file or directory
sh: /bin/kstat: No such file or directory
sh: /bin/kstat: No such file or directory
sh: /bin/kstat: No such file or directory
sh: /bin/kstat: No such file or directory
sh: /bin/kstat: No such file or directory
sh: /bin/kstat: No such file or directory
sh: /bin/kstat: No such file or directory
sh: /bin/kstat: No such file or directory
sh: /bin/kstat: No such file or directory
sh: /bin/kstat: No such file or directory
sh: /bin/kstat: No such file or directory
sh: /bin/kstat: No such file or directory
sh: /bin/kstat: No such file or directory
sh: /bin/kstat: No such file or directory
sh: /bin/kstat: No such file or directory
sh: /bin/kstat: No such file or directory
sh: /bin/kstat: No such file or directory
 *** WARNING *** GMRFLib_2order_approx: rescue NAN/INF values in logl for idx=10669
 *** WARNING *** GMRFLib_2order_approx: reset counter for 3 NAN/INF values in logl
 *** WARNING *** GMRFLib_2order_approx: reset counter for 3 NAN/INF values in logl

S3 full-data fixed effects:
                                mean         sd  0.025quant    0.5quant
(Intercept)              -0.19913050 0.15007559 -0.49686764 -0.19896406
rainfall_lag_z            0.12887211 0.02432460  0.08090989  0.12897268
humidity_lag_z           -0.05731898 0.01427210 -0.08530922 -0.05731767
temperature_lag_z        -0.01889274 0.02043426 -0.05898777 -0.01888406
idhm_z                    0.49141651 0.08215474  0.32987064  0.49140537
log_cases_lag_z           0.90436883 0.01081778  0.88315379  0.90436958
distance_log_cases_lag_z  0.24894639 0.01931337  0.21108322  0.24894364
                          0.975quant        mode          kld
(Intercept)               0.09832235 -0.19889435 1.580883e-09
rainfall_lag_z            0.17628381  0.12897896 4.228227e-09
humidity_lag_z           -0.02933618 -0.05731766 4.814217e-11
temperature_lag_z         0.02115295 -0.01888400 8.763157e-11
idhm_z                    0.65304966  0.49141398 1.629862e-08
log_cases_lag_z           0.92557956  0.90436959 4.661737e-11
distance_log_cases_lag_z  0.28682552  0.24894370 6.893600e-11

S3 full-data model criteria:
    model      dic     waic
   <char>    <num>    <num>
1:     S3 91189.47 91361.22
Criteria: /Users/ethanmassey/VS_Code_Test/Hierarchical-Bayesian-Model/outputs/spatial_inla_s3_model_criteria.csv 
sh: /bin/kstat: No such file or directory
sh: /bin/kstat: No such file or directory
sh: /bin/kstat: No such file or directory
sh: /bin/kstat: No such file or directory
sh: /bin/kstat: No such file or directory
sh: /bin/kstat: No such file or directory
sh: /bin/kstat: No such file or directory
sh: /bin/kstat: No such file or directory
sh: /bin/kstat: No such file or directory
sh: /bin/kstat: No such file or directory
sh: /bin/kstat: No such file or directory
sh: /bin/kstat: No such file or directory
sh: /bin/kstat: No such file or directory
sh: /bin/kstat: No such file or directory
sh: /bin/kstat: No such file or directory
sh: /bin/kstat: No such file or directory
sh: /bin/kstat: No such file or directory
sh: /bin/kstat: No such file or directory
sh: /bin/kstat: No such file or directory
sh: /bin/kstat: No such file or directory
sh: /bin/kstat: No such file or directory
sh: /bin/kstat: No such file or directory
sh: /bin/kstat: No such file or directory
sh: /bin/kstat: No such file or directory
sh: /bin/kstat: No such file or directory
sh: /bin/kstat: No such file or directory
sh: /bin/kstat: No such file or directory
sh: /bin/kstat: No such file or directory
sh: /bin/kstat: No such file or directory
sh: /bin/kstat: No such file or directory
sh: /bin/kstat: No such file or directory
sh: /bin/kstat: No such file or directory
sh: /bin/kstat: No such file or directory
sh: /bin/kstat: No such file or directory
sh: /bin/kstat: No such file or directory
sh: /bin/kstat: No such file or directory
sh: /bin/kstat: No such file or directory
sh: /bin/kstat: No such file or directory
sh: /bin/kstat: No such file or directory
sh: /bin/kstat: No such file or directory
sh: /bin/kstat: No such file or directory
sh: /bin/kstat: No such file or directory
sh: /bin/kstat: No such file or directory
sh: /bin/kstat: No such file or directory
sh: /bin/kstat: No such file or directory
sh: /bin/kstat: No such file or directory
sh: /bin/kstat: No such file or directory
sh: /bin/kstat: No such file or directory
sh: /bin/kstat: No such file or directory
sh: /bin/kstat: No such file or directory
sh: /bin/kstat: No such file or directory
sh: /bin/kstat: No such file or directory
sh: /bin/kstat: No such file or directory
sh: /bin/kstat: No such file or directory
sh: /bin/kstat: No such file or directory
sh: /bin/kstat: No such file or directory
sh: /bin/kstat: No such file or directory
sh: /bin/kstat: No such file or directory
sh: /bin/kstat: No such file or directory
sh: /bin/kstat: No such file or directory
sh: /bin/kstat: No such file or directory
sh: /bin/kstat: No such file or directory
sh: /bin/kstat: No such file or directory
sh: /bin/kstat: No such file or directory
sh: /bin/kstat: No such file or directory
sh: /bin/kstat: No such file or directory
sh: /bin/kstat: No such file or directory
sh: /bin/kstat: No such file or directory
sh: /bin/kstat: No such file or directory
sh: /bin/kstat: No such file or directory
sh: /bin/kstat: No such file or directory
sh: /bin/kstat: No such file or directory
sh: /bin/kstat: No such file or directory
sh: /bin/kstat: No such file or directory
sh: /bin/kstat: No such file or directory
sh: /bin/kstat: No such file or directory
sh: /bin/kstat: No such file or directory
sh: /bin/kstat: No such file or directory
sh: /bin/kstat: No such file or directory
sh: /bin/kstat: No such file or directory
sh: /bin/kstat: No such file or directory
sh: /bin/kstat: No such file or directory
sh: /bin/kstat: No such file or directory
sh: /bin/kstat: No such file or directory
sh: /bin/kstat: No such file or directory
sh: /bin/kstat: No such file or directory
sh: /bin/kstat: No such file or directory
sh: /bin/kstat: No such file or directory
sh: /bin/kstat: No such file or directory
sh: /bin/kstat: No such file or directory
sh: /bin/kstat: No such file or directory
sh: /bin/kstat: No such file or directory
sh: /bin/kstat: No such file or directory
sh: /bin/kstat: No such file or directory
sh: /bin/kstat: No such file or directory
sh: /bin/kstat: No such file or directory
sh: /bin/kstat: No such file or directory
sh: /bin/kstat: No such file or directory
sh: /bin/kstat: No such file or directory
sh: /bin/kstat: No such file or directory
sh: /bin/kstat: No such file or directory
sh: /bin/kstat: No such file or directory
sh: /bin/kstat: No such file or directory
sh: /bin/kstat: No such file or directory
sh: /bin/kstat: No such file or directory
sh: /bin/kstat: No such file or directory
sh: /bin/kstat: No such file or directory
sh: /bin/kstat: No such file or directory
sh: /bin/kstat: No such file or directory
sh: /bin/kstat: No such file or directory
sh: /bin/kstat: No such file or directory
sh: /bin/kstat: No such file or directory
sh: /bin/kstat: No such file or directory
sh: /bin/kstat: No such file or directory
sh: /bin/kstat: No such file or directory
sh: /bin/kstat: No such file or directory
sh: /bin/kstat: No such file or directory
sh: /bin/kstat: No such file or directory
sh: /bin/kstat: No such file or directory
sh: /bin/kstat: No such file or directory
sh: /bin/kstat: No such file or directory
sh: /bin/kstat: No such file or directory
sh: /bin/kstat: No such file or directory
sh: /bin/kstat: No such file or directory
sh: /bin/kstat: No such file or directory
sh: /bin/kstat: No such file or directory
sh: /bin/kstat: No such file or directory
sh: /bin/kstat: No such file or directory
sh: /bin/kstat: No such file or directory
sh: /bin/kstat: No such file or directory
sh: /bin/kstat: No such file or directory
sh: /bin/kstat: No such file or directory
sh: /bin/kstat: No such file or directory
sh: /bin/kstat: No such file or directory
sh: /bin/kstat: No such file or directory
sh: /bin/kstat: No such file or directory
sh: /bin/kstat: No such file or directory
sh: /bin/kstat: No such file or directory
sh: /bin/kstat: No such file or directory
sh: /bin/kstat: No such file or directory
sh: /bin/kstat: No such file or directory
sh: /bin/kstat: No such file or directory
sh: /bin/kstat: No such file or directory
sh: /bin/kstat: No such file or directory
sh: /bin/kstat: No such file or directory
sh: /bin/kstat: No such file or directory
sh: /bin/kstat: No such file or directory
sh: /bin/kstat: No such file or directory
sh: /bin/kstat: No such file or directory
sh: /bin/kstat: No such file or directory
sh: /bin/kstat: No such file or directory
sh: /bin/kstat: No such file or directory
sh: /bin/kstat: No such file or directory
sh: /bin/kstat: No such file or directory
sh: /bin/kstat: No such file or directory
sh: /bin/kstat: No such file or directory
sh: /bin/kstat: No such file or directory
sh: /bin/kstat: No such file or directory
sh: /bin/kstat: No such file or directory
sh: /bin/kstat: No such file or directory
sh: /bin/kstat: No such file or directory
sh: /bin/kstat: No such file or directory
sh: /bin/kstat: No such file or directory
sh: /bin/kstat: No such file or directory
sh: /bin/kstat: No such file or directory
sh: /bin/kstat: No such file or directory
sh: /bin/kstat: No such file or directory
sh: /bin/kstat: No such file or directory
sh: /bin/kstat: No such file or directory
sh: /bin/kstat: No such file or directory
sh: /bin/kstat: No such file or directory
sh: /bin/kstat: No such file or directory
sh: /bin/kstat: No such file or directory
sh: /bin/kstat: No such file or directory
sh: /bin/kstat: No such file or directory
sh: /bin/kstat: No such file or directory
sh: /bin/kstat: No such file or directory
sh: /bin/kstat: No such file or directory
sh: /bin/kstat: No such file or directory
sh: /bin/kstat: No such file or directory
sh: /bin/kstat: No such file or directory
sh: /bin/kstat: No such file or directory
sh: /bin/kstat: No such file or directory
sh: /bin/kstat: No such file or directory
sh: /bin/kstat: No such file or directory
sh: /bin/kstat: No such file or directory
sh: /bin/kstat: No such file or directory
sh: /bin/kstat: No such file or directory
sh: /bin/kstat: No such file or directory
sh: /bin/kstat: No such file or directory
sh: /bin/kstat: No such file or directory
sh: /bin/kstat: No such file or directory
sh: /bin/kstat: No such file or directory
sh: /bin/kstat: No such file or directory
sh: /bin/kstat: No such file or directory
sh: /bin/kstat: No such file or directory
sh: /bin/kstat: No such file or directory
sh: /bin/kstat: No such file or directory
sh: /bin/kstat: No such file or directory
sh: /bin/kstat: No such file or directory
sh: /bin/kstat: No such file or directory
sh: /bin/kstat: No such file or directory
sh: /bin/kstat: No such file or directory
sh: /bin/kstat: No such file or directory
sh: /bin/kstat: No such file or directory
sh: /bin/kstat: No such file or directory
sh: /bin/kstat: No such file or directory
sh: /bin/kstat: No such file or directory
sh: /bin/kstat: No such file or directory
sh: /bin/kstat: No such file or directory
sh: /bin/kstat: No such file or directory
sh: /bin/kstat: No such file or directory
sh: /bin/kstat: No such file or directory
sh: /bin/kstat: No such file or directory
sh: /bin/kstat: No such file or directory
sh: /bin/kstat: No such file or directory
sh: /bin/kstat: No such file or directory
sh: /bin/kstat: No such file or directory
sh: /bin/kstat: No such file or directory
sh: /bin/kstat: No such file or directory
sh: /bin/kstat: No such file or directory
sh: /bin/kstat: No such file or directory
sh: /bin/kstat: No such file or directory
sh: /bin/kstat: No such file or directory
sh: /bin/kstat: No such file or directory
sh: /bin/kstat: No such file or directory
sh: /bin/kstat: No such file or directory
sh: /bin/kstat: No such file or directory
sh: /bin/kstat: No such file or directory
sh: /bin/kstat: No such file or directory
sh: /bin/kstat: No such file or directory
sh: /bin/kstat: No such file or directory
sh: /bin/kstat: No such file or directory
sh: /bin/kstat: No such file or directory
sh: /bin/kstat: No such file or directory
sh: /bin/kstat: No such file or directory
sh: /bin/kstat: No such file or directory
sh: /bin/kstat: No such file or directory
sh: /bin/kstat: No such file or directory
sh: /bin/kstat: No such file or directory
sh: /bin/kstat: No such file or directory
sh: /bin/kstat: No such file or directory
sh: /bin/kstat: No such file or directory
sh: /bin/kstat: No such file or directory
sh: /bin/kstat: No such file or directory
sh: /bin/kstat: No such file or directory
sh: /bin/kstat: No such file or directory
sh: /bin/kstat: No such file or directory
sh: /bin/kstat: No such file or directory
sh: /bin/kstat: No such file or directory
sh: /bin/kstat: No such file or directory
sh: /bin/kstat: No such file or directory
sh: /bin/kstat: No such file or directory
sh: /bin/kstat: No such file or directory
sh: /bin/kstat: No such file or directory
sh: /bin/kstat: No such file or directory
sh: /bin/kstat: No such file or directory
sh: /bin/kstat: No such file or directory
sh: /bin/kstat: No such file or directory
sh: /bin/kstat: No such file or directory
sh: /bin/kstat: No such file or directory
sh: /bin/kstat: No such file or directory
sh: /bin/kstat: No such file or directory
sh: /bin/kstat: No such file or directory
sh: /bin/kstat: No such file or directory
sh: /bin/kstat: No such file or directory
sh: /bin/kstat: No such file or directory
sh: /bin/kstat: No such file or directory
sh: /bin/kstat: No such file or directory
sh: /bin/kstat: No such file or directory
sh: /bin/kstat: No such file or directory
sh: /bin/kstat: No such file or directory
sh: /bin/kstat: No such file or directory
sh: /bin/kstat: No such file or directory
sh: /bin/kstat: No such file or directory
sh: /bin/kstat: No such file or directory
sh: /bin/kstat: No such file or directory
sh: /bin/kstat: No such file or directory
sh: /bin/kstat: No such file or directory
sh: /bin/kstat: No such file or directory
sh: /bin/kstat: No such file or directory
sh: /bin/kstat: No such file or directory
sh: /bin/kstat: No such file or directory
sh: /bin/kstat: No such file or directory
sh: /bin/kstat: No such file or directory
sh: /bin/kstat: No such file or directory
sh: /bin/kstat: No such file or directory
sh: /bin/kstat: No such file or directory
sh: /bin/kstat: No such file or directory
sh: /bin/kstat: No such file or directory
sh: /bin/kstat: No such file or directory
sh: /bin/kstat: No such file or directory
sh: /bin/kstat: No such file or directory
sh: /bin/kstat: No such file or directory
sh: /bin/kstat: No such file or directory
sh: /bin/kstat: No such file or directory
sh: /bin/kstat: No such file or directory
sh: /bin/kstat: No such file or directory
sh: /bin/kstat: No such file or directory
sh: /bin/kstat: No such file or directory
sh: /bin/kstat: No such file or directory
sh: /bin/kstat: No such file or directory
sh: /bin/kstat: No such file or directory
sh: /bin/kstat: No such file or directory
sh: /bin/kstat: No such file or directory
sh: /bin/kstat: No such file or directory
sh: /bin/kstat: No such file or directory
sh: /bin/kstat: No such file or directory
sh: /bin/kstat: No such file or directory
sh: /bin/kstat: No such file or directory
sh: /bin/kstat: No such file or directory
sh: /bin/kstat: No such file or directory
sh: /bin/kstat: No such file or directory
sh: /bin/kstat: No such file or directory
sh: /bin/kstat: No such file or directory
sh: /bin/kstat: No such file or directory
sh: /bin/kstat: No such file or directory
sh: /bin/kstat: No such file or directory
sh: /bin/kstat: No such file or directory
sh: /bin/kstat: No such file or directory
sh: /bin/kstat: No such file or directory
sh: /bin/kstat: No such file or directory
sh: /bin/kstat: No such file or directory
sh: /bin/kstat: No such file or directory
sh: /bin/kstat: No such file or directory
sh: /bin/kstat: No such file or directory
sh: /bin/kstat: No such file or directory
sh: /bin/kstat: No such file or directory
sh: /bin/kstat: No such file or directory
sh: /bin/kstat: No such file or directory
sh: /bin/kstat: No such file or directory
sh: /bin/kstat: No such file or directory
sh: /bin/kstat: No such file or directory
sh: /bin/kstat: No such file or directory
sh: /bin/kstat: No such file or directory
sh: /bin/kstat: No such file or directory
sh: /bin/kstat: No such file or directory
sh: /bin/kstat: No such file or directory
sh: /bin/kstat: No such file or directory
sh: /bin/kstat: No such file or directory
sh: /bin/kstat: No such file or directory
sh: /bin/kstat: No such file or directory
sh: /bin/kstat: No such file or directory
sh: /bin/kstat: No such file or directory
sh: /bin/kstat: No such file or directory
sh: /bin/kstat: No such file or directory
sh: /bin/kstat: No such file or directory
sh: /bin/kstat: No such file or directory
sh: /bin/kstat: No such file or directory
sh: /bin/kstat: No such file or directory
sh: /bin/kstat: No such file or directory
sh: /bin/kstat: No such file or directory
sh: /bin/kstat: No such file or directory
sh: /bin/kstat: No such file or directory
sh: /bin/kstat: No such file or directory
sh: /bin/kstat: No such file or directory
sh: /bin/kstat: No such file or directory
sh: /bin/kstat: No such file or directory
sh: /bin/kstat: No such file or directory
sh: /bin/kstat: No such file or directory
sh: /bin/kstat: No such file or directory
sh: /bin/kstat: No such file or directory
sh: /bin/kstat: No such file or directory
sh: /bin/kstat: No such file or directory
sh: /bin/kstat: No such file or directory
sh: /bin/kstat: No such file or directory
sh: /bin/kstat: No such file or directory
sh: /bin/kstat: No such file or directory
sh: /bin/kstat: No such file or directory
sh: /bin/kstat: No such file or directory
sh: /bin/kstat: No such file or directory
sh: /bin/kstat: No such file or directory
sh: /bin/kstat: No such file or directory
sh: /bin/kstat: No such file or directory
sh: /bin/kstat: No such file or directory
sh: /bin/kstat: No such file or directory
sh: /bin/kstat: No such file or directory
sh: /bin/kstat: No such file or directory
sh: /bin/kstat: No such file or directory
sh: /bin/kstat: No such file or directory
sh: /bin/kstat: No such file or directory
sh: /bin/kstat: No such file or directory
sh: /bin/kstat: No such file or directory
sh: /bin/kstat: No such file or directory
sh: /bin/kstat: No such file or directory
sh: /bin/kstat: No such file or directory
sh: /bin/kstat: No such file or directory
sh: /bin/kstat: No such file or directory
sh: /bin/kstat: No such file or directory
sh: /bin/kstat: No such file or directory
sh: /bin/kstat: No such file or directory
sh: /bin/kstat: No such file or directory
sh: /bin/kstat: No such file or directory
sh: /bin/kstat: No such file or directory
sh: /bin/kstat: No such file or directory
sh: /bin/kstat: No such file or directory
sh: /bin/kstat: No such file or directory
sh: /bin/kstat: No such file or directory
sh: /bin/kstat: No such file or directory
sh: /bin/kstat: No such file or directory
sh: /bin/kstat: No such file or directory
sh: /bin/kstat: No such file or directory
sh: /bin/kstat: No such file or directory
sh: /bin/kstat: No such file or directory
sh: /bin/kstat: No such file or directory
sh: /bin/kstat: No such file or directory
sh: /bin/kstat: No such file or directory
sh: /bin/kstat: No such file or directory
sh: /bin/kstat: No such file or directory
sh: /bin/kstat: No such file or directory
sh: /bin/kstat: No such file or directory
sh: /bin/kstat: No such file or directory
sh: /bin/kstat: No such file or directory
sh: /bin/kstat: No such file or directory
sh: /bin/kstat: No such file or directory
sh: /bin/kstat: No such file or directory
sh: /bin/kstat: No such file or directory
sh: /bin/kstat: No such file or directory
sh: /bin/kstat: No such file or directory
sh: /bin/kstat: No such file or directory
sh: /bin/kstat: No such file or directory
sh: /bin/kstat: No such file or directory
sh: /bin/kstat: No such file or directory
sh: /bin/kstat: No such file or directory
sh: /bin/kstat: No such file or directory
sh: /bin/kstat: No such file or directory
sh: /bin/kstat: No such file or directory
sh: /bin/kstat: No such file or directory
sh: /bin/kstat: No such file or directory
sh: /bin/kstat: No such file or directory
sh: /bin/kstat: No such file or directory
sh: /bin/kstat: No such file or directory
sh: /bin/kstat: No such file or directory
sh: /bin/kstat: No such file or directory
sh: /bin/kstat: No such file or directory
sh: /bin/kstat: No such file or directory
sh: /bin/kstat: No such file or directory
sh: /bin/kstat: No such file or directory
sh: /bin/kstat: No such file or directory
sh: /bin/kstat: No such file or directory
sh: /bin/kstat: No such file or directory
sh: /bin/kstat: No such file or directory
sh: /bin/kstat: No such file or directory
sh: /bin/kstat: No such file or directory
sh: /bin/kstat: No such file or directory
sh: /bin/kstat: No such file or directory
sh: /bin/kstat: No such file or directory
sh: /bin/kstat: No such file or directory
sh: /bin/kstat: No such file or directory
sh: /bin/kstat: No such file or directory
sh: /bin/kstat: No such file or directory
sh: /bin/kstat: No such file or directory
sh: /bin/kstat: No such file or directory
sh: /bin/kstat: No such file or directory
sh: /bin/kstat: No such file or directory
sh: /bin/kstat: No such file or directory
sh: /bin/kstat: No such file or directory
sh: /bin/kstat: No such file or directory
sh: /bin/kstat: No such file or directory
sh: /bin/kstat: No such file or directory
sh: /bin/kstat: No such file or directory
sh: /bin/kstat: No such file or directory
sh: /bin/kstat: No such file or directory
sh: /bin/kstat: No such file or directory
sh: /bin/kstat: No such file or directory
sh: /bin/kstat: No such file or directory
sh: /bin/kstat: No such file or directory
sh: /bin/kstat: No such file or directory
sh: /bin/kstat: No such file or directory
sh: /bin/kstat: No such file or directory
sh: /bin/kstat: No such file or directory
sh: /bin/kstat: No such file or directory
sh: /bin/kstat: No such file or directory
sh: /bin/kstat: No such file or directory
sh: /bin/kstat: No such file or directory
sh: /bin/kstat: No such file or directory
sh: /bin/kstat: No such file or directory
sh: /bin/kstat: No such file or directory
sh: /bin/kstat: No such file or directory
sh: /bin/kstat: No such file or directory
sh: /bin/kstat: No such file or directory
sh: /bin/kstat: No such file or directory
sh: /bin/kstat: No such file or directory
sh: /bin/kstat: No such file or directory
sh: /bin/kstat: No such file or directory
sh: /bin/kstat: No such file or directory
sh: /bin/kstat: No such file or directory
sh: /bin/kstat: No such file or directory
sh: /bin/kstat: No such file or directory
sh: /bin/kstat: No such file or directory
sh: /bin/kstat: No such file or directory
sh: /bin/kstat: No such file or directory
sh: /bin/kstat: No such file or directory
sh: /bin/kstat: No such file or directory
sh: /bin/kstat: No such file or directory
sh: /bin/kstat: No such file or directory
sh: /bin/kstat: No such file or directory
sh: /bin/kstat: No such file or directory
sh: /bin/kstat: No such file or directory
sh: /bin/kstat: No such file or directory
sh: /bin/kstat: No such file or directory
sh: /bin/kstat: No such file or directory
sh: /bin/kstat: No such file or directory
sh: /bin/kstat: No such file or directory
sh: /bin/kstat: No such file or directory
sh: /bin/kstat: No such file or directory
sh: /bin/kstat: No such file or directory
sh: /bin/kstat: No such file or directory
sh: /bin/kstat: No such file or directory
sh: /bin/kstat: No such file or directory
sh: /bin/kstat: No such file or directory
sh: /bin/kstat: No such file or directory
sh: /bin/kstat: No such file or directory
sh: /bin/kstat: No such file or directory
sh: /bin/kstat: No such file or directory
sh: /bin/kstat: No such file or directory
sh: /bin/kstat: No such file or directory
sh: /bin/kstat: No such file or directory
sh: /bin/kstat: No such file or directory
sh: /bin/kstat: No such file or directory
sh: /bin/kstat: No such file or directory
sh: /bin/kstat: No such file or directory
sh: /bin/kstat: No such file or directory
sh: /bin/kstat: No such file or directory
sh: /bin/kstat: No such file or directory
sh: /bin/kstat: No such file or directory
sh: /bin/kstat: No such file or directory
sh: /bin/kstat: No such file or directory
sh: /bin/kstat: No such file or directory
sh: /bin/kstat: No such file or directory
sh: /bin/kstat: No such file or directory
sh: /bin/kstat: No such file or directory
sh: /bin/kstat: No such file or directory
sh: /bin/kstat: No such file or directory
sh: /bin/kstat: No such file or directory
sh: /bin/kstat: No such file or directory
sh: /bin/kstat: No such file or directory
sh: /bin/kstat: No such file or directory
sh: /bin/kstat: No such file or directory
sh: /bin/kstat: No such file or directory
sh: /bin/kstat: No such file or directory
sh: /bin/kstat: No such file or directory
sh: /bin/kstat: No such file or directory
sh: /bin/kstat: No such file or directory
sh: /bin/kstat: No such file or directory
sh: /bin/kstat: No such file or directory
sh: /bin/kstat: No such file or directory
sh: /bin/kstat: No such file or directory
sh: /bin/kstat: No such file or directory
sh: /bin/kstat: No such file or directory
sh: /bin/kstat: No such file or directory
sh: /bin/kstat: No such file or directory
sh: /bin/kstat: No such file or directory
sh: /bin/kstat: No such file or directory
sh: /bin/kstat: No such file or directory
sh: /bin/kstat: No such file or directory
sh: /bin/kstat: No such file or directory
sh: /bin/kstat: No such file or directory
sh: /bin/kstat: No such file or directory
sh: /bin/kstat: No such file or directory
sh: /bin/kstat: No such file or directory
sh: /bin/kstat: No such file or directory
sh: /bin/kstat: No such file or directory
sh: /bin/kstat: No such file or directory
sh: /bin/kstat: No such file or directory
sh: /bin/kstat: No such file or directory
sh: /bin/kstat: No such file or directory
sh: /bin/kstat: No such file or directory
sh: /bin/kstat: No such file or directory
sh: /bin/kstat: No such file or directory
sh: /bin/kstat: No such file or directory
sh: /bin/kstat: No such file or directory
sh: /bin/kstat: No such file or directory
sh: /bin/kstat: No such file or directory
sh: /bin/kstat: No such file or directory
sh: /bin/kstat: No such file or directory
sh: /bin/kstat: No such file or directory
sh: /bin/kstat: No such file or directory
sh: /bin/kstat: No such file or directory
sh: /bin/kstat: No such file or directory
sh: /bin/kstat: No such file or directory
sh: /bin/kstat: No such file or directory
sh: /bin/kstat: No such file or directory
sh: /bin/kstat: No such file or directory
sh: /bin/kstat: No such file or directory
sh: /bin/kstat: No such file or directory
sh: /bin/kstat: No such file or directory
sh: /bin/kstat: No such file or directory
sh: /bin/kstat: No such file or directory
sh: /bin/kstat: No such file or directory
sh: /bin/kstat: No such file or directory
sh: /bin/kstat: No such file or directory
sh: /bin/kstat: No such file or directory
sh: /bin/kstat: No such file or directory
sh: /bin/kstat: No such file or directory
sh: /bin/kstat: No such file or directory
sh: /bin/kstat: No such file or directory
sh: /bin/kstat: No such file or directory
sh: /bin/kstat: No such file or directory
sh: /bin/kstat: No such file or directory
sh: /bin/kstat: No such file or directory
sh: /bin/kstat: No such file or directory
sh: /bin/kstat: No such file or directory
sh: /bin/kstat: No such file or directory
sh: /bin/kstat: No such file or directory
sh: /bin/kstat: No such file or directory
sh: /bin/kstat: No such file or directory
sh: /bin/kstat: No such file or directory
sh: /bin/kstat: No such file or directory
sh: /bin/kstat: No such file or directory
sh: /bin/kstat: No such file or directory
sh: /bin/kstat: No such file or directory
sh: /bin/kstat: No such file or directory
sh: /bin/kstat: No such file or directory
sh: /bin/kstat: No such file or directory
sh: /bin/kstat: No such file or directory
sh: /bin/kstat: No such file or directory
sh: /bin/kstat: No such file or directory
sh: /bin/kstat: No such file or directory
sh: /bin/kstat: No such file or directory
sh: /bin/kstat: No such file or directory
sh: /bin/kstat: No such file or directory
sh: /bin/kstat: No such file or directory
sh: /bin/kstat: No such file or directory
sh: /bin/kstat: No such file or directory
sh: /bin/kstat: No such file or directory
sh: /bin/kstat: No such file or directory
sh: /bin/kstat: No such file or directory
sh: /bin/kstat: No such file or directory
sh: /bin/kstat: No such file or directory
sh: /bin/kstat: No such file or directory
sh: /bin/kstat: No such file or directory
sh: /bin/kstat: No such file or directory
sh: /bin/kstat: No such file or directory
sh: /bin/kstat: No such file or directory
sh: /bin/kstat: No such file or directory
sh: /bin/kstat: No such file or directory
sh: /bin/kstat: No such file or directory
sh: /bin/kstat: No such file or directory
sh: /bin/kstat: No such file or directory
sh: /bin/kstat: No such file or directory
sh: /bin/kstat: No such file or directory
sh: /bin/kstat: No such file or directory
sh: /bin/kstat: No such file or directory
sh: /bin/kstat: No such file or directory
sh: /bin/kstat: No such file or directory
sh: /bin/kstat: No such file or directory
sh: /bin/kstat: No such file or directory
sh: /bin/kstat: No such file or directory
sh: /bin/kstat: No such file or directory
sh: /bin/kstat: No such file or directory
sh: /bin/kstat: No such file or directory
sh: /bin/kstat: No such file or directory
sh: /bin/kstat: No such file or directory
sh: /bin/kstat: No such file or directory
sh: /bin/kstat: No such file or directory
sh: /bin/kstat: No such file or directory
sh: /bin/kstat: No such file or directory
sh: /bin/kstat: No such file or directory
sh: /bin/kstat: No such file or directory
sh: /bin/kstat: No such file or directory
sh: /bin/kstat: No such file or directory
sh: /bin/kstat: No such file or directory
sh: /bin/kstat: No such file or directory
sh: /bin/kstat: No such file or directory
sh: /bin/kstat: No such file or directory
sh: /bin/kstat: No such file or directory
sh: /bin/kstat: No such file or directory
sh: /bin/kstat: No such file or directory
sh: /bin/kstat: No such file or directory
sh: /bin/kstat: No such file or directory
sh: /bin/kstat: No such file or directory
sh: /bin/kstat: No such file or directory
sh: /bin/kstat: No such file or directory
sh: /bin/kstat: No such file or directory
sh: /bin/kstat: No such file or directory
sh: /bin/kstat: No such file or directory
sh: /bin/kstat: No such file or directory
sh: /bin/kstat: No such file or directory
sh: /bin/kstat: No such file or directory
sh: /bin/kstat: No such file or directory
sh: /bin/kstat: No such file or directory
sh: /bin/kstat: No such file or directory
sh: /bin/kstat: No such file or directory
sh: /bin/kstat: No such file or directory
sh: /bin/kstat: No such file or directory
sh: /bin/kstat: No such file or directory
sh: /bin/kstat: No such file or directory
sh: /bin/kstat: No such file or directory
sh: /bin/kstat: No such file or directory
sh: /bin/kstat: No such file or directory
sh: /bin/kstat: No such file or directory
sh: /bin/kstat: No such file or directory
sh: /bin/kstat: No such file or directory
sh: /bin/kstat: No such file or directory
sh: /bin/kstat: No such file or directory
sh: /bin/kstat: No such file or directory
sh: /bin/kstat: No such file or directory
sh: /bin/kstat: No such file or directory
sh: /bin/kstat: No such file or directory
sh: /bin/kstat: No such file or directory
sh: /bin/kstat: No such file or directory
sh: /bin/kstat: No such file or directory
sh: /bin/kstat: No such file or directory
sh: /bin/kstat: No such file or directory
sh: /bin/kstat: No such file or directory
sh: /bin/kstat: No such file or directory
sh: /bin/kstat: No such file or directory
sh: /bin/kstat: No such file or directory
sh: /bin/kstat: No such file or directory
sh: /bin/kstat: No such file or directory
sh: /bin/kstat: No such file or directory
sh: /bin/kstat: No such file or directory
sh: /bin/kstat: No such file or directory
sh: /bin/kstat: No such file or directory
sh: /bin/kstat: No such file or directory
sh: /bin/kstat: No such file or directory
sh: /bin/kstat: No such file or directory
sh: /bin/kstat: No such file or directory
sh: /bin/kstat: No such file or directory
sh: /bin/kstat: No such file or directory
sh: /bin/kstat: No such file or directory
sh: /bin/kstat: No such file or directory
sh: /bin/kstat: No such file or directory
sh: /bin/kstat: No such file or directory
sh: /bin/kstat: No such file or directory
sh: /bin/kstat: No such file or directory
sh: /bin/kstat: No such file or directory
sh: /bin/kstat: No such file or directory
sh: /bin/kstat: No such file or directory
sh: /bin/kstat: No such file or directory
sh: /bin/kstat: No such file or directory
sh: /bin/kstat: No such file or directory
sh: /bin/kstat: No such file or directory
sh: /bin/kstat: No such file or directory
sh: /bin/kstat: No such file or directory
sh: /bin/kstat: No such file or directory
sh: /bin/kstat: No such file or directory
sh: /bin/kstat: No such file or directory
sh: /bin/kstat: No such file or directory
sh: /bin/kstat: No such file or directory
sh: /bin/kstat: No such file or directory
sh: /bin/kstat: No such file or directory
sh: /bin/kstat: No such file or directory
sh: /bin/kstat: No such file or directory
sh: /bin/kstat: No such file or directory
sh: /bin/kstat: No such file or directory
sh: /bin/kstat: No such file or directory
sh: /bin/kstat: No such file or directory
sh: /bin/kstat: No such file or directory
sh: /bin/kstat: No such file or directory
sh: /bin/kstat: No such file or directory
sh: /bin/kstat: No such file or directory
sh: /bin/kstat: No such file or directory
sh: /bin/kstat: No such file or directory
sh: /bin/kstat: No such file or directory
sh: /bin/kstat: No such file or directory
sh: /bin/kstat: No such file or directory
sh: /bin/kstat: No such file or directory
sh: /bin/kstat: No such file or directory
sh: /bin/kstat: No such file or directory
sh: /bin/kstat: No such file or directory
sh: /bin/kstat: No such file or directory
sh: /bin/kstat: No such file or directory
sh: /bin/kstat: No such file or directory
sh: /bin/kstat: No such file or directory
sh: /bin/kstat: No such file or directory
sh: /bin/kstat: No such file or directory
sh: /bin/kstat: No such file or directory
sh: /bin/kstat: No such file or directory
sh: /bin/kstat: No such file or directory
sh: /bin/kstat: No such file or directory
sh: /bin/kstat: No such file or directory
sh: /bin/kstat: No such file or directory
sh: /bin/kstat: No such file or directory
sh: /bin/kstat: No such file or directory
sh: /bin/kstat: No such file or directory
sh: /bin/kstat: No such file or directory
sh: /bin/kstat: No such file or directory
sh: /bin/kstat: No such file or directory
sh: /bin/kstat: No such file or directory
sh: /bin/kstat: No such file or directory
sh: /bin/kstat: No such file or directory
sh: /bin/kstat: No such file or directory
sh: /bin/kstat: No such file or directory
sh: /bin/kstat: No such file or directory
sh: /bin/kstat: No such file or directory
sh: /bin/kstat: No such file or directory
sh: /bin/kstat: No such file or directory
sh: /bin/kstat: No such file or directory
sh: /bin/kstat: No such file or directory
sh: /bin/kstat: No such file or directory
sh: /bin/kstat: No such file or directory
sh: /bin/kstat: No such file or directory
sh: /bin/kstat: No such file or directory
sh: /bin/kstat: No such file or directory
sh: /bin/kstat: No such file or directory
sh: /bin/kstat: No such file or directory
sh: /bin/kstat: No such file or directory
sh: /bin/kstat: No such file or directory
sh: /bin/kstat: No such file or directory
sh: /bin/kstat: No such file or directory
sh: /bin/kstat: No such file or directory
sh: /bin/kstat: No such file or directory
sh: /bin/kstat: No such file or directory
sh: /bin/kstat: No such file or directory
sh: /bin/kstat: No such file or directory
sh: /bin/kstat: No such file or directory
sh: /bin/kstat: No such file or directory
sh: /bin/kstat: No such file or directory
sh: /bin/kstat: No such file or directory
sh: /bin/kstat: No such file or directory
sh: /bin/kstat: No such file or directory
sh: /bin/kstat: No such file or directory
sh: /bin/kstat: No such file or directory
sh: /bin/kstat: No such file or directory
sh: /bin/kstat: No such file or directory
sh: /bin/kstat: No such file or directory
sh: /bin/kstat: No such file or directory
sh: /bin/kstat: No such file or directory
sh: /bin/kstat: No such file or directory
sh: /bin/kstat: No such file or directory
sh: /bin/kstat: No such file or directory
sh: /bin/kstat: No such file or directory
sh: /bin/kstat: No such file or directory
sh: /bin/kstat: No such file or directory
sh: /bin/kstat: No such file or directory
sh: /bin/kstat: No such file or directory
sh: /bin/kstat: No such file or directory
sh: /bin/kstat: No such file or directory
sh: /bin/kstat: No such file or directory
sh: /bin/kstat: No such file or directory
sh: /bin/kstat: No such file or directory
sh: /bin/kstat: No such file or directory
sh: /bin/kstat: No such file or directory
sh: /bin/kstat: No such file or directory
sh: /bin/kstat: No such file or directory
sh: /bin/kstat: No such file or directory
sh: /bin/kstat: No such file or directory
sh: /bin/kstat: No such file or directory
sh: /bin/kstat: No such file or directory
sh: /bin/kstat: No such file or directory
sh: /bin/kstat: No such file or directory
sh: /bin/kstat: No such file or directory
sh: /bin/kstat: No such file or directory
sh: /bin/kstat: No such file or directory
sh: /bin/kstat: No such file or directory
sh: /bin/kstat: No such file or directory
sh: /bin/kstat: No such file or directory
sh: /bin/kstat: No such file or directory
sh: /bin/kstat: No such file or directory
sh: /bin/kstat: No such file or directory
sh: /bin/kstat: No such file or directory
sh: /bin/kstat: No such file or directory
sh: /bin/kstat: No such file or directory
sh: /bin/kstat: No such file or directory
sh: /bin/kstat: No such file or directory
sh: /bin/kstat: No such file or directory
sh: /bin/kstat: No such file or directory
sh: /bin/kstat: No such file or directory
sh: /bin/kstat: No such file or directory
sh: /bin/kstat: No such file or directory
sh: /bin/kstat: No such file or directory
sh: /bin/kstat: No such file or directory
sh: /bin/kstat: No such file or directory
sh: /bin/kstat: No such file or directory
sh: /bin/kstat: No such file or directory
 *** WARNING *** GMRFLib_2order_approx: rescue NAN/INF values in logl for idx=716
 *** WARNING *** GMRFLib_2order_approx: reset counter for 5 NAN/INF values in logl
sh: /bin/kstat: No such file or directory
sh: /bin/kstat: No such file or directory
sh: /bin/kstat: No such file or directory
sh: /bin/kstat: No such file or directory
sh: /bin/kstat: No such file or directory
sh: /bin/kstat: No such file or directory
sh: /bin/kstat: No such file or directory
sh: /bin/kstat: No such file or directory
sh: /bin/kstat: No such file or directory
sh: /bin/kstat: No such file or directory
sh: /bin/kstat: No such file or directory
sh: /bin/kstat: No such file or directory
sh: /bin/kstat: No such file or directory
sh: /bin/kstat: No such file or directory
sh: /bin/kstat: No such file or directory
sh: /bin/kstat: No such file or directory
sh: /bin/kstat: No such file or directory
sh: /bin/kstat: No such file or directory
sh: /bin/kstat: No such file or directory
sh: /bin/kstat: No such file or directory
sh: /bin/kstat: No such file or directory
sh: /bin/kstat: No such file or directory
sh: /bin/kstat: No such file or directory
sh: /bin/kstat: No such file or directory
sh: /bin/kstat: No such file or directory
sh: /bin/kstat: No such file or directory
sh: /bin/kstat: No such file or directory
sh: /bin/kstat: No such file or directory
sh: /bin/kstat: No such file or directory
sh: /bin/kstat: No such file or directory
sh: /bin/kstat: No such file or directory
sh: /bin/kstat: No such file or directory
sh: /bin/kstat: No such file or directory
sh: /bin/kstat: No such file or directory
sh: /bin/kstat: No such file or directory
sh: /bin/kstat: No such file or directory
sh: /bin/kstat: No such file or directory
sh: /bin/kstat: No such file or directory
sh: /bin/kstat: No such file or directory
sh: /bin/kstat: No such file or directory
sh: /bin/kstat: No such file or directory
sh: /bin/kstat: No such file or directory
sh: /bin/kstat: No such file or directory
sh: /bin/kstat: No such file or directory
sh: /bin/kstat: No such file or directory
sh: /bin/kstat: No such file or directory
sh: /bin/kstat: No such file or directory
sh: /bin/kstat: No such file or directory
sh: /bin/kstat: No such file or directory
sh: /bin/kstat: No such file or directory
sh: /bin/kstat: No such file or directory
sh: /bin/kstat: No such file or directory
sh: /bin/kstat: No such file or directory
sh: /bin/kstat: No such file or directory
sh: /bin/kstat: No such file or directory
sh: /bin/kstat: No such file or directory
sh: /bin/kstat: No such file or directory
sh: /bin/kstat: No such file or directory
sh: /bin/kstat: No such file or directory
sh: /bin/kstat: No such file or directory
sh: /bin/kstat: No such file or directory
sh: /bin/kstat: No such file or directory
sh: /bin/kstat: No such file or directory
sh: /bin/kstat: No such file or directory
sh: /bin/kstat: No such file or directory
sh: /bin/kstat: No such file or directory
sh: /bin/kstat: No such file or directory
sh: /bin/kstat: No such file or directory
sh: /bin/kstat: No such file or directory
sh: /bin/kstat: No such file or directory
sh: /bin/kstat: No such file or directory
sh: /bin/kstat: No such file or directory
sh: /bin/kstat: No such file or directory
sh: /bin/kstat: No such file or directory
sh: /bin/kstat: No such file or directory
sh: /bin/kstat: No such file or directory
sh: /bin/kstat: No such file or directory
sh: /bin/kstat: No such file or directory
sh: /bin/kstat: No such file or directory
sh: /bin/kstat: No such file or directory
sh: /bin/kstat: No such file or directory
sh: /bin/kstat: No such file or directory
sh: /bin/kstat: No such file or directory
sh: /bin/kstat: No such file or directory
sh: /bin/kstat: No such file or directory
sh: /bin/kstat: No such file or directory
sh: /bin/kstat: No such file or directory
sh: /bin/kstat: No such file or directory
sh: /bin/kstat: No such file or directory
sh: /bin/kstat: No such file or directory
sh: /bin/kstat: No such file or directory
sh: /bin/kstat: No such file or directory
sh: /bin/kstat: No such file or directory
sh: /bin/kstat: No such file or directory
sh: /bin/kstat: No such file or directory
sh: /bin/kstat: No such file or directory
sh: /bin/kstat: No such file or directory
sh: /bin/kstat: No such file or directory
sh: /bin/kstat: No such file or directory
sh: /bin/kstat: No such file or directory
sh: /bin/kstat: No such file or directory
sh: /bin/kstat: No such file or directory
sh: /bin/kstat: No such file or directory
sh: /bin/kstat: No such file or directory
sh: /bin/kstat: No such file or directory
sh: /bin/kstat: No such file or directory
sh: /bin/kstat: No such file or directory
sh: /bin/kstat: No such file or directory
sh: /bin/kstat: No such file or directory
sh: /bin/kstat: No such file or directory
sh: /bin/kstat: No such file or directory
sh: /bin/kstat: No such file or directory
sh: /bin/kstat: No such file or directory
sh: /bin/kstat: No such file or directory
sh: /bin/kstat: No such file or directory
sh: /bin/kstat: No such file or directory
sh: /bin/kstat: No such file or directory
sh: /bin/kstat: No such file or directory
sh: /bin/kstat: No such file or directory
sh: /bin/kstat: No such file or directory
sh: /bin/kstat: No such file or directory
sh: /bin/kstat: No such file or directory
sh: /bin/kstat: No such file or directory
sh: /bin/kstat: No such file or directory
sh: /bin/kstat: No such file or directory
sh: /bin/kstat: No such file or directory
sh: /bin/kstat: No such file or directory
sh: /bin/kstat: No such file or directory
sh: /bin/kstat: No such file or directory
sh: /bin/kstat: No such file or directory
sh: /bin/kstat: No such file or directory
sh: /bin/kstat: No such file or directory
sh: /bin/kstat: No such file or directory
sh: /bin/kstat: No such file or directory
sh: /bin/kstat: No such file or directory
sh: /bin/kstat: No such file or directory
sh: /bin/kstat: No such file or directory
sh: /bin/kstat: No such file or directory
sh: /bin/kstat: No such file or directory
sh: /bin/kstat: No such file or directory
sh: /bin/kstat: No such file or directory
sh: /bin/kstat: No such file or directory
sh: /bin/kstat: No such file or directory
sh: /bin/kstat: No such file or directory
sh: /bin/kstat: No such file or directory
sh: /bin/kstat: No such file or directory
sh: /bin/kstat: No such file or directory
sh: /bin/kstat: No such file or directory
sh: /bin/kstat: No such file or directory
sh: /bin/kstat: No such file or directory
sh: /bin/kstat: No such file or directory
sh: /bin/kstat: No such file or directory
sh: /bin/kstat: No such file or directory
sh: /bin/kstat: No such file or directory
sh: /bin/kstat: No such file or directory
sh: /bin/kstat: No such file or directory
sh: /bin/kstat: No such file or directory
sh: /bin/kstat: No such file or directory
sh: /bin/kstat: No such file or directory
sh: /bin/kstat: No such file or directory
sh: /bin/kstat: No such file or directory
sh: /bin/kstat: No such file or directory
sh: /bin/kstat: No such file or directory
sh: /bin/kstat: No such file or directory
sh: /bin/kstat: No such file or directory
sh: /bin/kstat: No such file or directory
sh: /bin/kstat: No such file or directory
sh: /bin/kstat: No such file or directory
sh: /bin/kstat: No such file or directory
sh: /bin/kstat: No such file or directory
sh: /bin/kstat: No such file or directory
sh: /bin/kstat: No such file or directory
sh: /bin/kstat: No such file or directory
sh: /bin/kstat: No such file or directory
sh: /bin/kstat: No such file or directory
sh: /bin/kstat: No such file or directory
sh: /bin/kstat: No such file or directory
sh: /bin/kstat: No such file or directory
sh: /bin/kstat: No such file or directory
sh: /bin/kstat: No such file or directory
sh: /bin/kstat: No such file or directory
sh: /bin/kstat: No such file or directory
sh: /bin/kstat: No such file or directory
sh: /bin/kstat: No such file or directory
sh: /bin/kstat: No such file or directory
sh: /bin/kstat: No such file or directory
sh: /bin/kstat: No such file or directory
sh: /bin/kstat: No such file or directory
sh: /bin/kstat: No such file or directory
sh: /bin/kstat: No such file or directory
sh: /bin/kstat: No such file or directory
sh: /bin/kstat: No such file or directory
sh: /bin/kstat: No such file or directory
sh: /bin/kstat: No such file or directory
sh: /bin/kstat: No such file or directory
sh: /bin/kstat: No such file or directory
sh: /bin/kstat: No such file or directory
sh: /bin/kstat: No such file or directory
sh: /bin/kstat: No such file or directory
sh: /bin/kstat: No such file or directory
sh: /bin/kstat: No such file or directory
sh: /bin/kstat: No such file or directory
sh: /bin/kstat: No such file or directory
sh: /bin/kstat: No such file or directory
sh: /bin/kstat: No such file or directory
sh: /bin/kstat: No such file or directory
sh: /bin/kstat: No such file or directory
sh: /bin/kstat: No such file or directory
sh: /bin/kstat: No such file or directory
sh: /bin/kstat: No such file or directory
sh: /bin/kstat: No such file or directory
sh: /bin/kstat: No such file or directory
sh: /bin/kstat: No such file or directory
sh: /bin/kstat: No such file or directory
sh: /bin/kstat: No such file or directory
sh: /bin/kstat: No such file or directory
sh: /bin/kstat: No such file or directory
sh: /bin/kstat: No such file or directory
sh: /bin/kstat: No such file or directory
sh: /bin/kstat: No such file or directory
sh: /bin/kstat: No such file or directory
sh: /bin/kstat: No such file or directory
sh: /bin/kstat: No such file or directory
sh: /bin/kstat: No such file or directory
sh: /bin/kstat: No such file or directory
sh: /bin/kstat: No such file or directory
sh: /bin/kstat: No such file or directory
sh: /bin/kstat: No such file or directory
sh: /bin/kstat: No such file or directory
sh: /bin/kstat: No such file or directory
sh: /bin/kstat: No such file or directory
sh: /bin/kstat: No such file or directory
sh: /bin/kstat: No such file or directory
sh: /bin/kstat: No such file or directory
sh: /bin/kstat: No such file or directory
sh: /bin/kstat: No such file or directory
sh: /bin/kstat: No such file or directory
sh: /bin/kstat: No such file or directory
sh: /bin/kstat: No such file or directory
sh: /bin/kstat: No such file or directory
sh: /bin/kstat: No such file or directory
sh: /bin/kstat: No such file or directory
sh: /bin/kstat: No such file or directory
sh: /bin/kstat: No such file or directory
sh: /bin/kstat: No such file or directory
sh: /bin/kstat: No such file or directory
sh: /bin/kstat: No such file or directory
sh: /bin/kstat: No such file or directory
sh: /bin/kstat: No such file or directory
sh: /bin/kstat: No such file or directory
sh: /bin/kstat: No such file or directory
sh: /bin/kstat: No such file or directory
sh: /bin/kstat: No such file or directory
sh: /bin/kstat: No such file or directory
sh: /bin/kstat: No such file or directory
sh: /bin/kstat: No such file or directory
sh: /bin/kstat: No such file or directory
sh: /bin/kstat: No such file or directory
sh: /bin/kstat: No such file or directory
sh: /bin/kstat: No such file or directory
sh: /bin/kstat: No such file or directory
sh: /bin/kstat: No such file or directory
sh: /bin/kstat: No such file or directory
sh: /bin/kstat: No such file or directory
sh: /bin/kstat: No such file or directory
sh: /bin/kstat: No such file or directory
sh: /bin/kstat: No such file or directory
sh: /bin/kstat: No such file or directory
sh: /bin/kstat: No such file or directory
sh: /bin/kstat: No such file or directory
sh: /bin/kstat: No such file or directory
sh: /bin/kstat: No such file or directory
sh: /bin/kstat: No such file or directory
sh: /bin/kstat: No such file or directory
sh: /bin/kstat: No such file or directory
sh: /bin/kstat: No such file or directory
sh: /bin/kstat: No such file or directory
sh: /bin/kstat: No such file or directory
sh: /bin/kstat: No such file or directory
sh: /bin/kstat: No such file or directory
sh: /bin/kstat: No such file or directory
sh: /bin/kstat: No such file or directory
sh: /bin/kstat: No such file or directory
sh: /bin/kstat: No such file or directory
sh: /bin/kstat: No such file or directory
sh: /bin/kstat: No such file or directory
sh: /bin/kstat: No such file or directory
sh: /bin/kstat: No such file or directory
sh: /bin/kstat: No such file or directory
sh: /bin/kstat: No such file or directory
sh: /bin/kstat: No such file or directory
sh: /bin/kstat: No such file or directory
sh: /bin/kstat: No such file or directory
sh: /bin/kstat: No such file or directory
sh: /bin/kstat: No such file or directory
sh: /bin/kstat: No such file or directory
sh: /bin/kstat: No such file or directory
sh: /bin/kstat: No such file or directory
sh: /bin/kstat: No such file or directory
sh: /bin/kstat: No such file or directory
sh: /bin/kstat: No such file or directory
sh: /bin/kstat: No such file or directory
sh: /bin/kstat: No such file or directory
sh: /bin/kstat: No such file or directory
sh: /bin/kstat: No such file or directory
sh: /bin/kstat: No such file or directory
sh: /bin/kstat: No such file or directory
sh: /bin/kstat: No such file or directory
sh: /bin/kstat: No such file or directory
sh: /bin/kstat: No such file or directory
sh: /bin/kstat: No such file or directory
sh: /bin/kstat: No such file or directory
sh: /bin/kstat: No such file or directory
sh: /bin/kstat: No such file or directory
sh: /bin/kstat: No such file or directory
sh: /bin/kstat: No such file or directory
sh: /bin/kstat: No such file or directory
sh: /bin/kstat: No such file or directory
sh: /bin/kstat: No such file or directory
sh: /bin/kstat: No such file or directory
sh: /bin/kstat: No such file or directory
sh: /bin/kstat: No such file or directory
sh: /bin/kstat: No such file or directory
sh: /bin/kstat: No such file or directory
sh: /bin/kstat: No such file or directory
sh: /bin/kstat: No such file or directory
sh: /bin/kstat: No such file or directory
sh: /bin/kstat: No such file or directory
sh: /bin/kstat: No such file or directory
sh: /bin/kstat: No such file or directory
sh: /bin/kstat: No such file or directory
sh: /bin/kstat: No such file or directory
sh: /bin/kstat: No such file or directory
sh: /bin/kstat: No such file or directory
sh: /bin/kstat: No such file or directory
sh: /bin/kstat: No such file or directory
sh: /bin/kstat: No such file or directory
sh: /bin/kstat: No such file or directory
sh: /bin/kstat: No such file or directory
sh: /bin/kstat: No such file or directory
sh: /bin/kstat: No such file or directory
sh: /bin/kstat: No such file or directory
sh: /bin/kstat: No such file or directory
sh: /bin/kstat: No such file or directory
sh: /bin/kstat: No such file or directory
sh: /bin/kstat: No such file or directory
sh: /bin/kstat: No such file or directory
sh: /bin/kstat: No such file or directory
sh: /bin/kstat: No such file or directory
sh: /bin/kstat: No such file or directory
sh: /bin/kstat: No such file or directory
sh: /bin/kstat: No such file or directory
sh: /bin/kstat: No such file or directory
sh: /bin/kstat: No such file or directory
sh: /bin/kstat: No such file or directory
sh: /bin/kstat: No such file or directory
sh: /bin/kstat: No such file or directory
sh: /bin/kstat: No such file or directory
sh: /bin/kstat: No such file or directory
sh: /bin/kstat: No such file or directory
sh: /bin/kstat: No such file or directory
sh: /bin/kstat: No such file or directory
sh: /bin/kstat: No such file or directory
sh: /bin/kstat: No such file or directory
sh: /bin/kstat: No such file or directory
sh: /bin/kstat: No such file or directory
sh: /bin/kstat: No such file or directory
sh: /bin/kstat: No such file or directory
sh: /bin/kstat: No such file or directory
sh: /bin/kstat: No such file or directory
sh: /bin/kstat: No such file or directory
sh: /bin/kstat: No such file or directory
sh: /bin/kstat: No such file or directory
sh: /bin/kstat: No such file or directory
sh: /bin/kstat: No such file or directory
sh: /bin/kstat: No such file or directory
sh: /bin/kstat: No such file or directory
sh: /bin/kstat: No such file or directory
sh: /bin/kstat: No such file or directory
sh: /bin/kstat: No such file or directory
sh: /bin/kstat: No such file or directory
sh: /bin/kstat: No such file or directory
sh: /bin/kstat: No such file or directory
sh: /bin/kstat: No such file or directory
sh: /bin/kstat: No such file or directory
sh: /bin/kstat: No such file or directory
sh: /bin/kstat: No such file or directory
sh: /bin/kstat: No such file or directory
sh: /bin/kstat: No such file or directory
sh: /bin/kstat: No such file or directory
sh: /bin/kstat: No such file or directory
sh: /bin/kstat: No such file or directory
sh: /bin/kstat: No such file or directory
sh: /bin/kstat: No such file or directory
sh: /bin/kstat: No such file or directory
sh: /bin/kstat: No such file or directory
sh: /bin/kstat: No such file or directory
sh: /bin/kstat: No such file or directory
sh: /bin/kstat: No such file or directory
sh: /bin/kstat: No such file or directory
sh: /bin/kstat: No such file or directory
sh: /bin/kstat: No such file or directory
sh: /bin/kstat: No such file or directory
sh: /bin/kstat: No such file or directory
sh: /bin/kstat: No such file or directory
sh: /bin/kstat: No such file or directory
sh: /bin/kstat: No such file or directory
sh: /bin/kstat: No such file or directory
sh: /bin/kstat: No such file or directory
sh: /bin/kstat: No such file or directory
sh: /bin/kstat: No such file or directory
sh: /bin/kstat: No such file or directory
sh: /bin/kstat: No such file or directory
sh: /bin/kstat: No such file or directory
sh: /bin/kstat: No such file or directory
sh: /bin/kstat: No such file or directory
sh: /bin/kstat: No such file or directory
sh: /bin/kstat: No such file or directory
sh: /bin/kstat: No such file or directory
sh: /bin/kstat: No such file or directory
sh: /bin/kstat: No such file or directory
sh: /bin/kstat: No such file or directory
sh: /bin/kstat: No such file or directory
sh: /bin/kstat: No such file or directory
sh: /bin/kstat: No such file or directory
sh: /bin/kstat: No such file or directory
sh: /bin/kstat: No such file or directory
sh: /bin/kstat: No such file or directory
sh: /bin/kstat: No such file or directory
sh: /bin/kstat: No such file or directory
sh: /bin/kstat: No such file or directory
sh: /bin/kstat: No such file or directory
sh: /bin/kstat: No such file or directory
sh: /bin/kstat: No such file or directory
sh: /bin/kstat: No such file or directory
sh: /bin/kstat: No such file or directory
sh: /bin/kstat: No such file or directory
sh: /bin/kstat: No such file or directory
sh: /bin/kstat: No such file or directory
sh: /bin/kstat: No such file or directory
sh: /bin/kstat: No such file or directory
sh: /bin/kstat: No such file or directory
sh: /bin/kstat: No such file or directory
sh: /bin/kstat: No such file or directory
sh: /bin/kstat: No such file or directory
sh: /bin/kstat: No such file or directory
sh: /bin/kstat: No such file or directory
sh: /bin/kstat: No such file or directory
sh: /bin/kstat: No such file or directory
sh: /bin/kstat: No such file or directory
sh: /bin/kstat: No such file or directory
sh: /bin/kstat: No such file or directory
sh: /bin/kstat: No such file or directory
sh: /bin/kstat: No such file or directory
sh: /bin/kstat: No such file or directory
sh: /bin/kstat: No such file or directory
sh: /bin/kstat: No such file or directory
sh: /bin/kstat: No such file or directory
sh: /bin/kstat: No such file or directory
sh: /bin/kstat: No such file or directory
sh: /bin/kstat: No such file or directory
sh: /bin/kstat: No such file or directory
sh: /bin/kstat: No such file or directory
sh: /bin/kstat: No such file or directory
sh: /bin/kstat: No such file or directory
sh: /bin/kstat: No such file or directory
sh: /bin/kstat: No such file or directory
sh: /bin/kstat: No such file or directory
sh: /bin/kstat: No such file or directory
sh: /bin/kstat: No such file or directory
sh: /bin/kstat: No such file or directory
sh: /bin/kstat: No such file or directory
sh: /bin/kstat: No such file or directory
sh: /bin/kstat: No such file or directory
sh: /bin/kstat: No such file or directory
sh: /bin/kstat: No such file or directory
sh: /bin/kstat: No such file or directory
sh: /bin/kstat: No such file or directory
sh: /bin/kstat: No such file or directory
sh: /bin/kstat: No such file or directory
sh: /bin/kstat: No such file or directory
sh: /bin/kstat: No such file or directory
sh: /bin/kstat: No such file or directory
sh: /bin/kstat: No such file or directory
sh: /bin/kstat: No such file or directory
sh: /bin/kstat: No such file or directory
sh: /bin/kstat: No such file or directory
sh: /bin/kstat: No such file or directory
sh: /bin/kstat: No such file or directory
sh: /bin/kstat: No such file or directory
sh: /bin/kstat: No such file or directory
sh: /bin/kstat: No such file or directory
sh: /bin/kstat: No such file or directory
sh: /bin/kstat: No such file or directory
sh: /bin/kstat: No such file or directory
sh: /bin/kstat: No such file or directory
sh: /bin/kstat: No such file or directory
sh: /bin/kstat: No such file or directory
sh: /bin/kstat: No such file or directory
sh: /bin/kstat: No such file or directory
sh: /bin/kstat: No such file or directory
sh: /bin/kstat: No such file or directory
sh: /bin/kstat: No such file or directory
sh: /bin/kstat: No such file or directory
sh: /bin/kstat: No such file or directory
sh: /bin/kstat: No such file or directory
sh: /bin/kstat: No such file or directory
sh: /bin/kstat: No such file or directory
sh: /bin/kstat: No such file or directory
sh: /bin/kstat: No such file or directory
sh: /bin/kstat: No such file or directory
sh: /bin/kstat: No such file or directory
sh: /bin/kstat: No such file or directory
sh: /bin/kstat: No such file or directory
sh: /bin/kstat: No such file or directory
sh: /bin/kstat: No such file or directory
sh: /bin/kstat: No such file or directory
sh: /bin/kstat: No such file or directory
sh: /bin/kstat: No such file or directory
sh: /bin/kstat: No such file or directory
sh: /bin/kstat: No such file or directory
sh: /bin/kstat: No such file or directory
sh: /bin/kstat: No such file or directory
sh: /bin/kstat: No such file or directory
sh: /bin/kstat: No such file or directory
sh: /bin/kstat: No such file or directory
sh: /bin/kstat: No such file or directory
sh: /bin/kstat: No such file or directory
sh: /bin/kstat: No such file or directory
sh: /bin/kstat: No such file or directory
sh: /bin/kstat: No such file or directory
sh: /bin/kstat: No such file or directory
sh: /bin/kstat: No such file or directory
sh: /bin/kstat: No such file or directory
sh: /bin/kstat: No such file or directory
sh: /bin/kstat: No such file or directory
sh: /bin/kstat: No such file or directory
sh: /bin/kstat: No such file or directory
sh: /bin/kstat: No such file or directory
sh: /bin/kstat: No such file or directory
sh: /bin/kstat: No such file or directory
sh: /bin/kstat: No such file or directory
sh: /bin/kstat: No such file or directory
sh: /bin/kstat: No such file or directory
sh: /bin/kstat: No such file or directory
sh: /bin/kstat: No such file or directory
sh: /bin/kstat: No such file or directory
sh: /bin/kstat: No such file or directory
sh: /bin/kstat: No such file or directory
sh: /bin/kstat: No such file or directory
sh: /bin/kstat: No such file or directory
sh: /bin/kstat: No such file or directory
sh: /bin/kstat: No such file or directory
sh: /bin/kstat: No such file or directory
sh: /bin/kstat: No such file or directory
sh: /bin/kstat: No such file or directory
sh: /bin/kstat: No such file or directory
sh: /bin/kstat: No such file or directory
sh: /bin/kstat: No such file or directory
sh: /bin/kstat: No such file or directory
sh: /bin/kstat: No such file or directory
sh: /bin/kstat: No such file or directory
sh: /bin/kstat: No such file or directory
sh: /bin/kstat: No such file or directory
sh: /bin/kstat: No such file or directory
sh: /bin/kstat: No such file or directory
sh: /bin/kstat: No such file or directory
sh: /bin/kstat: No such file or directory
sh: /bin/kstat: No such file or directory
sh: /bin/kstat: No such file or directory
sh: /bin/kstat: No such file or directory
sh: /bin/kstat: No such file or directory
sh: /bin/kstat: No such file or directory
sh: /bin/kstat: No such file or directory
sh: /bin/kstat: No such file or directory
sh: /bin/kstat: No such file or directory
sh: /bin/kstat: No such file or directory
sh: /bin/kstat: No such file or directory
sh: /bin/kstat: No such file or directory
sh: /bin/kstat: No such file or directory
sh: /bin/kstat: No such file or directory
sh: /bin/kstat: No such file or directory
sh: /bin/kstat: No such file or directory
sh: /bin/kstat: No such file or directory
sh: /bin/kstat: No such file or directory
sh: /bin/kstat: No such file or directory
sh: /bin/kstat: No such file or directory
sh: /bin/kstat: No such file or directory
sh: /bin/kstat: No such file or directory
sh: /bin/kstat: No such file or directory
sh: /bin/kstat: No such file or directory
sh: /bin/kstat: No such file or directory
sh: /bin/kstat: No such file or directory
sh: /bin/kstat: No such file or directory
sh: /bin/kstat: No such file or directory
sh: /bin/kstat: No such file or directory
sh: /bin/kstat: No such file or directory
sh: /bin/kstat: No such file or directory
sh: /bin/kstat: No such file or directory
sh: /bin/kstat: No such file or directory
sh: /bin/kstat: No such file or directory
sh: /bin/kstat: No such file or directory
sh: /bin/kstat: No such file or directory
sh: /bin/kstat: No such file or directory
sh: /bin/kstat: No such file or directory
sh: /bin/kstat: No such file or directory
sh: /bin/kstat: No such file or directory
sh: /bin/kstat: No such file or directory
sh: /bin/kstat: No such file or directory
sh: /bin/kstat: No such file or directory
sh: /bin/kstat: No such file or directory
sh: /bin/kstat: No such file or directory
sh: /bin/kstat: No such file or directory
sh: /bin/kstat: No such file or directory
sh: /bin/kstat: No such file or directory
sh: /bin/kstat: No such file or directory
sh: /bin/kstat: No such file or directory
sh: /bin/kstat: No such file or directory
sh: /bin/kstat: No such file or directory
sh: /bin/kstat: No such file or directory
sh: /bin/kstat: No such file or directory
sh: /bin/kstat: No such file or directory
sh: /bin/kstat: No such file or directory
sh: /bin/kstat: No such file or directory
sh: /bin/kstat: No such file or directory
sh: /bin/kstat: No such file or directory
sh: /bin/kstat: No such file or directory
sh: /bin/kstat: No such file or directory
sh: /bin/kstat: No such file or directory
sh: /bin/kstat: No such file or directory
sh: /bin/kstat: No such file or directory
sh: /bin/kstat: No such file or directory
sh: /bin/kstat: No such file or directory
sh: /bin/kstat: No such file or directory
sh: /bin/kstat: No such file or directory
sh: /bin/kstat: No such file or directory
sh: /bin/kstat: No such file or directory
sh: /bin/kstat: No such file or directory
sh: /bin/kstat: No such file or directory
sh: /bin/kstat: No such file or directory
sh: /bin/kstat: No such file or directory
sh: /bin/kstat: No such file or directory
sh: /bin/kstat: No such file or directory
sh: /bin/kstat: No such file or directory
sh: /bin/kstat: No such file or directory
sh: /bin/kstat: No such file or directory
sh: /bin/kstat: No such file or directory
sh: /bin/kstat: No such file or directory
sh: /bin/kstat: No such file or directory
sh: /bin/kstat: No such file or directory
sh: /bin/kstat: No such file or directory
sh: /bin/kstat: No such file or directory
sh: /bin/kstat: No such file or directory
sh: /bin/kstat: No such file or directory
sh: /bin/kstat: No such file or directory
sh: /bin/kstat: No such file or directory
sh: /bin/kstat: No such file or directory
sh: /bin/kstat: No such file or directory
sh: /bin/kstat: No such file or directory
sh: /bin/kstat: No such file or directory
sh: /bin/kstat: No such file or directory
sh: /bin/kstat: No such file or directory
sh: /bin/kstat: No such file or directory
sh: /bin/kstat: No such file or directory
sh: /bin/kstat: No such file or directory
sh: /bin/kstat: No such file or directory
sh: /bin/kstat: No such file or directory
sh: /bin/kstat: No such file or directory
sh: /bin/kstat: No such file or directory
sh: /bin/kstat: No such file or directory
sh: /bin/kstat: No such file or directory
sh: /bin/kstat: No such file or directory
sh: /bin/kstat: No such file or directory
sh: /bin/kstat: No such file or directory
sh: /bin/kstat: No such file or directory
sh: /bin/kstat: No such file or directory
sh: /bin/kstat: No such file or directory
sh: /bin/kstat: No such file or directory
sh: /bin/kstat: No such file or directory
sh: /bin/kstat: No such file or directory
sh: /bin/kstat: No such file or directory
sh: /bin/kstat: No such file or directory
sh: /bin/kstat: No such file or directory
sh: /bin/kstat: No such file or directory
sh: /bin/kstat: No such file or directory
sh: /bin/kstat: No such file or directory
sh: /bin/kstat: No such file or directory
sh: /bin/kstat: No such file or directory
sh: /bin/kstat: No such file or directory
sh: /bin/kstat: No such file or directory
sh: /bin/kstat: No such file or directory
sh: /bin/kstat: No such file or directory
sh: /bin/kstat: No such file or directory
sh: /bin/kstat: No such file or directory
sh: /bin/kstat: No such file or directory
sh: /bin/kstat: No such file or directory
sh: /bin/kstat: No such file or directory
sh: /bin/kstat: No such file or directory
sh: /bin/kstat: No such file or directory
sh: /bin/kstat: No such file or directory
sh: /bin/kstat: No such file or directory
sh: /bin/kstat: No such file or directory
sh: /bin/kstat: No such file or directory
sh: /bin/kstat: No such file or directory
sh: /bin/kstat: No such file or directory
sh: /bin/kstat: No such file or directory
sh: /bin/kstat: No such file or directory
sh: /bin/kstat: No such file or directory
sh: /bin/kstat: No such file or directory
sh: /bin/kstat: No such file or directory
sh: /bin/kstat: No such file or directory
sh: /bin/kstat: No such file or directory
sh: /bin/kstat: No such file or directory
sh: /bin/kstat: No such file or directory
sh: /bin/kstat: No such file or directory
sh: /bin/kstat: No such file or directory
sh: /bin/kstat: No such file or directory
sh: /bin/kstat: No such file or directory
sh: /bin/kstat: No such file or directory
sh: /bin/kstat: No such file or directory
sh: /bin/kstat: No such file or directory
sh: /bin/kstat: No such file or directory
sh: /bin/kstat: No such file or directory
sh: /bin/kstat: No such file or directory
sh: /bin/kstat: No such file or directory
sh: /bin/kstat: No such file or directory
sh: /bin/kstat: No such file or directory
sh: /bin/kstat: No such file or directory
sh: /bin/kstat: No such file or directory
sh: /bin/kstat: No such file or directory
sh: /bin/kstat: No such file or directory
sh: /bin/kstat: No such file or directory
sh: /bin/kstat: No such file or directory
sh: /bin/kstat: No such file or directory
sh: /bin/kstat: No such file or directory
sh: /bin/kstat: No such file or directory
sh: /bin/kstat: No such file or directory
sh: /bin/kstat: No such file or directory
sh: /bin/kstat: No such file or directory
sh: /bin/kstat: No such file or directory
sh: /bin/kstat: No such file or directory
sh: /bin/kstat: No such file or directory
sh: /bin/kstat: No such file or directory
sh: /bin/kstat: No such file or directory
sh: /bin/kstat: No such file or directory
sh: /bin/kstat: No such file or directory
sh: /bin/kstat: No such file or directory
sh: /bin/kstat: No such file or directory
sh: /bin/kstat: No such file or directory
sh: /bin/kstat: No such file or directory
sh: /bin/kstat: No such file or directory
sh: /bin/kstat: No such file or directory
sh: /bin/kstat: No such file or directory
sh: /bin/kstat: No such file or directory
sh: /bin/kstat: No such file or directory
sh: /bin/kstat: No such file or directory
sh: /bin/kstat: No such file or directory
sh: /bin/kstat: No such file or directory
sh: /bin/kstat: No such file or directory
sh: /bin/kstat: No such file or directory
sh: /bin/kstat: No such file or directory
sh: /bin/kstat: No such file or directory
sh: /bin/kstat: No such file or directory
sh: /bin/kstat: No such file or directory
sh: /bin/kstat: No such file or directory
sh: /bin/kstat: No such file or directory
sh: /bin/kstat: No such file or directory
sh: /bin/kstat: No such file or directory
sh: /bin/kstat: No such file or directory
sh: /bin/kstat: No such file or directory
sh: /bin/kstat: No such file or directory
sh: /bin/kstat: No such file or directory
sh: /bin/kstat: No such file or directory
sh: /bin/kstat: No such file or directory
sh: /bin/kstat: No such file or directory
sh: /bin/kstat: No such file or directory
sh: /bin/kstat: No such file or directory
sh: /bin/kstat: No such file or directory
sh: /bin/kstat: No such file or directory
sh: /bin/kstat: No such file or directory
sh: /bin/kstat: No such file or directory
sh: /bin/kstat: No such file or directory
sh: /bin/kstat: No such file or directory
sh: /bin/kstat: No such file or directory
sh: /bin/kstat: No such file or directory
sh: /bin/kstat: No such file or directory
sh: /bin/kstat: No such file or directory
sh: /bin/kstat: No such file or directory
sh: /bin/kstat: No such file or directory
sh: /bin/kstat: No such file or directory
sh: /bin/kstat: No such file or directory
sh: /bin/kstat: No such file or directory
sh: /bin/kstat: No such file or directory
sh: /bin/kstat: No such file or directory
sh: /bin/kstat: No such file or directory
sh: /bin/kstat: No such file or directory
sh: /bin/kstat: No such file or directory
sh: /bin/kstat: No such file or directory
sh: /bin/kstat: No such file or directory
sh: /bin/kstat: No such file or directory
sh: /bin/kstat: No such file or directory
sh: /bin/kstat: No such file or directory
sh: /bin/kstat: No such file or directory
sh: /bin/kstat: No such file or directory
sh: /bin/kstat: No such file or directory
sh: /bin/kstat: No such file or directory
sh: /bin/kstat: No such file or directory
sh: /bin/kstat: No such file or directory
sh: /bin/kstat: No such file or directory
sh: /bin/kstat: No such file or directory
sh: /bin/kstat: No such file or directory
sh: /bin/kstat: No such file or directory
sh: /bin/kstat: No such file or directory
sh: /bin/kstat: No such file or directory
sh: /bin/kstat: No such file or directory
sh: /bin/kstat: No such file or directory
sh: /bin/kstat: No such file or directory
sh: /bin/kstat: No such file or directory
sh: /bin/kstat: No such file or directory
sh: /bin/kstat: No such file or directory
sh: /bin/kstat: No such file or directory
sh: /bin/kstat: No such file or directory
sh: /bin/kstat: No such file or directory
sh: /bin/kstat: No such file or directory
sh: /bin/kstat: No such file or directory
sh: /bin/kstat: No such file or directory
sh: /bin/kstat: No such file or directory
sh: /bin/kstat: No such file or directory
sh: /bin/kstat: No such file or directory
sh: /bin/kstat: No such file or directory
sh: /bin/kstat: No such file or directory
sh: /bin/kstat: No such file or directory
sh: /bin/kstat: No such file or directory
sh: /bin/kstat: No such file or directory
sh: /bin/kstat: No such file or directory
sh: /bin/kstat: No such file or directory
sh: /bin/kstat: No such file or directory
sh: /bin/kstat: No such file or directory
sh: /bin/kstat: No such file or directory
sh: /bin/kstat: No such file or directory
sh: /bin/kstat: No such file or directory
sh: /bin/kstat: No such file or directory
sh: /bin/kstat: No such file or directory
sh: /bin/kstat: No such file or directory
sh: /bin/kstat: No such file or directory
sh: /bin/kstat: No such file or directory
sh: /bin/kstat: No such file or directory
sh: /bin/kstat: No such file or directory
sh: /bin/kstat: No such file or directory
sh: /bin/kstat: No such file or directory
sh: /bin/kstat: No such file or directory
sh: /bin/kstat: No such file or directory
sh: /bin/kstat: No such file or directory
sh: /bin/kstat: No such file or directory
sh: /bin/kstat: No such file or directory
sh: /bin/kstat: No such file or directory
sh: /bin/kstat: No such file or directory
sh: /bin/kstat: No such file or directory
sh: /bin/kstat: No such file or directory
sh: /bin/kstat: No such file or directory
sh: /bin/kstat: No such file or directory
sh: /bin/kstat: No such file or directory
sh: /bin/kstat: No such file or directory
sh: /bin/kstat: No such file or directory
sh: /bin/kstat: No such file or directory
sh: /bin/kstat: No such file or directory
sh: /bin/kstat: No such file or directory
 *** WARNING *** GMRFLib_2order_approx: rescue NAN/INF values in logl for idx=18673

Train/test evaluation split:
Train rows: 25644 
Test rows: 365 
Dropped test rows with own/distance-weighted lagged cases inside test period: 4293 
No-leakage policy: scaler fit on training data only.
No-leakage policy: test own-case and distance-weighted case lags must come from before test start.

S3 train/test metrics:
Index: <split>
    model  split      mae     rmse      wape        r2
   <char> <char>    <num>    <num>     <num>     <num>
1:     S3  train 3.146648 19.85533 0.6944230 0.6676033
2:     S3   test 4.104862 11.12078 0.4751902 0.8556616
                 evaluation_scope n_observations sample_start sample_end
                           <char>          <int>       <char>     <char>
1:                   training_fit          25644   2017-03-27 2022-12-26
2: model_eligible_not_cross_model            365   2023-01-02 2023-01-23
                   sample_signature
                             <char>
1: 5c97f3bd668c3a5290a95f97af5a1888
2: 9fe0b6127a3135ce3e25d8318581900f

S3 train-fit fixed effects:
                                mean         sd  0.025quant    0.5quant
(Intercept)              -0.55235278 0.13921953 -0.82634787 -0.55294387
rainfall_lag_z            0.10836853 0.02810167  0.05295656  0.10848571
humidity_lag_z           -0.03219853 0.01734953 -0.06622905 -0.03219527
temperature_lag_z         0.02633096 0.02433583 -0.02143710  0.02634738
idhm_z                    0.53584698 0.09425848  0.35156572  0.53545329
log_cases_lag_z           0.82839939 0.01201345  0.80484441  0.82839844
distance_log_cases_lag_z  0.21568601 0.01940591  0.17764291  0.21568236
                           0.975quant        mode          kld
(Intercept)              -0.275516995 -0.55302315 1.507773e-06
rainfall_lag_z            0.163126856  0.10848980 4.690629e-09
humidity_lag_z            0.001813489 -0.03219525 5.242220e-11
temperature_lag_z         0.074005634  0.02634750 1.545634e-10
idhm_z                    0.722321653  0.53544521 1.746893e-08
log_cases_lag_z           0.851959800  0.82839843 4.219088e-11
distance_log_cases_lag_z  0.253749684  0.21568230 5.863994e-11
