/Volumes/Temp/tmp/RtmpNlAxpv/R.INSTALL63086217f59c/arrow/tools/cpp/src/arrow/util/cpu_info.cc:242: IOError: sysctlbyname failed for 'hw.l1dcachesize'. Detail: [errno 1] Operation not permitted
/Volumes/Temp/tmp/RtmpNlAxpv/R.INSTALL63086217f59c/arrow/tools/cpp/src/arrow/util/cpu_info.cc:242: IOError: sysctlbyname failed for 'hw.l2cachesize'. Detail: [errno 1] Operation not permitted
/Volumes/Temp/tmp/RtmpNlAxpv/R.INSTALL63086217f59c/arrow/tools/cpp/src/arrow/util/cpu_info.cc:242: IOError: sysctlbyname failed for 'hw.l3cachesize'. Detail: [errno 1] Operation not permitted
/Volumes/Temp/tmp/RtmpNlAxpv/R.INSTALL63086217f59c/arrow/tools/cpp/src/arrow/util/cpu_info.cc:242: IOError: sysctlbyname failed for 'hw.optional.neon'. Detail: [errno 1] Operation not permitted
sh: /bin/kstat: No such file or directory
sh: /bin/kstat: No such file or directory
sh: /bin/kstat: No such file or directory
sh: /bin/kstat: No such file or directory
sh: /bin/kstat: No such file or directory
sh: /bin/kstat: No such file or directory
sh: /bin/kstat: No such file or directory
sh: /bin/kstat: No such file or directory
sh: /bin/kstat: No such file or directory
sh: /bin/kstat: No such file or directory
M5/S5-air dataframe built
Original rows: 76544 
Model rows: 30302 
Dropped missing S5-air covariates: 3186 
Municipios: 92 
Years: 2017, 2018, 2019, 2020, 2021, 2022, 2023 
Rows with at least one neighbor lag value: 28635 
Rows with zero previous-month air mobility: 29295 
INLA graph written: /var/folders/hf/rt97wjy964g2q1trd19ksx0r0000gn/T//RtmpgEd1sX/rj_municipality_inla.graph 
Connected graph nodes: 87 
Connected graph edges: 511 
Isolated municipalities: 5 
sh: /bin/kstat: No such file or directory
sh: /bin/kstat: No such file or directory
sh: /bin/kstat: No such file or directory
sh: /bin/kstat: No such file or directory
sh: /bin/kstat: No such file or directory
sh: /bin/kstat: No such file or directory
sh: /bin/kstat: No such file or directory
sh: /bin/kstat: No such file or directory
sh: /bin/kstat: No such file or directory
sh: /bin/kstat: No such file or directory
sh: /bin/kstat: No such file or directory
sh: /bin/kstat: No such file or directory
sh: /bin/kstat: No such file or directory
sh: /bin/kstat: No such file or directory
sh: /bin/kstat: No such file or directory
sh: /bin/kstat: No such file or directory
sh: /bin/kstat: No such file or directory
sh: /bin/kstat: No such file or directory
sh: /bin/kstat: No such file or directory
sh: /bin/kstat: No such file or directory
sh: /bin/kstat: No such file or directory
sh: /bin/kstat: No such file or directory
sh: /bin/kstat: No such file or directory
sh: /bin/kstat: No such file or directory
sh: /bin/kstat: No such file or directory
sh: /bin/kstat: No such file or directory
sh: /bin/kstat: No such file or directory
sh: /bin/kstat: No such file or directory
sh: /bin/kstat: No such file or directory
sh: /bin/kstat: No such file or directory
sh: /bin/kstat: No such file or directory
sh: /bin/kstat: No such file or directory
sh: /bin/kstat: No such file or directory
sh: /bin/kstat: No such file or directory
sh: /bin/kstat: No such file or directory
sh: /bin/kstat: No such file or directory
sh: /bin/kstat: No such file or directory
sh: /bin/kstat: No such file or directory
sh: /bin/kstat: No such file or directory
sh: /bin/kstat: No such file or directory
sh: /bin/kstat: No such file or directory
sh: /bin/kstat: No such file or directory
sh: /bin/kstat: No such file or directory
sh: /bin/kstat: No such file or directory
sh: /bin/kstat: No such file or directory
sh: /bin/kstat: No such file or directory
sh: /bin/kstat: No such file or directory
sh: /bin/kstat: No such file or directory
sh: /bin/kstat: No such file or directory
sh: /bin/kstat: No such file or directory
sh: /bin/kstat: No such file or directory
sh: /bin/kstat: No such file or directory
sh: /bin/kstat: No such file or directory
sh: /bin/kstat: No such file or directory
sh: /bin/kstat: No such file or directory
sh: /bin/kstat: No such file or directory
sh: /bin/kstat: No such file or directory
sh: /bin/kstat: No such file or directory
sh: /bin/kstat: No such file or directory
sh: /bin/kstat: No such file or directory
sh: /bin/kstat: No such file or directory
sh: /bin/kstat: No such file or directory
sh: /bin/kstat: No such file or directory
sh: /bin/kstat: No such file or directory
sh: /bin/kstat: No such file or directory
sh: /bin/kstat: No such file or directory
sh: /bin/kstat: No such file or directory
sh: /bin/kstat: No such file or directory
sh: /bin/kstat: No such file or directory
sh: /bin/kstat: No such file or directory
sh: /bin/kstat: No such file or directory
sh: /bin/kstat: No such file or directory
sh: /bin/kstat: No such file or directory
sh: /bin/kstat: No such file or directory
sh: /bin/kstat: No such file or directory
sh: /bin/kstat: No such file or directory
sh: /bin/kstat: No such file or directory
sh: /bin/kstat: No such file or directory
sh: /bin/kstat: No such file or directory
sh: /bin/kstat: No such file or directory
sh: /bin/kstat: No such file or directory
sh: /bin/kstat: No such file or directory
sh: /bin/kstat: No such file or directory
sh: /bin/kstat: No such file or directory
sh: /bin/kstat: No such file or directory
sh: /bin/kstat: No such file or directory
sh: /bin/kstat: No such file or directory
sh: /bin/kstat: No such file or directory
sh: /bin/kstat: No such file or directory
sh: /bin/kstat: No such file or directory
sh: /bin/kstat: No such file or directory
sh: /bin/kstat: No such file or directory
sh: /bin/kstat: No such file or directory
sh: /bin/kstat: No such file or directory
sh: /bin/kstat: No such file or directory
sh: /bin/kstat: No such file or directory
sh: /bin/kstat: No such file or directory
sh: /bin/kstat: No such file or directory
sh: /bin/kstat: No such file or directory
sh: /bin/kstat: No such file or directory
sh: /bin/kstat: No such file or directory
sh: /bin/kstat: No such file or directory
sh: /bin/kstat: No such file or directory
sh: /bin/kstat: No such file or directory
sh: /bin/kstat: No such file or directory
sh: /bin/kstat: No such file or directory
sh: /bin/kstat: No such file or directory
sh: /bin/kstat: No such file or directory
sh: /bin/kstat: No such file or directory
sh: /bin/kstat: No such file or directory
sh: /bin/kstat: No such file or directory
sh: /bin/kstat: No such file or directory
sh: /bin/kstat: No such file or directory
sh: /bin/kstat: No such file or directory
sh: /bin/kstat: No such file or directory
sh: /bin/kstat: No such file or directory
sh: /bin/kstat: No such file or directory
sh: /bin/kstat: No such file or directory
sh: /bin/kstat: No such file or directory
sh: /bin/kstat: No such file or directory
sh: /bin/kstat: No such file or directory
sh: /bin/kstat: No such file or directory
sh: /bin/kstat: No such file or directory
sh: /bin/kstat: No such file or directory
sh: /bin/kstat: No such file or directory
sh: /bin/kstat: No such file or directory
sh: /bin/kstat: No such file or directory
sh: /bin/kstat: No such file or directory
sh: /bin/kstat: No such file or directory
sh: /bin/kstat: No such file or directory
sh: /bin/kstat: No such file or directory
sh: /bin/kstat: No such file or directory
sh: /bin/kstat: No such file or directory
sh: /bin/kstat: No such file or directory
sh: /bin/kstat: No such file or directory
sh: /bin/kstat: No such file or directory
sh: /bin/kstat: No such file or directory
sh: /bin/kstat: No such file or directory
sh: /bin/kstat: No such file or directory
sh: /bin/kstat: No such file or directory
sh: /bin/kstat: No such file or directory
sh: /bin/kstat: No such file or directory
sh: /bin/kstat: No such file or directory
sh: /bin/kstat: No such file or directory
sh: /bin/kstat: No such file or directory
sh: /bin/kstat: No such file or directory
sh: /bin/kstat: No such file or directory
sh: /bin/kstat: No such file or directory
sh: /bin/kstat: No such file or directory
sh: /bin/kstat: No such file or directory
sh: /bin/kstat: No such file or directory
sh: /bin/kstat: No such file or directory
sh: /bin/kstat: No such file or directory
sh: /bin/kstat: No such file or directory
sh: /bin/kstat: No such file or directory
sh: /bin/kstat: No such file or directory
sh: /bin/kstat: No such file or directory
sh: /bin/kstat: No such file or directory
sh: /bin/kstat: No such file or directory
sh: /bin/kstat: No such file or directory
sh: /bin/kstat: No such file or directory
sh: /bin/kstat: No such file or directory
sh: /bin/kstat: No such file or directory
sh: /bin/kstat: No such file or directory
sh: /bin/kstat: No such file or directory
sh: /bin/kstat: No such file or directory
sh: /bin/kstat: No such file or directory
sh: /bin/kstat: No such file or directory
sh: /bin/kstat: No such file or directory
sh: /bin/kstat: No such file or directory
sh: /bin/kstat: No such file or directory
sh: /bin/kstat: No such file or directory
sh: /bin/kstat: No such file or directory
sh: /bin/kstat: No such file or directory
sh: /bin/kstat: No such file or directory
sh: /bin/kstat: No such file or directory
sh: /bin/kstat: No such file or directory
sh: /bin/kstat: No such file or directory
sh: /bin/kstat: No such file or directory
sh: /bin/kstat: No such file or directory
sh: /bin/kstat: No such file or directory
sh: /bin/kstat: No such file or directory
sh: /bin/kstat: No such file or directory
sh: /bin/kstat: No such file or directory
sh: /bin/kstat: No such file or directory
sh: /bin/kstat: No such file or directory
sh: /bin/kstat: No such file or directory
sh: /bin/kstat: No such file or directory
sh: /bin/kstat: No such file or directory
sh: /bin/kstat: No such file or directory
sh: /bin/kstat: No such file or directory
sh: /bin/kstat: No such file or directory
sh: /bin/kstat: No such file or directory
sh: /bin/kstat: No such file or directory
sh: /bin/kstat: No such file or directory
sh: /bin/kstat: No such file or directory
sh: /bin/kstat: No such file or directory
sh: /bin/kstat: No such file or directory
sh: /bin/kstat: No such file or directory
sh: /bin/kstat: No such file or directory
sh: /bin/kstat: No such file or directory
sh: /bin/kstat: No such file or directory
sh: /bin/kstat: No such file or directory
sh: /bin/kstat: No such file or directory
sh: /bin/kstat: No such file or directory
sh: /bin/kstat: No such file or directory
sh: /bin/kstat: No such file or directory
sh: /bin/kstat: No such file or directory
sh: /bin/kstat: No such file or directory
sh: /bin/kstat: No such file or directory
sh: /bin/kstat: No such file or directory
sh: /bin/kstat: No such file or directory
sh: /bin/kstat: No such file or directory
sh: /bin/kstat: No such file or directory
sh: /bin/kstat: No such file or directory
sh: /bin/kstat: No such file or directory
sh: /bin/kstat: No such file or directory
sh: /bin/kstat: No such file or directory
sh: /bin/kstat: No such file or directory
sh: /bin/kstat: No such file or directory
sh: /bin/kstat: No such file or directory
sh: /bin/kstat: No such file or directory
sh: /bin/kstat: No such file or directory
sh: /bin/kstat: No such file or directory
sh: /bin/kstat: No such file or directory
sh: /bin/kstat: No such file or directory
sh: /bin/kstat: No such file or directory
sh: /bin/kstat: No such file or directory
sh: /bin/kstat: No such file or directory
sh: /bin/kstat: No such file or directory
sh: /bin/kstat: No such file or directory
sh: /bin/kstat: No such file or directory
sh: /bin/kstat: No such file or directory
sh: /bin/kstat: No such file or directory
sh: /bin/kstat: No such file or directory
sh: /bin/kstat: No such file or directory
sh: /bin/kstat: No such file or directory
sh: /bin/kstat: No such file or directory
sh: /bin/kstat: No such file or directory
sh: /bin/kstat: No such file or directory
sh: /bin/kstat: No such file or directory
sh: /bin/kstat: No such file or directory
sh: /bin/kstat: No such file or directory
sh: /bin/kstat: No such file or directory
sh: /bin/kstat: No such file or directory
sh: /bin/kstat: No such file or directory
sh: /bin/kstat: No such file or directory
sh: /bin/kstat: No such file or directory
sh: /bin/kstat: No such file or directory
sh: /bin/kstat: No such file or directory
sh: /bin/kstat: No such file or directory
sh: /bin/kstat: No such file or directory
sh: /bin/kstat: No such file or directory
sh: /bin/kstat: No such file or directory
sh: /bin/kstat: No such file or directory
sh: /bin/kstat: No such file or directory
sh: /bin/kstat: No such file or directory
sh: /bin/kstat: No such file or directory
sh: /bin/kstat: No such file or directory
sh: /bin/kstat: No such file or directory
sh: /bin/kstat: No such file or directory
sh: /bin/kstat: No such file or directory
sh: /bin/kstat: No such file or directory
sh: /bin/kstat: No such file or directory
sh: /bin/kstat: No such file or directory
sh: /bin/kstat: No such file or directory
sh: /bin/kstat: No such file or directory
sh: /bin/kstat: No such file or directory
sh: /bin/kstat: No such file or directory
sh: /bin/kstat: No such file or directory
sh: /bin/kstat: No such file or directory
sh: /bin/kstat: No such file or directory
sh: /bin/kstat: No such file or directory
sh: /bin/kstat: No such file or directory
sh: /bin/kstat: No such file or directory
sh: /bin/kstat: No such file or directory
sh: /bin/kstat: No such file or directory
sh: /bin/kstat: No such file or directory
sh: /bin/kstat: No such file or directory
sh: /bin/kstat: No such file or directory
sh: /bin/kstat: No such file or directory
sh: /bin/kstat: No such file or directory
sh: /bin/kstat: No such file or directory
sh: /bin/kstat: No such file or directory
sh: /bin/kstat: No such file or directory
sh: /bin/kstat: No such file or directory
sh: /bin/kstat: No such file or directory
sh: /bin/kstat: No such file or directory
sh: /bin/kstat: No such file or directory
sh: /bin/kstat: No such file or directory
sh: /bin/kstat: No such file or directory
sh: /bin/kstat: No such file or directory
sh: /bin/kstat: No such file or directory
sh: /bin/kstat: No such file or directory
sh: /bin/kstat: No such file or directory
sh: /bin/kstat: No such file or directory
sh: /bin/kstat: No such file or directory
sh: /bin/kstat: No such file or directory
sh: /bin/kstat: No such file or directory
sh: /bin/kstat: No such file or directory
sh: /bin/kstat: No such file or directory
sh: /bin/kstat: No such file or directory
sh: /bin/kstat: No such file or directory
sh: /bin/kstat: No such file or directory
sh: /bin/kstat: No such file or directory
sh: /bin/kstat: No such file or directory
sh: /bin/kstat: No such file or directory
sh: /bin/kstat: No such file or directory
sh: /bin/kstat: No such file or directory
sh: /bin/kstat: No such file or directory
sh: /bin/kstat: No such file or directory
sh: /bin/kstat: No such file or directory
sh: /bin/kstat: No such file or directory
sh: /bin/kstat: No such file or directory
sh: /bin/kstat: No such file or directory
sh: /bin/kstat: No such file or directory
sh: /bin/kstat: No such file or directory
sh: /bin/kstat: No such file or directory
sh: /bin/kstat: No such file or directory
sh: /bin/kstat: No such file or directory
sh: /bin/kstat: No such file or directory
sh: /bin/kstat: No such file or directory
sh: /bin/kstat: No such file or directory
sh: /bin/kstat: No such file or directory
sh: /bin/kstat: No such file or directory
sh: /bin/kstat: No such file or directory
sh: /bin/kstat: No such file or directory
sh: /bin/kstat: No such file or directory
sh: /bin/kstat: No such file or directory
sh: /bin/kstat: No such file or directory
sh: /bin/kstat: No such file or directory
sh: /bin/kstat: No such file or directory
sh: /bin/kstat: No such file or directory
sh: /bin/kstat: No such file or directory
sh: /bin/kstat: No such file or directory
sh: /bin/kstat: No such file or directory
sh: /bin/kstat: No such file or directory
sh: /bin/kstat: No such file or directory
sh: /bin/kstat: No such file or directory
sh: /bin/kstat: No such file or directory
sh: /bin/kstat: No such file or directory
sh: /bin/kstat: No such file or directory
sh: /bin/kstat: No such file or directory
sh: /bin/kstat: No such file or directory
sh: /bin/kstat: No such file or directory
sh: /bin/kstat: No such file or directory
sh: /bin/kstat: No such file or directory
sh: /bin/kstat: No such file or directory
sh: /bin/kstat: No such file or directory
sh: /bin/kstat: No such file or directory
sh: /bin/kstat: No such file or directory
sh: /bin/kstat: No such file or directory
sh: /bin/kstat: No such file or directory
sh: /bin/kstat: No such file or directory
sh: /bin/kstat: No such file or directory
sh: /bin/kstat: No such file or directory
sh: /bin/kstat: No such file or directory
sh: /bin/kstat: No such file or directory
sh: /bin/kstat: No such file or directory
sh: /bin/kstat: No such file or directory
sh: /bin/kstat: No such file or directory
sh: /bin/kstat: No such file or directory
sh: /bin/kstat: No such file or directory
sh: /bin/kstat: No such file or directory
sh: /bin/kstat: No such file or directory
sh: /bin/kstat: No such file or directory
sh: /bin/kstat: No such file or directory
sh: /bin/kstat: No such file or directory
sh: /bin/kstat: No such file or directory
sh: /bin/kstat: No such file or directory
sh: /bin/kstat: No such file or directory
sh: /bin/kstat: No such file or directory
sh: /bin/kstat: No such file or directory
sh: /bin/kstat: No such file or directory
sh: /bin/kstat: No such file or directory
sh: /bin/kstat: No such file or directory
sh: /bin/kstat: No such file or directory
sh: /bin/kstat: No such file or directory
sh: /bin/kstat: No such file or directory
sh: /bin/kstat: No such file or directory
sh: /bin/kstat: No such file or directory
sh: /bin/kstat: No such file or directory
sh: /bin/kstat: No such file or directory
sh: /bin/kstat: No such file or directory
sh: /bin/kstat: No such file or directory
sh: /bin/kstat: No such file or directory
sh: /bin/kstat: No such file or directory
sh: /bin/kstat: No such file or directory
sh: /bin/kstat: No such file or directory
sh: /bin/kstat: No such file or directory
sh: /bin/kstat: No such file or directory
sh: /bin/kstat: No such file or directory
sh: /bin/kstat: No such file or directory
sh: /bin/kstat: No such file or directory
sh: /bin/kstat: No such file or directory
sh: /bin/kstat: No such file or directory
sh: /bin/kstat: No such file or directory
sh: /bin/kstat: No such file or directory
sh: /bin/kstat: No such file or directory
sh: /bin/kstat: No such file or directory
sh: /bin/kstat: No such file or directory
sh: /bin/kstat: No such file or directory
sh: /bin/kstat: No such file or directory
sh: /bin/kstat: No such file or directory
sh: /bin/kstat: No such file or directory
sh: /bin/kstat: No such file or directory
sh: /bin/kstat: No such file or directory
sh: /bin/kstat: No such file or directory
sh: /bin/kstat: No such file or directory
sh: /bin/kstat: No such file or directory
sh: /bin/kstat: No such file or directory
sh: /bin/kstat: No such file or directory
sh: /bin/kstat: No such file or directory
sh: /bin/kstat: No such file or directory
sh: /bin/kstat: No such file or directory
sh: /bin/kstat: No such file or directory
sh: /bin/kstat: No such file or directory
sh: /bin/kstat: No such file or directory
sh: /bin/kstat: No such file or directory
sh: /bin/kstat: No such file or directory
sh: /bin/kstat: No such file or directory
sh: /bin/kstat: No such file or directory
sh: /bin/kstat: No such file or directory
sh: /bin/kstat: No such file or directory
sh: /bin/kstat: No such file or directory
sh: /bin/kstat: No such file or directory
sh: /bin/kstat: No such file or directory
sh: /bin/kstat: No such file or directory
sh: /bin/kstat: No such file or directory
sh: /bin/kstat: No such file or directory
sh: /bin/kstat: No such file or directory
sh: /bin/kstat: No such file or directory
sh: /bin/kstat: No such file or directory
sh: /bin/kstat: No such file or directory
sh: /bin/kstat: No such file or directory
sh: /bin/kstat: No such file or directory
sh: /bin/kstat: No such file or directory
sh: /bin/kstat: No such file or directory
sh: /bin/kstat: No such file or directory
sh: /bin/kstat: No such file or directory
sh: /bin/kstat: No such file or directory
sh: /bin/kstat: No such file or directory
sh: /bin/kstat: No such file or directory
sh: /bin/kstat: No such file or directory
sh: /bin/kstat: No such file or directory
sh: /bin/kstat: No such file or directory
sh: /bin/kstat: No such file or directory
sh: /bin/kstat: No such file or directory
sh: /bin/kstat: No such file or directory
sh: /bin/kstat: No such file or directory
sh: /bin/kstat: No such file or directory
sh: /bin/kstat: No such file or directory
sh: /bin/kstat: No such file or directory
sh: /bin/kstat: No such file or directory
sh: /bin/kstat: No such file or directory
sh: /bin/kstat: No such file or directory
sh: /bin/kstat: No such file or directory
sh: /bin/kstat: No such file or directory
sh: /bin/kstat: No such file or directory
sh: /bin/kstat: No such file or directory
sh: /bin/kstat: No such file or directory
sh: /bin/kstat: No such file or directory
sh: /bin/kstat: No such file or directory
sh: /bin/kstat: No such file or directory
sh: /bin/kstat: No such file or directory
sh: /bin/kstat: No such file or directory
sh: /bin/kstat: No such file or directory
sh: /bin/kstat: No such file or directory
sh: /bin/kstat: No such file or directory
sh: /bin/kstat: No such file or directory
sh: /bin/kstat: No such file or directory
sh: /bin/kstat: No such file or directory
sh: /bin/kstat: No such file or directory
sh: /bin/kstat: No such file or directory
sh: /bin/kstat: No such file or directory
sh: /bin/kstat: No such file or directory
sh: /bin/kstat: No such file or directory
sh: /bin/kstat: No such file or directory
sh: /bin/kstat: No such file or directory
sh: /bin/kstat: No such file or directory
sh: /bin/kstat: No such file or directory
sh: /bin/kstat: No such file or directory
sh: /bin/kstat: No such file or directory
sh: /bin/kstat: No such file or directory
sh: /bin/kstat: No such file or directory
sh: /bin/kstat: No such file or directory
sh: /bin/kstat: No such file or directory
sh: /bin/kstat: No such file or directory
sh: /bin/kstat: No such file or directory
sh: /bin/kstat: No such file or directory
sh: /bin/kstat: No such file or directory
sh: /bin/kstat: No such file or directory
sh: /bin/kstat: No such file or directory
sh: /bin/kstat: No such file or directory
sh: /bin/kstat: No such file or directory
sh: /bin/kstat: No such file or directory
sh: /bin/kstat: No such file or directory
sh: /bin/kstat: No such file or directory
sh: /bin/kstat: No such file or directory
sh: /bin/kstat: No such file or directory
sh: /bin/kstat: No such file or directory
sh: /bin/kstat: No such file or directory
sh: /bin/kstat: No such file or directory
sh: /bin/kstat: No such file or directory
sh: /bin/kstat: No such file or directory
sh: /bin/kstat: No such file or directory
sh: /bin/kstat: No such file or directory
sh: /bin/kstat: No such file or directory
sh: /bin/kstat: No such file or directory
sh: /bin/kstat: No such file or directory
sh: /bin/kstat: No such file or directory
sh: /bin/kstat: No such file or directory
sh: /bin/kstat: No such file or directory
sh: /bin/kstat: No such file or directory
sh: /bin/kstat: No such file or directory
sh: /bin/kstat: No such file or directory
sh: /bin/kstat: No such file or directory
sh: /bin/kstat: No such file or directory
sh: /bin/kstat: No such file or directory
sh: /bin/kstat: No such file or directory
sh: /bin/kstat: No such file or directory
sh: /bin/kstat: No such file or directory
sh: /bin/kstat: No such file or directory
sh: /bin/kstat: No such file or directory
sh: /bin/kstat: No such file or directory
sh: /bin/kstat: No such file or directory
sh: /bin/kstat: No such file or directory
sh: /bin/kstat: No such file or directory
sh: /bin/kstat: No such file or directory
sh: /bin/kstat: No such file or directory
sh: /bin/kstat: No such file or directory
sh: /bin/kstat: No such file or directory
sh: /bin/kstat: No such file or directory
sh: /bin/kstat: No such file or directory
sh: /bin/kstat: No such file or directory
sh: /bin/kstat: No such file or directory
sh: /bin/kstat: No such file or directory
sh: /bin/kstat: No such file or directory
sh: /bin/kstat: No such file or directory
sh: /bin/kstat: No such file or directory
sh: /bin/kstat: No such file or directory
sh: /bin/kstat: No such file or directory
sh: /bin/kstat: No such file or directory
sh: /bin/kstat: No such file or directory
sh: /bin/kstat: No such file or directory
sh: /bin/kstat: No such file or directory
sh: /bin/kstat: No such file or directory
sh: /bin/kstat: No such file or directory
sh: /bin/kstat: No such file or directory
sh: /bin/kstat: No such file or directory
sh: /bin/kstat: No such file or directory
sh: /bin/kstat: No such file or directory
sh: /bin/kstat: No such file or directory
sh: /bin/kstat: No such file or directory
sh: /bin/kstat: No such file or directory
sh: /bin/kstat: No such file or directory
sh: /bin/kstat: No such file or directory
sh: /bin/kstat: No such file or directory
sh: /bin/kstat: No such file or directory
sh: /bin/kstat: No such file or directory
sh: /bin/kstat: No such file or directory
sh: /bin/kstat: No such file or directory
sh: /bin/kstat: No such file or directory
sh: /bin/kstat: No such file or directory
sh: /bin/kstat: No such file or directory
sh: /bin/kstat: No such file or directory
sh: /bin/kstat: No such file or directory
sh: /bin/kstat: No such file or directory
sh: /bin/kstat: No such file or directory
sh: /bin/kstat: No such file or directory
sh: /bin/kstat: No such file or directory
sh: /bin/kstat: No such file or directory
sh: /bin/kstat: No such file or directory
sh: /bin/kstat: No such file or directory
sh: /bin/kstat: No such file or directory
sh: /bin/kstat: No such file or directory
sh: /bin/kstat: No such file or directory
sh: /bin/kstat: No such file or directory
sh: /bin/kstat: No such file or directory
sh: /bin/kstat: No such file or directory
sh: /bin/kstat: No such file or directory
sh: /bin/kstat: No such file or directory
sh: /bin/kstat: No such file or directory
sh: /bin/kstat: No such file or directory
sh: /bin/kstat: No such file or directory
sh: /bin/kstat: No such file or directory
sh: /bin/kstat: No such file or directory
sh: /bin/kstat: No such file or directory
sh: /bin/kstat: No such file or directory
sh: /bin/kstat: No such file or directory
sh: /bin/kstat: No such file or directory
sh: /bin/kstat: No such file or directory
sh: /bin/kstat: No such file or directory
sh: /bin/kstat: No such file or directory
sh: /bin/kstat: No such file or directory
sh: /bin/kstat: No such file or directory
sh: /bin/kstat: No such file or directory
sh: /bin/kstat: No such file or directory
sh: /bin/kstat: No such file or directory
sh: /bin/kstat: No such file or directory
sh: /bin/kstat: No such file or directory
sh: /bin/kstat: No such file or directory
sh: /bin/kstat: No such file or directory
sh: /bin/kstat: No such file or directory
sh: /bin/kstat: No such file or directory
sh: /bin/kstat: No such file or directory
sh: /bin/kstat: No such file or directory
sh: /bin/kstat: No such file or directory
sh: /bin/kstat: No such file or directory
sh: /bin/kstat: No such file or directory
sh: /bin/kstat: No such file or directory
sh: /bin/kstat: No such file or directory
sh: /bin/kstat: No such file or directory
sh: /bin/kstat: No such file or directory
sh: /bin/kstat: No such file or directory
sh: /bin/kstat: No such file or directory
sh: /bin/kstat: No such file or directory
sh: /bin/kstat: No such file or directory
sh: /bin/kstat: No such file or directory
sh: /bin/kstat: No such file or directory
sh: /bin/kstat: No such file or directory
sh: /bin/kstat: No such file or directory
sh: /bin/kstat: No such file or directory
sh: /bin/kstat: No such file or directory
sh: /bin/kstat: No such file or directory
sh: /bin/kstat: No such file or directory
sh: /bin/kstat: No such file or directory
sh: /bin/kstat: No such file or directory
sh: /bin/kstat: No such file or directory
sh: /bin/kstat: No such file or directory
sh: /bin/kstat: No such file or directory
sh: /bin/kstat: No such file or directory
sh: /bin/kstat: No such file or directory
sh: /bin/kstat: No such file or directory
sh: /bin/kstat: No such file or directory
sh: /bin/kstat: No such file or directory
sh: /bin/kstat: No such file or directory
sh: /bin/kstat: No such file or directory
sh: /bin/kstat: No such file or directory
sh: /bin/kstat: No such file or directory
sh: /bin/kstat: No such file or directory
sh: /bin/kstat: No such file or directory
sh: /bin/kstat: No such file or directory
sh: /bin/kstat: No such file or directory
sh: /bin/kstat: No such file or directory
sh: /bin/kstat: No such file or directory
sh: /bin/kstat: No such file or directory
sh: /bin/kstat: No such file or directory
sh: /bin/kstat: No such file or directory
sh: /bin/kstat: No such file or directory
sh: /bin/kstat: No such file or directory
sh: /bin/kstat: No such file or directory
sh: /bin/kstat: No such file or directory
sh: /bin/kstat: No such file or directory
sh: /bin/kstat: No such file or directory
sh: /bin/kstat: No such file or directory
sh: /bin/kstat: No such file or directory
sh: /bin/kstat: No such file or directory
sh: /bin/kstat: No such file or directory
sh: /bin/kstat: No such file or directory
sh: /bin/kstat: No such file or directory
sh: /bin/kstat: No such file or directory
sh: /bin/kstat: No such file or directory
sh: /bin/kstat: No such file or directory
sh: /bin/kstat: No such file or directory
sh: /bin/kstat: No such file or directory
sh: /bin/kstat: No such file or directory
sh: /bin/kstat: No such file or directory
sh: /bin/kstat: No such file or directory
sh: /bin/kstat: No such file or directory
sh: /bin/kstat: No such file or directory
sh: /bin/kstat: No such file or directory
sh: /bin/kstat: No such file or directory
sh: /bin/kstat: No such file or directory
sh: /bin/kstat: No such file or directory
sh: /bin/kstat: No such file or directory
sh: /bin/kstat: No such file or directory
sh: /bin/kstat: No such file or directory
sh: /bin/kstat: No such file or directory
sh: /bin/kstat: No such file or directory
sh: /bin/kstat: No such file or directory
sh: /bin/kstat: No such file or directory
sh: /bin/kstat: No such file or directory
sh: /bin/kstat: No such file or directory
sh: /bin/kstat: No such file or directory
sh: /bin/kstat: No such file or directory
sh: /bin/kstat: No such file or directory
sh: /bin/kstat: No such file or directory
sh: /bin/kstat: No such file or directory
sh: /bin/kstat: No such file or directory
sh: /bin/kstat: No such file or directory
sh: /bin/kstat: No such file or directory
sh: /bin/kstat: No such file or directory
sh: /bin/kstat: No such file or directory
sh: /bin/kstat: No such file or directory
sh: /bin/kstat: No such file or directory
sh: /bin/kstat: No such file or directory
sh: /bin/kstat: No such file or directory
sh: /bin/kstat: No such file or directory
sh: /bin/kstat: No such file or directory
sh: /bin/kstat: No such file or directory
sh: /bin/kstat: No such file or directory
sh: /bin/kstat: No such file or directory
sh: /bin/kstat: No such file or directory
sh: /bin/kstat: No such file or directory
sh: /bin/kstat: No such file or directory
sh: /bin/kstat: No such file or directory
sh: /bin/kstat: No such file or directory
sh: /bin/kstat: No such file or directory
sh: /bin/kstat: No such file or directory
sh: /bin/kstat: No such file or directory
sh: /bin/kstat: No such file or directory
sh: /bin/kstat: No such file or directory
sh: /bin/kstat: No such file or directory
sh: /bin/kstat: No such file or directory
sh: /bin/kstat: No such file or directory
sh: /bin/kstat: No such file or directory
sh: /bin/kstat: No such file or directory
sh: /bin/kstat: No such file or directory
sh: /bin/kstat: No such file or directory
sh: /bin/kstat: No such file or directory
sh: /bin/kstat: No such file or directory
sh: /bin/kstat: No such file or directory
sh: /bin/kstat: No such file or directory
sh: /bin/kstat: No such file or directory
sh: /bin/kstat: No such file or directory
sh: /bin/kstat: No such file or directory
sh: /bin/kstat: No such file or directory
sh: /bin/kstat: No such file or directory
sh: /bin/kstat: No such file or directory
sh: /bin/kstat: No such file or directory
sh: /bin/kstat: No such file or directory
sh: /bin/kstat: No such file or directory
sh: /bin/kstat: No such file or directory
sh: /bin/kstat: No such file or directory
sh: /bin/kstat: No such file or directory
sh: /bin/kstat: No such file or directory
sh: /bin/kstat: No such file or directory
sh: /bin/kstat: No such file or directory
sh: /bin/kstat: No such file or directory
sh: /bin/kstat: No such file or directory
sh: /bin/kstat: No such file or directory
sh: /bin/kstat: No such file or directory
sh: /bin/kstat: No such file or directory
sh: /bin/kstat: No such file or directory
sh: /bin/kstat: No such file or directory
sh: /bin/kstat: No such file or directory
sh: /bin/kstat: No such file or directory
sh: /bin/kstat: No such file or directory
sh: /bin/kstat: No such file or directory
sh: /bin/kstat: No such file or directory
sh: /bin/kstat: No such file or directory
sh: /bin/kstat: No such file or directory
sh: /bin/kstat: No such file or directory
sh: /bin/kstat: No such file or directory
sh: /bin/kstat: No such file or directory
sh: /bin/kstat: No such file or directory
sh: /bin/kstat: No such file or directory
sh: /bin/kstat: No such file or directory
sh: /bin/kstat: No such file or directory
sh: /bin/kstat: No such file or directory
sh: /bin/kstat: No such file or directory
sh: /bin/kstat: No such file or directory
sh: /bin/kstat: No such file or directory
sh: /bin/kstat: No such file or directory
sh: /bin/kstat: No such file or directory
sh: /bin/kstat: No such file or directory
sh: /bin/kstat: No such file or directory
sh: /bin/kstat: No such file or directory
sh: /bin/kstat: No such file or directory
sh: /bin/kstat: No such file or directory
sh: /bin/kstat: No such file or directory
sh: /bin/kstat: No such file or directory
sh: /bin/kstat: No such file or directory
sh: /bin/kstat: No such file or directory
sh: /bin/kstat: No such file or directory
sh: /bin/kstat: No such file or directory
sh: /bin/kstat: No such file or directory
sh: /bin/kstat: No such file or directory
sh: /bin/kstat: No such file or directory
sh: /bin/kstat: No such file or directory
sh: /bin/kstat: No such file or directory
sh: /bin/kstat: No such file or directory
sh: /bin/kstat: No such file or directory
sh: /bin/kstat: No such file or directory
sh: /bin/kstat: No such file or directory
sh: /bin/kstat: No such file or directory
sh: /bin/kstat: No such file or directory
sh: /bin/kstat: No such file or directory
sh: /bin/kstat: No such file or directory
sh: /bin/kstat: No such file or directory
sh: /bin/kstat: No such file or directory
sh: /bin/kstat: No such file or directory
sh: /bin/kstat: No such file or directory
sh: /bin/kstat: No such file or directory
sh: /bin/kstat: No such file or directory
sh: /bin/kstat: No such file or directory
sh: /bin/kstat: No such file or directory
sh: /bin/kstat: No such file or directory
sh: /bin/kstat: No such file or directory
sh: /bin/kstat: No such file or directory
sh: /bin/kstat: No such file or directory
sh: /bin/kstat: No such file or directory
sh: /bin/kstat: No such file or directory
sh: /bin/kstat: No such file or directory
sh: /bin/kstat: No such file or directory
sh: /bin/kstat: No such file or directory
sh: /bin/kstat: No such file or directory
sh: /bin/kstat: No such file or directory
sh: /bin/kstat: No such file or directory
sh: /bin/kstat: No such file or directory
sh: /bin/kstat: No such file or directory
sh: /bin/kstat: No such file or directory
sh: /bin/kstat: No such file or directory
sh: /bin/kstat: No such file or directory
sh: /bin/kstat: No such file or directory
sh: /bin/kstat: No such file or directory
sh: /bin/kstat: No such file or directory
sh: /bin/kstat: No such file or directory
sh: /bin/kstat: No such file or directory
sh: /bin/kstat: No such file or directory
sh: /bin/kstat: No such file or directory
sh: /bin/kstat: No such file or directory
sh: /bin/kstat: No such file or directory
sh: /bin/kstat: No such file or directory
sh: /bin/kstat: No such file or directory
sh: /bin/kstat: No such file or directory
sh: /bin/kstat: No such file or directory
sh: /bin/kstat: No such file or directory
sh: /bin/kstat: No such file or directory
sh: /bin/kstat: No such file or directory
sh: /bin/kstat: No such file or directory
sh: /bin/kstat: No such file or directory
sh: /bin/kstat: No such file or directory
sh: /bin/kstat: No such file or directory
sh: /bin/kstat: No such file or directory
sh: /bin/kstat: No such file or directory
sh: /bin/kstat: No such file or directory
sh: /bin/kstat: No such file or directory
sh: /bin/kstat: No such file or directory
sh: /bin/kstat: No such file or directory
sh: /bin/kstat: No such file or directory
sh: /bin/kstat: No such file or directory
sh: /bin/kstat: No such file or directory
sh: /bin/kstat: No such file or directory
sh: /bin/kstat: No such file or directory
sh: /bin/kstat: No such file or directory
sh: /bin/kstat: No such file or directory
sh: /bin/kstat: No such file or directory
sh: /bin/kstat: No such file or directory
sh: /bin/kstat: No such file or directory
sh: /bin/kstat: No such file or directory
sh: /bin/kstat: No such file or directory
sh: /bin/kstat: No such file or directory
sh: /bin/kstat: No such file or directory
sh: /bin/kstat: No such file or directory
sh: /bin/kstat: No such file or directory
sh: /bin/kstat: No such file or directory
sh: /bin/kstat: No such file or directory
sh: /bin/kstat: No such file or directory
sh: /bin/kstat: No such file or directory
sh: /bin/kstat: No such file or directory
sh: /bin/kstat: No such file or directory
sh: /bin/kstat: No such file or directory
sh: /bin/kstat: No such file or directory
sh: /bin/kstat: No such file or directory
sh: /bin/kstat: No such file or directory
 *** WARNING *** GMRFLib_2order_approx: rescue NAN/INF values in logl for idx=14209
 *** WARNING *** GMRFLib_2order_approx: reset counter for 5 NAN/INF values in logl

S5-air full-data fixed effects:
                                     mean         sd   0.025quant     0.5quant
(Intercept)                  -0.252071939 0.15165598 -0.551081717 -0.252455008
rainfall_lag_z                0.133266004 0.02411348  0.085763822  0.133343218
humidity_lag_z               -0.048548800 0.01422359 -0.076443378 -0.048547678
temperature_lag_z             0.009547338 0.02029035 -0.030263881  0.009555394
idhm_z                        0.517358053 0.08640288  0.346825460  0.517594809
log_cases_lag_z               0.920318232 0.01053243  0.899666623  0.920317614
neighbor_log_cases_lag_z      0.291139621 0.02051429  0.250917740  0.291138414
air_passenger_week_lag_log_z  0.038236711 0.01541535  0.007988388  0.038243707
                              0.975quant         mode          kld
(Intercept)                   0.04912662 -0.252454437 5.195742e-07
rainfall_lag_z                0.18033395  0.133344933 2.585265e-09
humidity_lag_z               -0.02066062 -0.048547675 4.827878e-11
temperature_lag_z             0.04931267  0.009555428 8.001326e-11
idhm_z                        0.68658399  0.517602207 1.297511e-08
log_cases_lag_z               0.94097336  0.920317612 4.527592e-11
neighbor_log_cases_lag_z      0.33136832  0.291138394 7.871959e-11
air_passenger_week_lag_log_z  0.06844543  0.038243807 9.398196e-11

S5-air full-data model criteria:
    model      dic     waic
   <char>    <num>    <num>
1:     S5 91140.35 91302.87
Criteria: /Users/ethanmassey/VS_Code_Test/Hierarchical-Bayesian-Model/outputs/spatial_inla_s5_air_model_criteria.csv 
sh: /bin/kstat: No such file or directory
sh: /bin/kstat: No such file or directory
sh: /bin/kstat: No such file or directory
sh: /bin/kstat: No such file or directory
sh: /bin/kstat: No such file or directory
sh: /bin/kstat: No such file or directory
sh: /bin/kstat: No such file or directory
sh: /bin/kstat: No such file or directory
sh: /bin/kstat: No such file or directory
sh: /bin/kstat: No such file or directory
sh: /bin/kstat: No such file or directory
sh: /bin/kstat: No such file or directory
sh: /bin/kstat: No such file or directory
sh: /bin/kstat: No such file or directory
sh: /bin/kstat: No such file or directory
sh: /bin/kstat: No such file or directory
sh: /bin/kstat: No such file or directory
sh: /bin/kstat: No such file or directory
sh: /bin/kstat: No such file or directory
sh: /bin/kstat: No such file or directory
sh: /bin/kstat: No such file or directory
sh: /bin/kstat: No such file or directory
sh: /bin/kstat: No such file or directory
sh: /bin/kstat: No such file or directory
sh: /bin/kstat: No such file or directory
sh: /bin/kstat: No such file or directory
sh: /bin/kstat: No such file or directory
sh: /bin/kstat: No such file or directory
sh: /bin/kstat: No such file or directory
sh: /bin/kstat: No such file or directory
sh: /bin/kstat: No such file or directory
sh: /bin/kstat: No such file or directory
sh: /bin/kstat: No such file or directory
sh: /bin/kstat: No such file or directory
sh: /bin/kstat: No such file or directory
sh: /bin/kstat: No such file or directory
sh: /bin/kstat: No such file or directory
sh: /bin/kstat: No such file or directory
sh: /bin/kstat: No such file or directory
sh: /bin/kstat: No such file or directory
sh: /bin/kstat: No such file or directory
sh: /bin/kstat: No such file or directory
sh: /bin/kstat: No such file or directory
sh: /bin/kstat: No such file or directory
sh: /bin/kstat: No such file or directory
sh: /bin/kstat: No such file or directory
sh: /bin/kstat: No such file or directory
sh: /bin/kstat: No such file or directory
sh: /bin/kstat: No such file or directory
sh: /bin/kstat: No such file or directory
sh: /bin/kstat: No such file or directory
sh: /bin/kstat: No such file or directory
sh: /bin/kstat: No such file or directory
sh: /bin/kstat: No such file or directory
sh: /bin/kstat: No such file or directory
sh: /bin/kstat: No such file or directory
sh: /bin/kstat: No such file or directory
sh: /bin/kstat: No such file or directory
sh: /bin/kstat: No such file or directory
sh: /bin/kstat: No such file or directory
sh: /bin/kstat: No such file or directory
sh: /bin/kstat: No such file or directory
sh: /bin/kstat: No such file or directory
sh: /bin/kstat: No such file or directory
sh: /bin/kstat: No such file or directory
sh: /bin/kstat: No such file or directory
sh: /bin/kstat: No such file or directory
sh: /bin/kstat: No such file or directory
sh: /bin/kstat: No such file or directory
sh: /bin/kstat: No such file or directory
sh: /bin/kstat: No such file or directory
sh: /bin/kstat: No such file or directory
sh: /bin/kstat: No such file or directory
sh: /bin/kstat: No such file or directory
sh: /bin/kstat: No such file or directory
sh: /bin/kstat: No such file or directory
sh: /bin/kstat: No such file or directory
sh: /bin/kstat: No such file or directory
sh: /bin/kstat: No such file or directory
sh: /bin/kstat: No such file or directory
sh: /bin/kstat: No such file or directory
sh: /bin/kstat: No such file or directory
sh: /bin/kstat: No such file or directory
sh: /bin/kstat: No such file or directory
sh: /bin/kstat: No such file or directory
sh: /bin/kstat: No such file or directory
sh: /bin/kstat: No such file or directory
sh: /bin/kstat: No such file or directory
sh: /bin/kstat: No such file or directory
sh: /bin/kstat: No such file or directory
sh: /bin/kstat: No such file or directory
sh: /bin/kstat: No such file or directory
sh: /bin/kstat: No such file or directory
sh: /bin/kstat: No such file or directory
sh: /bin/kstat: No such file or directory
sh: /bin/kstat: No such file or directory
sh: /bin/kstat: No such file or directory
sh: /bin/kstat: No such file or directory
sh: /bin/kstat: No such file or directory
sh: /bin/kstat: No such file or directory
sh: /bin/kstat: No such file or directory
sh: /bin/kstat: No such file or directory
sh: /bin/kstat: No such file or directory
sh: /bin/kstat: No such file or directory
sh: /bin/kstat: No such file or directory
sh: /bin/kstat: No such file or directory
sh: /bin/kstat: No such file or directory
sh: /bin/kstat: No such file or directory
sh: /bin/kstat: No such file or directory
sh: /bin/kstat: No such file or directory
sh: /bin/kstat: No such file or directory
sh: /bin/kstat: No such file or directory
sh: /bin/kstat: No such file or directory
sh: /bin/kstat: No such file or directory
sh: /bin/kstat: No such file or directory
sh: /bin/kstat: No such file or directory
sh: /bin/kstat: No such file or directory
sh: /bin/kstat: No such file or directory
sh: /bin/kstat: No such file or directory
sh: /bin/kstat: No such file or directory
sh: /bin/kstat: No such file or directory
sh: /bin/kstat: No such file or directory
sh: /bin/kstat: No such file or directory
sh: /bin/kstat: No such file or directory
sh: /bin/kstat: No such file or directory
sh: /bin/kstat: No such file or directory
sh: /bin/kstat: No such file or directory
sh: /bin/kstat: No such file or directory
sh: /bin/kstat: No such file or directory
sh: /bin/kstat: No such file or directory
sh: /bin/kstat: No such file or directory
sh: /bin/kstat: No such file or directory
sh: /bin/kstat: No such file or directory
sh: /bin/kstat: No such file or directory
sh: /bin/kstat: No such file or directory
sh: /bin/kstat: No such file or directory
sh: /bin/kstat: No such file or directory
sh: /bin/kstat: No such file or directory
sh: /bin/kstat: No such file or directory
sh: /bin/kstat: No such file or directory
sh: /bin/kstat: No such file or directory
sh: /bin/kstat: No such file or directory
sh: /bin/kstat: No such file or directory
sh: /bin/kstat: No such file or directory
sh: /bin/kstat: No such file or directory
sh: /bin/kstat: No such file or directory
sh: /bin/kstat: No such file or directory
sh: /bin/kstat: No such file or directory
sh: /bin/kstat: No such file or directory
sh: /bin/kstat: No such file or directory
sh: /bin/kstat: No such file or directory
sh: /bin/kstat: No such file or directory
sh: /bin/kstat: No such file or directory
sh: /bin/kstat: No such file or directory
sh: /bin/kstat: No such file or directory
sh: /bin/kstat: No such file or directory
sh: /bin/kstat: No such file or directory
sh: /bin/kstat: No such file or directory
sh: /bin/kstat: No such file or directory
sh: /bin/kstat: No such file or directory
sh: /bin/kstat: No such file or directory
sh: /bin/kstat: No such file or directory
sh: /bin/kstat: No such file or directory
sh: /bin/kstat: No such file or directory
sh: /bin/kstat: No such file or directory
sh: /bin/kstat: No such file or directory
sh: /bin/kstat: No such file or directory
sh: /bin/kstat: No such file or directory
sh: /bin/kstat: No such file or directory
sh: /bin/kstat: No such file or directory
sh: /bin/kstat: No such file or directory
sh: /bin/kstat: No such file or directory
sh: /bin/kstat: No such file or directory
sh: /bin/kstat: No such file or directory
sh: /bin/kstat: No such file or directory
sh: /bin/kstat: No such file or directory
sh: /bin/kstat: No such file or directory
sh: /bin/kstat: No such file or directory
sh: /bin/kstat: No such file or directory
sh: /bin/kstat: No such file or directory
sh: /bin/kstat: No such file or directory
sh: /bin/kstat: No such file or directory
sh: /bin/kstat: No such file or directory
sh: /bin/kstat: No such file or directory
sh: /bin/kstat: No such file or directory
sh: /bin/kstat: No such file or directory
sh: /bin/kstat: No such file or directory
sh: /bin/kstat: No such file or directory
sh: /bin/kstat: No such file or directory
sh: /bin/kstat: No such file or directory
sh: /bin/kstat: No such file or directory
sh: /bin/kstat: No such file or directory
sh: /bin/kstat: No such file or directory
sh: /bin/kstat: No such file or directory
sh: /bin/kstat: No such file or directory
sh: /bin/kstat: No such file or directory
sh: /bin/kstat: No such file or directory
sh: /bin/kstat: No such file or directory
sh: /bin/kstat: No such file or directory
sh: /bin/kstat: No such file or directory
sh: /bin/kstat: No such file or directory
sh: /bin/kstat: No such file or directory
sh: /bin/kstat: No such file or directory
sh: /bin/kstat: No such file or directory
sh: /bin/kstat: No such file or directory
sh: /bin/kstat: No such file or directory
sh: /bin/kstat: No such file or directory
sh: /bin/kstat: No such file or directory
sh: /bin/kstat: No such file or directory
sh: /bin/kstat: No such file or directory
sh: /bin/kstat: No such file or directory
sh: /bin/kstat: No such file or directory
sh: /bin/kstat: No such file or directory
sh: /bin/kstat: No such file or directory
sh: /bin/kstat: No such file or directory
sh: /bin/kstat: No such file or directory
sh: /bin/kstat: No such file or directory
sh: /bin/kstat: No such file or directory
sh: /bin/kstat: No such file or directory
sh: /bin/kstat: No such file or directory
sh: /bin/kstat: No such file or directory
sh: /bin/kstat: No such file or directory
sh: /bin/kstat: No such file or directory
sh: /bin/kstat: No such file or directory
sh: /bin/kstat: No such file or directory
sh: /bin/kstat: No such file or directory
sh: /bin/kstat: No such file or directory
sh: /bin/kstat: No such file or directory
sh: /bin/kstat: No such file or directory
sh: /bin/kstat: No such file or directory
sh: /bin/kstat: No such file or directory
sh: /bin/kstat: No such file or directory
sh: /bin/kstat: No such file or directory
sh: /bin/kstat: No such file or directory
sh: /bin/kstat: No such file or directory
sh: /bin/kstat: No such file or directory
sh: /bin/kstat: No such file or directory
sh: /bin/kstat: No such file or directory
sh: /bin/kstat: No such file or directory
sh: /bin/kstat: No such file or directory
sh: /bin/kstat: No such file or directory
sh: /bin/kstat: No such file or directory
sh: /bin/kstat: No such file or directory
sh: /bin/kstat: No such file or directory
sh: /bin/kstat: No such file or directory
sh: /bin/kstat: No such file or directory
sh: /bin/kstat: No such file or directory
sh: /bin/kstat: No such file or directory
sh: /bin/kstat: No such file or directory
sh: /bin/kstat: No such file or directory
sh: /bin/kstat: No such file or directory
sh: /bin/kstat: No such file or directory
sh: /bin/kstat: No such file or directory
sh: /bin/kstat: No such file or directory
sh: /bin/kstat: No such file or directory
sh: /bin/kstat: No such file or directory
sh: /bin/kstat: No such file or directory
sh: /bin/kstat: No such file or directory
sh: /bin/kstat: No such file or directory
sh: /bin/kstat: No such file or directory
sh: /bin/kstat: No such file or directory
sh: /bin/kstat: No such file or directory
sh: /bin/kstat: No such file or directory
sh: /bin/kstat: No such file or directory
sh: /bin/kstat: No such file or directory
sh: /bin/kstat: No such file or directory
sh: /bin/kstat: No such file or directory
sh: /bin/kstat: No such file or directory
sh: /bin/kstat: No such file or directory
sh: /bin/kstat: No such file or directory
sh: /bin/kstat: No such file or directory
sh: /bin/kstat: No such file or directory
sh: /bin/kstat: No such file or directory
sh: /bin/kstat: No such file or directory
sh: /bin/kstat: No such file or directory
sh: /bin/kstat: No such file or directory
sh: /bin/kstat: No such file or directory
sh: /bin/kstat: No such file or directory
sh: /bin/kstat: No such file or directory
sh: /bin/kstat: No such file or directory
sh: /bin/kstat: No such file or directory
sh: /bin/kstat: No such file or directory
sh: /bin/kstat: No such file or directory
sh: /bin/kstat: No such file or directory
sh: /bin/kstat: No such file or directory
sh: /bin/kstat: No such file or directory
sh: /bin/kstat: No such file or directory
sh: /bin/kstat: No such file or directory
sh: /bin/kstat: No such file or directory
sh: /bin/kstat: No such file or directory
sh: /bin/kstat: No such file or directory
sh: /bin/kstat: No such file or directory
sh: /bin/kstat: No such file or directory
sh: /bin/kstat: No such file or directory
sh: /bin/kstat: No such file or directory
sh: /bin/kstat: No such file or directory
sh: /bin/kstat: No such file or directory
sh: /bin/kstat: No such file or directory
sh: /bin/kstat: No such file or directory
sh: /bin/kstat: No such file or directory
sh: /bin/kstat: No such file or directory
sh: /bin/kstat: No such file or directory
sh: /bin/kstat: No such file or directory
sh: /bin/kstat: No such file or directory
sh: /bin/kstat: No such file or directory
sh: /bin/kstat: No such file or directory
sh: /bin/kstat: No such file or directory
sh: /bin/kstat: No such file or directory
sh: /bin/kstat: No such file or directory
sh: /bin/kstat: No such file or directory
sh: /bin/kstat: No such file or directory
sh: /bin/kstat: No such file or directory
sh: /bin/kstat: No such file or directory
sh: /bin/kstat: No such file or directory
sh: /bin/kstat: No such file or directory
sh: /bin/kstat: No such file or directory
sh: /bin/kstat: No such file or directory
sh: /bin/kstat: No such file or directory
sh: /bin/kstat: No such file or directory
sh: /bin/kstat: No such file or directory
sh: /bin/kstat: No such file or directory
sh: /bin/kstat: No such file or directory
sh: /bin/kstat: No such file or directory
sh: /bin/kstat: No such file or directory
sh: /bin/kstat: No such file or directory
sh: /bin/kstat: No such file or directory
sh: /bin/kstat: No such file or directory
sh: /bin/kstat: No such file or directory
sh: /bin/kstat: No such file or directory
sh: /bin/kstat: No such file or directory
sh: /bin/kstat: No such file or directory
sh: /bin/kstat: No such file or directory
sh: /bin/kstat: No such file or directory
sh: /bin/kstat: No such file or directory
sh: /bin/kstat: No such file or directory
sh: /bin/kstat: No such file or directory
sh: /bin/kstat: No such file or directory
sh: /bin/kstat: No such file or directory
sh: /bin/kstat: No such file or directory
sh: /bin/kstat: No such file or directory
sh: /bin/kstat: No such file or directory
sh: /bin/kstat: No such file or directory
sh: /bin/kstat: No such file or directory
sh: /bin/kstat: No such file or directory
sh: /bin/kstat: No such file or directory
sh: /bin/kstat: No such file or directory
sh: /bin/kstat: No such file or directory
sh: /bin/kstat: No such file or directory
sh: /bin/kstat: No such file or directory
sh: /bin/kstat: No such file or directory
sh: /bin/kstat: No such file or directory
sh: /bin/kstat: No such file or directory
sh: /bin/kstat: No such file or directory
sh: /bin/kstat: No such file or directory
sh: /bin/kstat: No such file or directory
sh: /bin/kstat: No such file or directory
sh: /bin/kstat: No such file or directory
sh: /bin/kstat: No such file or directory
sh: /bin/kstat: No such file or directory
sh: /bin/kstat: No such file or directory
sh: /bin/kstat: No such file or directory
sh: /bin/kstat: No such file or directory
sh: /bin/kstat: No such file or directory
sh: /bin/kstat: No such file or directory
sh: /bin/kstat: No such file or directory
sh: /bin/kstat: No such file or directory
sh: /bin/kstat: No such file or directory
sh: /bin/kstat: No such file or directory
sh: /bin/kstat: No such file or directory
sh: /bin/kstat: No such file or directory
sh: /bin/kstat: No such file or directory
sh: /bin/kstat: No such file or directory
sh: /bin/kstat: No such file or directory
sh: /bin/kstat: No such file or directory
sh: /bin/kstat: No such file or directory
sh: /bin/kstat: No such file or directory
sh: /bin/kstat: No such file or directory
sh: /bin/kstat: No such file or directory
sh: /bin/kstat: No such file or directory
sh: /bin/kstat: No such file or directory
sh: /bin/kstat: No such file or directory
sh: /bin/kstat: No such file or directory
sh: /bin/kstat: No such file or directory
sh: /bin/kstat: No such file or directory
sh: /bin/kstat: No such file or directory
sh: /bin/kstat: No such file or directory
sh: /bin/kstat: No such file or directory
sh: /bin/kstat: No such file or directory
sh: /bin/kstat: No such file or directory
sh: /bin/kstat: No such file or directory
sh: /bin/kstat: No such file or directory
sh: /bin/kstat: No such file or directory
sh: /bin/kstat: No such file or directory
sh: /bin/kstat: No such file or directory
sh: /bin/kstat: No such file or directory
sh: /bin/kstat: No such file or directory
sh: /bin/kstat: No such file or directory
sh: /bin/kstat: No such file or directory
sh: /bin/kstat: No such file or directory
sh: /bin/kstat: No such file or directory
sh: /bin/kstat: No such file or directory
sh: /bin/kstat: No such file or directory
sh: /bin/kstat: No such file or directory
sh: /bin/kstat: No such file or directory
sh: /bin/kstat: No such file or directory
sh: /bin/kstat: No such file or directory
sh: /bin/kstat: No such file or directory
sh: /bin/kstat: No such file or directory
sh: /bin/kstat: No such file or directory
sh: /bin/kstat: No such file or directory
sh: /bin/kstat: No such file or directory
sh: /bin/kstat: No such file or directory
sh: /bin/kstat: No such file or directory
sh: /bin/kstat: No such file or directory
sh: /bin/kstat: No such file or directory
sh: /bin/kstat: No such file or directory
sh: /bin/kstat: No such file or directory
sh: /bin/kstat: No such file or directory
sh: /bin/kstat: No such file or directory
sh: /bin/kstat: No such file or directory
sh: /bin/kstat: No such file or directory
sh: /bin/kstat: No such file or directory
sh: /bin/kstat: No such file or directory
sh: /bin/kstat: No such file or directory
sh: /bin/kstat: No such file or directory
sh: /bin/kstat: No such file or directory
sh: /bin/kstat: No such file or directory
sh: /bin/kstat: No such file or directory
sh: /bin/kstat: No such file or directory
sh: /bin/kstat: No such file or directory
sh: /bin/kstat: No such file or directory
sh: /bin/kstat: No such file or directory
sh: /bin/kstat: No such file or directory
sh: /bin/kstat: No such file or directory
sh: /bin/kstat: No such file or directory
sh: /bin/kstat: No such file or directory
sh: /bin/kstat: No such file or directory
sh: /bin/kstat: No such file or directory
sh: /bin/kstat: No such file or directory
sh: /bin/kstat: No such file or directory
sh: /bin/kstat: No such file or directory
sh: /bin/kstat: No such file or directory
sh: /bin/kstat: No such file or directory
sh: /bin/kstat: No such file or directory
sh: /bin/kstat: No such file or directory
sh: /bin/kstat: No such file or directory
sh: /bin/kstat: No such file or directory
sh: /bin/kstat: No such file or directory
sh: /bin/kstat: No such file or directory
sh: /bin/kstat: No such file or directory
sh: /bin/kstat: No such file or directory
sh: /bin/kstat: No such file or directory
sh: /bin/kstat: No such file or directory
sh: /bin/kstat: No such file or directory
sh: /bin/kstat: No such file or directory
sh: /bin/kstat: No such file or directory
sh: /bin/kstat: No such file or directory
sh: /bin/kstat: No such file or directory
sh: /bin/kstat: No such file or directory
sh: /bin/kstat: No such file or directory
sh: /bin/kstat: No such file or directory
sh: /bin/kstat: No such file or directory
sh: /bin/kstat: No such file or directory
sh: /bin/kstat: No such file or directory
sh: /bin/kstat: No such file or directory
sh: /bin/kstat: No such file or directory
sh: /bin/kstat: No such file or directory
sh: /bin/kstat: No such file or directory
sh: /bin/kstat: No such file or directory
sh: /bin/kstat: No such file or directory
sh: /bin/kstat: No such file or directory
sh: /bin/kstat: No such file or directory
sh: /bin/kstat: No such file or directory
sh: /bin/kstat: No such file or directory
sh: /bin/kstat: No such file or directory
sh: /bin/kstat: No such file or directory
sh: /bin/kstat: No such file or directory
sh: /bin/kstat: No such file or directory
sh: /bin/kstat: No such file or directory
sh: /bin/kstat: No such file or directory
sh: /bin/kstat: No such file or directory
sh: /bin/kstat: No such file or directory
sh: /bin/kstat: No such file or directory
sh: /bin/kstat: No such file or directory
sh: /bin/kstat: No such file or directory
sh: /bin/kstat: No such file or directory
sh: /bin/kstat: No such file or directory
sh: /bin/kstat: No such file or directory
sh: /bin/kstat: No such file or directory
sh: /bin/kstat: No such file or directory
sh: /bin/kstat: No such file or directory
sh: /bin/kstat: No such file or directory
sh: /bin/kstat: No such file or directory
sh: /bin/kstat: No such file or directory
sh: /bin/kstat: No such file or directory
sh: /bin/kstat: No such file or directory
sh: /bin/kstat: No such file or directory
sh: /bin/kstat: No such file or directory
sh: /bin/kstat: No such file or directory
sh: /bin/kstat: No such file or directory
sh: /bin/kstat: No such file or directory
sh: /bin/kstat: No such file or directory
sh: /bin/kstat: No such file or directory
sh: /bin/kstat: No such file or directory
sh: /bin/kstat: No such file or directory
sh: /bin/kstat: No such file or directory
sh: /bin/kstat: No such file or directory
sh: /bin/kstat: No such file or directory
sh: /bin/kstat: No such file or directory
sh: /bin/kstat: No such file or directory
sh: /bin/kstat: No such file or directory
sh: /bin/kstat: No such file or directory
sh: /bin/kstat: No such file or directory
sh: /bin/kstat: No such file or directory
sh: /bin/kstat: No such file or directory
sh: /bin/kstat: No such file or directory
sh: /bin/kstat: No such file or directory
sh: /bin/kstat: No such file or directory
sh: /bin/kstat: No such file or directory
sh: /bin/kstat: No such file or directory
sh: /bin/kstat: No such file or directory
sh: /bin/kstat: No such file or directory
sh: /bin/kstat: No such file or directory
sh: /bin/kstat: No such file or directory
sh: /bin/kstat: No such file or directory
sh: /bin/kstat: No such file or directory
sh: /bin/kstat: No such file or directory
sh: /bin/kstat: No such file or directory
sh: /bin/kstat: No such file or directory
sh: /bin/kstat: No such file or directory
sh: /bin/kstat: No such file or directory
sh: /bin/kstat: No such file or directory
sh: /bin/kstat: No such file or directory
sh: /bin/kstat: No such file or directory
sh: /bin/kstat: No such file or directory
sh: /bin/kstat: No such file or directory
sh: /bin/kstat: No such file or directory
sh: /bin/kstat: No such file or directory
sh: /bin/kstat: No such file or directory
sh: /bin/kstat: No such file or directory
sh: /bin/kstat: No such file or directory
sh: /bin/kstat: No such file or directory
sh: /bin/kstat: No such file or directory
sh: /bin/kstat: No such file or directory
sh: /bin/kstat: No such file or directory
sh: /bin/kstat: No such file or directory
sh: /bin/kstat: No such file or directory
sh: /bin/kstat: No such file or directory
sh: /bin/kstat: No such file or directory
sh: /bin/kstat: No such file or directory
sh: /bin/kstat: No such file or directory
sh: /bin/kstat: No such file or directory
sh: /bin/kstat: No such file or directory
sh: /bin/kstat: No such file or directory
sh: /bin/kstat: No such file or directory
sh: /bin/kstat: No such file or directory
sh: /bin/kstat: No such file or directory
sh: /bin/kstat: No such file or directory
sh: /bin/kstat: No such file or directory
sh: /bin/kstat: No such file or directory
sh: /bin/kstat: No such file or directory
sh: /bin/kstat: No such file or directory
sh: /bin/kstat: No such file or directory
sh: /bin/kstat: No such file or directory
sh: /bin/kstat: No such file or directory
sh: /bin/kstat: No such file or directory
sh: /bin/kstat: No such file or directory
sh: /bin/kstat: No such file or directory
sh: /bin/kstat: No such file or directory
sh: /bin/kstat: No such file or directory
sh: /bin/kstat: No such file or directory
sh: /bin/kstat: No such file or directory
sh: /bin/kstat: No such file or directory
sh: /bin/kstat: No such file or directory
sh: /bin/kstat: No such file or directory
sh: /bin/kstat: No such file or directory
sh: /bin/kstat: No such file or directory
sh: /bin/kstat: No such file or directory
sh: /bin/kstat: No such file or directory
sh: /bin/kstat: No such file or directory
sh: /bin/kstat: No such file or directory
sh: /bin/kstat: No such file or directory
sh: /bin/kstat: No such file or directory
sh: /bin/kstat: No such file or directory
sh: /bin/kstat: No such file or directory
sh: /bin/kstat: No such file or directory
sh: /bin/kstat: No such file or directory
sh: /bin/kstat: No such file or directory
sh: /bin/kstat: No such file or directory
sh: /bin/kstat: No such file or directory
sh: /bin/kstat: No such file or directory
sh: /bin/kstat: No such file or directory
sh: /bin/kstat: No such file or directory
sh: /bin/kstat: No such file or directory
sh: /bin/kstat: No such file or directory
sh: /bin/kstat: No such file or directory
sh: /bin/kstat: No such file or directory
sh: /bin/kstat: No such file or directory
sh: /bin/kstat: No such file or directory
sh: /bin/kstat: No such file or directory
sh: /bin/kstat: No such file or directory
sh: /bin/kstat: No such file or directory
sh: /bin/kstat: No such file or directory
sh: /bin/kstat: No such file or directory
sh: /bin/kstat: No such file or directory
sh: /bin/kstat: No such file or directory
sh: /bin/kstat: No such file or directory
sh: /bin/kstat: No such file or directory
sh: /bin/kstat: No such file or directory
sh: /bin/kstat: No such file or directory
sh: /bin/kstat: No such file or directory
sh: /bin/kstat: No such file or directory
sh: /bin/kstat: No such file or directory
sh: /bin/kstat: No such file or directory
sh: /bin/kstat: No such file or directory
sh: /bin/kstat: No such file or directory
sh: /bin/kstat: No such file or directory
sh: /bin/kstat: No such file or directory
sh: /bin/kstat: No such file or directory
sh: /bin/kstat: No such file or directory
sh: /bin/kstat: No such file or directory
sh: /bin/kstat: No such file or directory
sh: /bin/kstat: No such file or directory
sh: /bin/kstat: No such file or directory
sh: /bin/kstat: No such file or directory
sh: /bin/kstat: No such file or directory
sh: /bin/kstat: No such file or directory
sh: /bin/kstat: No such file or directory
sh: /bin/kstat: No such file or directory
sh: /bin/kstat: No such file or directory
sh: /bin/kstat: No such file or directory
sh: /bin/kstat: No such file or directory
sh: /bin/kstat: No such file or directory
sh: /bin/kstat: No such file or directory
sh: /bin/kstat: No such file or directory
sh: /bin/kstat: No such file or directory
sh: /bin/kstat: No such file or directory
sh: /bin/kstat: No such file or directory
sh: /bin/kstat: No such file or directory
sh: /bin/kstat: No such file or directory
sh: /bin/kstat: No such file or directory
sh: /bin/kstat: No such file or directory
sh: /bin/kstat: No such file or directory
sh: /bin/kstat: No such file or directory
sh: /bin/kstat: No such file or directory
sh: /bin/kstat: No such file or directory
sh: /bin/kstat: No such file or directory
sh: /bin/kstat: No such file or directory
sh: /bin/kstat: No such file or directory
sh: /bin/kstat: No such file or directory
sh: /bin/kstat: No such file or directory
sh: /bin/kstat: No such file or directory
sh: /bin/kstat: No such file or directory
sh: /bin/kstat: No such file or directory
sh: /bin/kstat: No such file or directory
sh: /bin/kstat: No such file or directory
sh: /bin/kstat: No such file or directory
sh: /bin/kstat: No such file or directory
sh: /bin/kstat: No such file or directory
sh: /bin/kstat: No such file or directory
sh: /bin/kstat: No such file or directory
sh: /bin/kstat: No such file or directory
sh: /bin/kstat: No such file or directory
sh: /bin/kstat: No such file or directory
sh: /bin/kstat: No such file or directory
sh: /bin/kstat: No such file or directory
sh: /bin/kstat: No such file or directory
sh: /bin/kstat: No such file or directory
sh: /bin/kstat: No such file or directory
sh: /bin/kstat: No such file or directory
sh: /bin/kstat: No such file or directory
sh: /bin/kstat: No such file or directory
sh: /bin/kstat: No such file or directory
sh: /bin/kstat: No such file or directory
sh: /bin/kstat: No such file or directory
sh: /bin/kstat: No such file or directory
sh: /bin/kstat: No such file or directory
sh: /bin/kstat: No such file or directory
sh: /bin/kstat: No such file or directory
sh: /bin/kstat: No such file or directory
sh: /bin/kstat: No such file or directory
sh: /bin/kstat: No such file or directory
sh: /bin/kstat: No such file or directory
sh: /bin/kstat: No such file or directory
sh: /bin/kstat: No such file or directory
sh: /bin/kstat: No such file or directory
sh: /bin/kstat: No such file or directory
sh: /bin/kstat: No such file or directory
sh: /bin/kstat: No such file or directory
sh: /bin/kstat: No such file or directory
sh: /bin/kstat: No such file or directory
sh: /bin/kstat: No such file or directory
sh: /bin/kstat: No such file or directory
sh: /bin/kstat: No such file or directory
sh: /bin/kstat: No such file or directory
sh: /bin/kstat: No such file or directory
sh: /bin/kstat: No such file or directory
sh: /bin/kstat: No such file or directory
sh: /bin/kstat: No such file or directory
sh: /bin/kstat: No such file or directory
sh: /bin/kstat: No such file or directory
sh: /bin/kstat: No such file or directory
sh: /bin/kstat: No such file or directory
sh: /bin/kstat: No such file or directory
sh: /bin/kstat: No such file or directory
sh: /bin/kstat: No such file or directory
sh: /bin/kstat: No such file or directory
sh: /bin/kstat: No such file or directory
sh: /bin/kstat: No such file or directory
sh: /bin/kstat: No such file or directory
sh: /bin/kstat: No such file or directory
sh: /bin/kstat: No such file or directory
sh: /bin/kstat: No such file or directory
sh: /bin/kstat: No such file or directory
sh: /bin/kstat: No such file or directory
sh: /bin/kstat: No such file or directory
sh: /bin/kstat: No such file or directory
sh: /bin/kstat: No such file or directory
sh: /bin/kstat: No such file or directory
sh: /bin/kstat: No such file or directory
sh: /bin/kstat: No such file or directory
sh: /bin/kstat: No such file or directory
sh: /bin/kstat: No such file or directory
sh: /bin/kstat: No such file or directory
sh: /bin/kstat: No such file or directory
sh: /bin/kstat: No such file or directory
sh: /bin/kstat: No such file or directory
sh: /bin/kstat: No such file or directory
sh: /bin/kstat: No such file or directory
sh: /bin/kstat: No such file or directory
sh: /bin/kstat: No such file or directory
sh: /bin/kstat: No such file or directory
sh: /bin/kstat: No such file or directory
sh: /bin/kstat: No such file or directory
sh: /bin/kstat: No such file or directory
sh: /bin/kstat: No such file or directory
sh: /bin/kstat: No such file or directory
sh: /bin/kstat: No such file or directory
sh: /bin/kstat: No such file or directory
sh: /bin/kstat: No such file or directory
sh: /bin/kstat: No such file or directory
sh: /bin/kstat: No such file or directory
sh: /bin/kstat: No such file or directory
sh: /bin/kstat: No such file or directory
sh: /bin/kstat: No such file or directory
sh: /bin/kstat: No such file or directory
sh: /bin/kstat: No such file or directory
sh: /bin/kstat: No such file or directory
sh: /bin/kstat: No such file or directory
sh: /bin/kstat: No such file or directory
sh: /bin/kstat: No such file or directory
sh: /bin/kstat: No such file or directory
sh: /bin/kstat: No such file or directory
sh: /bin/kstat: No such file or directory
sh: /bin/kstat: No such file or directory
sh: /bin/kstat: No such file or directory
sh: /bin/kstat: No such file or directory
sh: /bin/kstat: No such file or directory
sh: /bin/kstat: No such file or directory
sh: /bin/kstat: No such file or directory
sh: /bin/kstat: No such file or directory
sh: /bin/kstat: No such file or directory
sh: /bin/kstat: No such file or directory
sh: /bin/kstat: No such file or directory
sh: /bin/kstat: No such file or directory
sh: /bin/kstat: No such file or directory
sh: /bin/kstat: No such file or directory
sh: /bin/kstat: No such file or directory
sh: /bin/kstat: No such file or directory
sh: /bin/kstat: No such file or directory
sh: /bin/kstat: No such file or directory
sh: /bin/kstat: No such file or directory
sh: /bin/kstat: No such file or directory
sh: /bin/kstat: No such file or directory
sh: /bin/kstat: No such file or directory
sh: /bin/kstat: No such file or directory
sh: /bin/kstat: No such file or directory
sh: /bin/kstat: No such file or directory
sh: /bin/kstat: No such file or directory
sh: /bin/kstat: No such file or directory
sh: /bin/kstat: No such file or directory
sh: /bin/kstat: No such file or directory
sh: /bin/kstat: No such file or directory
sh: /bin/kstat: No such file or directory
sh: /bin/kstat: No such file or directory
sh: /bin/kstat: No such file or directory
sh: /bin/kstat: No such file or directory
sh: /bin/kstat: No such file or directory
sh: /bin/kstat: No such file or directory
sh: /bin/kstat: No such file or directory
sh: /bin/kstat: No such file or directory
sh: /bin/kstat: No such file or directory
sh: /bin/kstat: No such file or directory
sh: /bin/kstat: No such file or directory
sh: /bin/kstat: No such file or directory
sh: /bin/kstat: No such file or directory
sh: /bin/kstat: No such file or directory
sh: /bin/kstat: No such file or directory
sh: /bin/kstat: No such file or directory
sh: /bin/kstat: No such file or directory
sh: /bin/kstat: No such file or directory
sh: /bin/kstat: No such file or directory
sh: /bin/kstat: No such file or directory
sh: /bin/kstat: No such file or directory
sh: /bin/kstat: No such file or directory
sh: /bin/kstat: No such file or directory
sh: /bin/kstat: No such file or directory
sh: /bin/kstat: No such file or directory
sh: /bin/kstat: No such file or directory
sh: /bin/kstat: No such file or directory
sh: /bin/kstat: No such file or directory
sh: /bin/kstat: No such file or directory
sh: /bin/kstat: No such file or directory
sh: /bin/kstat: No such file or directory
sh: /bin/kstat: No such file or directory
sh: /bin/kstat: No such file or directory
sh: /bin/kstat: No such file or directory
sh: /bin/kstat: No such file or directory
sh: /bin/kstat: No such file or directory
sh: /bin/kstat: No such file or directory
sh: /bin/kstat: No such file or directory
sh: /bin/kstat: No such file or directory
sh: /bin/kstat: No such file or directory
sh: /bin/kstat: No such file or directory
sh: /bin/kstat: No such file or directory
sh: /bin/kstat: No such file or directory
sh: /bin/kstat: No such file or directory
sh: /bin/kstat: No such file or directory
sh: /bin/kstat: No such file or directory
sh: /bin/kstat: No such file or directory
sh: /bin/kstat: No such file or directory
sh: /bin/kstat: No such file or directory
sh: /bin/kstat: No such file or directory
sh: /bin/kstat: No such file or directory
sh: /bin/kstat: No such file or directory
sh: /bin/kstat: No such file or directory
sh: /bin/kstat: No such file or directory
sh: /bin/kstat: No such file or directory
sh: /bin/kstat: No such file or directory
sh: /bin/kstat: No such file or directory
sh: /bin/kstat: No such file or directory
sh: /bin/kstat: No such file or directory
sh: /bin/kstat: No such file or directory
sh: /bin/kstat: No such file or directory
sh: /bin/kstat: No such file or directory
sh: /bin/kstat: No such file or directory
sh: /bin/kstat: No such file or directory
sh: /bin/kstat: No such file or directory
sh: /bin/kstat: No such file or directory
sh: /bin/kstat: No such file or directory
sh: /bin/kstat: No such file or directory
sh: /bin/kstat: No such file or directory
sh: /bin/kstat: No such file or directory
sh: /bin/kstat: No such file or directory
sh: /bin/kstat: No such file or directory
sh: /bin/kstat: No such file or directory
sh: /bin/kstat: No such file or directory
sh: /bin/kstat: No such file or directory
sh: /bin/kstat: No such file or directory
sh: /bin/kstat: No such file or directory
sh: /bin/kstat: No such file or directory
sh: /bin/kstat: No such file or directory
sh: /bin/kstat: No such file or directory
sh: /bin/kstat: No such file or directory
sh: /bin/kstat: No such file or directory
sh: /bin/kstat: No such file or directory
sh: /bin/kstat: No such file or directory
sh: /bin/kstat: No such file or directory
sh: /bin/kstat: No such file or directory
sh: /bin/kstat: No such file or directory
sh: /bin/kstat: No such file or directory
sh: /bin/kstat: No such file or directory
sh: /bin/kstat: No such file or directory
sh: /bin/kstat: No such file or directory
sh: /bin/kstat: No such file or directory
sh: /bin/kstat: No such file or directory
sh: /bin/kstat: No such file or directory
sh: /bin/kstat: No such file or directory
sh: /bin/kstat: No such file or directory
sh: /bin/kstat: No such file or directory
sh: /bin/kstat: No such file or directory
sh: /bin/kstat: No such file or directory
sh: /bin/kstat: No such file or directory
sh: /bin/kstat: No such file or directory
sh: /bin/kstat: No such file or directory
sh: /bin/kstat: No such file or directory
sh: /bin/kstat: No such file or directory
sh: /bin/kstat: No such file or directory
sh: /bin/kstat: No such file or directory
sh: /bin/kstat: No such file or directory
sh: /bin/kstat: No such file or directory
sh: /bin/kstat: No such file or directory
sh: /bin/kstat: No such file or directory
sh: /bin/kstat: No such file or directory
sh: /bin/kstat: No such file or directory
sh: /bin/kstat: No such file or directory
sh: /bin/kstat: No such file or directory
sh: /bin/kstat: No such file or directory
sh: /bin/kstat: No such file or directory
sh: /bin/kstat: No such file or directory
sh: /bin/kstat: No such file or directory
sh: /bin/kstat: No such file or directory
sh: /bin/kstat: No such file or directory
sh: /bin/kstat: No such file or directory
sh: /bin/kstat: No such file or directory
sh: /bin/kstat: No such file or directory
sh: /bin/kstat: No such file or directory
sh: /bin/kstat: No such file or directory
sh: /bin/kstat: No such file or directory
sh: /bin/kstat: No such file or directory
sh: /bin/kstat: No such file or directory
sh: /bin/kstat: No such file or directory
sh: /bin/kstat: No such file or directory
sh: /bin/kstat: No such file or directory
sh: /bin/kstat: No such file or directory
sh: /bin/kstat: No such file or directory
sh: /bin/kstat: No such file or directory
sh: /bin/kstat: No such file or directory
sh: /bin/kstat: No such file or directory
sh: /bin/kstat: No such file or directory
sh: /bin/kstat: No such file or directory
sh: /bin/kstat: No such file or directory
sh: /bin/kstat: No such file or directory
sh: /bin/kstat: No such file or directory
sh: /bin/kstat: No such file or directory
sh: /bin/kstat: No such file or directory
sh: /bin/kstat: No such file or directory
sh: /bin/kstat: No such file or directory
sh: /bin/kstat: No such file or directory
sh: /bin/kstat: No such file or directory
sh: /bin/kstat: No such file or directory
sh: /bin/kstat: No such file or directory
sh: /bin/kstat: No such file or directory
sh: /bin/kstat: No such file or directory
sh: /bin/kstat: No such file or directory
sh: /bin/kstat: No such file or directory
sh: /bin/kstat: No such file or directory
sh: /bin/kstat: No such file or directory
sh: /bin/kstat: No such file or directory
sh: /bin/kstat: No such file or directory
sh: /bin/kstat: No such file or directory
sh: /bin/kstat: No such file or directory
sh: /bin/kstat: No such file or directory
sh: /bin/kstat: No such file or directory
sh: /bin/kstat: No such file or directory
sh: /bin/kstat: No such file or directory
sh: /bin/kstat: No such file or directory
sh: /bin/kstat: No such file or directory
sh: /bin/kstat: No such file or directory
sh: /bin/kstat: No such file or directory
sh: /bin/kstat: No such file or directory
sh: /bin/kstat: No such file or directory
sh: /bin/kstat: No such file or directory
sh: /bin/kstat: No such file or directory
sh: /bin/kstat: No such file or directory
sh: /bin/kstat: No such file or directory
sh: /bin/kstat: No such file or directory
sh: /bin/kstat: No such file or directory
sh: /bin/kstat: No such file or directory
sh: /bin/kstat: No such file or directory
sh: /bin/kstat: No such file or directory
sh: /bin/kstat: No such file or directory
sh: /bin/kstat: No such file or directory
sh: /bin/kstat: No such file or directory
sh: /bin/kstat: No such file or directory
sh: /bin/kstat: No such file or directory
sh: /bin/kstat: No such file or directory
sh: /bin/kstat: No such file or directory
sh: /bin/kstat: No such file or directory
sh: /bin/kstat: No such file or directory
sh: /bin/kstat: No such file or directory
sh: /bin/kstat: No such file or directory
sh: /bin/kstat: No such file or directory
sh: /bin/kstat: No such file or directory
sh: /bin/kstat: No such file or directory
sh: /bin/kstat: No such file or directory
sh: /bin/kstat: No such file or directory
sh: /bin/kstat: No such file or directory
sh: /bin/kstat: No such file or directory
sh: /bin/kstat: No such file or directory
sh: /bin/kstat: No such file or directory
sh: /bin/kstat: No such file or directory
sh: /bin/kstat: No such file or directory
sh: /bin/kstat: No such file or directory
sh: /bin/kstat: No such file or directory
sh: /bin/kstat: No such file or directory
sh: /bin/kstat: No such file or directory
sh: /bin/kstat: No such file or directory
sh: /bin/kstat: No such file or directory
sh: /bin/kstat: No such file or directory
sh: /bin/kstat: No such file or directory
sh: /bin/kstat: No such file or directory
sh: /bin/kstat: No such file or directory
sh: /bin/kstat: No such file or directory
sh: /bin/kstat: No such file or directory
sh: /bin/kstat: No such file or directory
sh: /bin/kstat: No such file or directory
sh: /bin/kstat: No such file or directory
sh: /bin/kstat: No such file or directory
sh: /bin/kstat: No such file or directory
sh: /bin/kstat: No such file or directory
sh: /bin/kstat: No such file or directory
sh: /bin/kstat: No such file or directory
sh: /bin/kstat: No such file or directory
sh: /bin/kstat: No such file or directory
sh: /bin/kstat: No such file or directory
sh: /bin/kstat: No such file or directory
sh: /bin/kstat: No such file or directory
sh: /bin/kstat: No such file or directory
sh: /bin/kstat: No such file or directory
sh: /bin/kstat: No such file or directory
sh: /bin/kstat: No such file or directory
sh: /bin/kstat: No such file or directory
sh: /bin/kstat: No such file or directory
sh: /bin/kstat: No such file or directory
sh: /bin/kstat: No such file or directory
sh: /bin/kstat: No such file or directory
sh: /bin/kstat: No such file or directory
sh: /bin/kstat: No such file or directory
sh: /bin/kstat: No such file or directory
sh: /bin/kstat: No such file or directory
sh: /bin/kstat: No such file or directory
sh: /bin/kstat: No such file or directory
sh: /bin/kstat: No such file or directory
sh: /bin/kstat: No such file or directory
sh: /bin/kstat: No such file or directory
sh: /bin/kstat: No such file or directory
sh: /bin/kstat: No such file or directory
sh: /bin/kstat: No such file or directory
sh: /bin/kstat: No such file or directory
sh: /bin/kstat: No such file or directory
sh: /bin/kstat: No such file or directory
sh: /bin/kstat: No such file or directory
sh: /bin/kstat: No such file or directory
sh: /bin/kstat: No such file or directory
sh: /bin/kstat: No such file or directory
sh: /bin/kstat: No such file or directory
sh: /bin/kstat: No such file or directory
sh: /bin/kstat: No such file or directory
sh: /bin/kstat: No such file or directory
sh: /bin/kstat: No such file or directory
sh: /bin/kstat: No such file or directory
sh: /bin/kstat: No such file or directory
sh: /bin/kstat: No such file or directory
sh: /bin/kstat: No such file or directory
sh: /bin/kstat: No such file or directory
sh: /bin/kstat: No such file or directory
sh: /bin/kstat: No such file or directory
sh: /bin/kstat: No such file or directory
sh: /bin/kstat: No such file or directory
sh: /bin/kstat: No such file or directory
sh: /bin/kstat: No such file or directory
sh: /bin/kstat: No such file or directory
sh: /bin/kstat: No such file or directory
sh: /bin/kstat: No such file or directory
sh: /bin/kstat: No such file or directory
sh: /bin/kstat: No such file or directory
sh: /bin/kstat: No such file or directory
sh: /bin/kstat: No such file or directory
sh: /bin/kstat: No such file or directory
sh: /bin/kstat: No such file or directory
sh: /bin/kstat: No such file or directory
sh: /bin/kstat: No such file or directory
sh: /bin/kstat: No such file or directory
sh: /bin/kstat: No such file or directory
sh: /bin/kstat: No such file or directory
sh: /bin/kstat: No such file or directory
sh: /bin/kstat: No such file or directory
sh: /bin/kstat: No such file or directory
sh: /bin/kstat: No such file or directory
sh: /bin/kstat: No such file or directory
sh: /bin/kstat: No such file or directory
sh: /bin/kstat: No such file or directory
sh: /bin/kstat: No such file or directory
sh: /bin/kstat: No such file or directory
sh: /bin/kstat: No such file or directory
sh: /bin/kstat: No such file or directory
sh: /bin/kstat: No such file or directory
sh: /bin/kstat: No such file or directory
sh: /bin/kstat: No such file or directory
sh: /bin/kstat: No such file or directory
sh: /bin/kstat: No such file or directory
sh: /bin/kstat: No such file or directory
sh: /bin/kstat: No such file or directory
sh: /bin/kstat: No such file or directory
sh: /bin/kstat: No such file or directory
sh: /bin/kstat: No such file or directory
sh: /bin/kstat: No such file or directory
sh: /bin/kstat: No such file or directory
sh: /bin/kstat: No such file or directory
sh: /bin/kstat: No such file or directory
sh: /bin/kstat: No such file or directory
sh: /bin/kstat: No such file or directory
sh: /bin/kstat: No such file or directory
sh: /bin/kstat: No such file or directory
sh: /bin/kstat: No such file or directory
sh: /bin/kstat: No such file or directory
sh: /bin/kstat: No such file or directory
sh: /bin/kstat: No such file or directory
sh: /bin/kstat: No such file or directory
sh: /bin/kstat: No such file or directory
sh: /bin/kstat: No such file or directory
sh: /bin/kstat: No such file or directory
sh: /bin/kstat: No such file or directory
sh: /bin/kstat: No such file or directory
sh: /bin/kstat: No such file or directory
sh: /bin/kstat: No such file or directory
sh: /bin/kstat: No such file or directory
sh: /bin/kstat: No such file or directory
sh: /bin/kstat: No such file or directory
sh: /bin/kstat: No such file or directory
sh: /bin/kstat: No such file or directory
sh: /bin/kstat: No such file or directory
sh: /bin/kstat: No such file or directory
sh: /bin/kstat: No such file or directory
sh: /bin/kstat: No such file or directory
sh: /bin/kstat: No such file or directory
sh: /bin/kstat: No such file or directory
sh: /bin/kstat: No such file or directory
sh: /bin/kstat: No such file or directory
sh: /bin/kstat: No such file or directory
sh: /bin/kstat: No such file or directory
sh: /bin/kstat: No such file or directory
sh: /bin/kstat: No such file or directory
sh: /bin/kstat: No such file or directory
sh: /bin/kstat: No such file or directory
sh: /bin/kstat: No such file or directory
sh: /bin/kstat: No such file or directory
sh: /bin/kstat: No such file or directory
sh: /bin/kstat: No such file or directory
sh: /bin/kstat: No such file or directory
sh: /bin/kstat: No such file or directory
sh: /bin/kstat: No such file or directory
sh: /bin/kstat: No such file or directory
sh: /bin/kstat: No such file or directory
sh: /bin/kstat: No such file or directory
sh: /bin/kstat: No such file or directory
sh: /bin/kstat: No such file or directory
sh: /bin/kstat: No such file or directory
sh: /bin/kstat: No such file or directory
sh: /bin/kstat: No such file or directory
sh: /bin/kstat: No such file or directory
sh: /bin/kstat: No such file or directory
sh: /bin/kstat: No such file or directory
sh: /bin/kstat: No such file or directory
sh: /bin/kstat: No such file or directory
sh: /bin/kstat: No such file or directory
sh: /bin/kstat: No such file or directory
sh: /bin/kstat: No such file or directory
sh: /bin/kstat: No such file or directory
sh: /bin/kstat: No such file or directory
sh: /bin/kstat: No such file or directory
sh: /bin/kstat: No such file or directory
sh: /bin/kstat: No such file or directory
sh: /bin/kstat: No such file or directory
sh: /bin/kstat: No such file or directory
sh: /bin/kstat: No such file or directory
sh: /bin/kstat: No such file or directory
sh: /bin/kstat: No such file or directory
sh: /bin/kstat: No such file or directory
sh: /bin/kstat: No such file or directory
sh: /bin/kstat: No such file or directory
sh: /bin/kstat: No such file or directory
sh: /bin/kstat: No such file or directory
sh: /bin/kstat: No such file or directory
sh: /bin/kstat: No such file or directory
sh: /bin/kstat: No such file or directory
sh: /bin/kstat: No such file or directory
sh: /bin/kstat: No such file or directory
sh: /bin/kstat: No such file or directory
sh: /bin/kstat: No such file or directory
sh: /bin/kstat: No such file or directory
sh: /bin/kstat: No such file or directory
sh: /bin/kstat: No such file or directory
sh: /bin/kstat: No such file or directory
sh: /bin/kstat: No such file or directory
sh: /bin/kstat: No such file or directory
sh: /bin/kstat: No such file or directory
sh: /bin/kstat: No such file or directory
sh: /bin/kstat: No such file or directory
sh: /bin/kstat: No such file or directory
sh: /bin/kstat: No such file or directory
sh: /bin/kstat: No such file or directory
sh: /bin/kstat: No such file or directory
sh: /bin/kstat: No such file or directory
sh: /bin/kstat: No such file or directory
sh: /bin/kstat: No such file or directory
sh: /bin/kstat: No such file or directory
sh: /bin/kstat: No such file or directory
sh: /bin/kstat: No such file or directory
sh: /bin/kstat: No such file or directory
sh: /bin/kstat: No such file or directory
sh: /bin/kstat: No such file or directory
sh: /bin/kstat: No such file or directory
sh: /bin/kstat: No such file or directory
sh: /bin/kstat: No such file or directory
sh: /bin/kstat: No such file or directory
sh: /bin/kstat: No such file or directory
sh: /bin/kstat: No such file or directory
sh: /bin/kstat: No such file or directory
sh: /bin/kstat: No such file or directory
sh: /bin/kstat: No such file or directory
sh: /bin/kstat: No such file or directory
sh: /bin/kstat: No such file or directory
sh: /bin/kstat: No such file or directory
sh: /bin/kstat: No such file or directory
sh: /bin/kstat: No such file or directory
sh: /bin/kstat: No such file or directory
sh: /bin/kstat: No such file or directory
sh: /bin/kstat: No such file or directory
sh: /bin/kstat: No such file or directory
sh: /bin/kstat: No such file or directory
sh: /bin/kstat: No such file or directory
sh: /bin/kstat: No such file or directory
sh: /bin/kstat: No such file or directory
sh: /bin/kstat: No such file or directory
sh: /bin/kstat: No such file or directory
sh: /bin/kstat: No such file or directory
sh: /bin/kstat: No such file or directory
sh: /bin/kstat: No such file or directory
sh: /bin/kstat: No such file or directory
sh: /bin/kstat: No such file or directory
sh: /bin/kstat: No such file or directory
sh: /bin/kstat: No such file or directory
sh: /bin/kstat: No such file or directory
sh: /bin/kstat: No such file or directory
sh: /bin/kstat: No such file or directory
sh: /bin/kstat: No such file or directory
sh: /bin/kstat: No such file or directory
sh: /bin/kstat: No such file or directory
sh: /bin/kstat: No such file or directory
sh: /bin/kstat: No such file or directory
sh: /bin/kstat: No such file or directory
sh: /bin/kstat: No such file or directory
sh: /bin/kstat: No such file or directory
sh: /bin/kstat: No such file or directory
sh: /bin/kstat: No such file or directory
sh: /bin/kstat: No such file or directory
sh: /bin/kstat: No such file or directory
sh: /bin/kstat: No such file or directory
sh: /bin/kstat: No such file or directory
sh: /bin/kstat: No such file or directory
sh: /bin/kstat: No such file or directory
sh: /bin/kstat: No such file or directory
sh: /bin/kstat: No such file or directory
sh: /bin/kstat: No such file or directory
sh: /bin/kstat: No such file or directory
sh: /bin/kstat: No such file or directory
sh: /bin/kstat: No such file or directory
sh: /bin/kstat: No such file or directory
sh: /bin/kstat: No such file or directory
sh: /bin/kstat: No such file or directory
sh: /bin/kstat: No such file or directory
sh: /bin/kstat: No such file or directory
sh: /bin/kstat: No such file or directory
sh: /bin/kstat: No such file or directory
sh: /bin/kstat: No such file or directory
sh: /bin/kstat: No such file or directory
sh: /bin/kstat: No such file or directory
sh: /bin/kstat: No such file or directory
sh: /bin/kstat: No such file or directory
sh: /bin/kstat: No such file or directory
sh: /bin/kstat: No such file or directory
sh: /bin/kstat: No such file or directory
sh: /bin/kstat: No such file or directory
sh: /bin/kstat: No such file or directory
sh: /bin/kstat: No such file or directory
sh: /bin/kstat: No such file or directory
sh: /bin/kstat: No such file or directory
sh: /bin/kstat: No such file or directory
sh: /bin/kstat: No such file or directory
sh: /bin/kstat: No such file or directory
sh: /bin/kstat: No such file or directory
sh: /bin/kstat: No such file or directory
sh: /bin/kstat: No such file or directory
sh: /bin/kstat: No such file or directory
sh: /bin/kstat: No such file or directory
sh: /bin/kstat: No such file or directory
sh: /bin/kstat: No such file or directory
sh: /bin/kstat: No such file or directory
sh: /bin/kstat: No such file or directory
sh: /bin/kstat: No such file or directory
sh: /bin/kstat: No such file or directory
sh: /bin/kstat: No such file or directory
sh: /bin/kstat: No such file or directory
sh: /bin/kstat: No such file or directory
sh: /bin/kstat: No such file or directory
sh: /bin/kstat: No such file or directory
sh: /bin/kstat: No such file or directory
sh: /bin/kstat: No such file or directory
sh: /bin/kstat: No such file or directory
sh: /bin/kstat: No such file or directory
sh: /bin/kstat: No such file or directory
sh: /bin/kstat: No such file or directory
sh: /bin/kstat: No such file or directory
sh: /bin/kstat: No such file or directory
sh: /bin/kstat: No such file or directory
sh: /bin/kstat: No such file or directory
sh: /bin/kstat: No such file or directory
sh: /bin/kstat: No such file or directory
sh: /bin/kstat: No such file or directory
sh: /bin/kstat: No such file or directory
sh: /bin/kstat: No such file or directory
sh: /bin/kstat: No such file or directory
sh: /bin/kstat: No such file or directory
sh: /bin/kstat: No such file or directory
sh: /bin/kstat: No such file or directory
sh: /bin/kstat: No such file or directory
sh: /bin/kstat: No such file or directory
sh: /bin/kstat: No such file or directory
sh: /bin/kstat: No such file or directory
sh: /bin/kstat: No such file or directory
sh: /bin/kstat: No such file or directory
sh: /bin/kstat: No such file or directory
sh: /bin/kstat: No such file or directory
sh: /bin/kstat: No such file or directory
sh: /bin/kstat: No such file or directory
sh: /bin/kstat: No such file or directory
sh: /bin/kstat: No such file or directory
sh: /bin/kstat: No such file or directory
sh: /bin/kstat: No such file or directory
sh: /bin/kstat: No such file or directory
sh: /bin/kstat: No such file or directory
sh: /bin/kstat: No such file or directory
sh: /bin/kstat: No such file or directory
sh: /bin/kstat: No such file or directory
sh: /bin/kstat: No such file or directory
sh: /bin/kstat: No such file or directory
sh: /bin/kstat: No such file or directory
sh: /bin/kstat: No such file or directory
sh: /bin/kstat: No such file or directory
sh: /bin/kstat: No such file or directory
sh: /bin/kstat: No such file or directory
sh: /bin/kstat: No such file or directory
sh: /bin/kstat: No such file or directory
sh: /bin/kstat: No such file or directory
sh: /bin/kstat: No such file or directory
sh: /bin/kstat: No such file or directory
sh: /bin/kstat: No such file or directory
sh: /bin/kstat: No such file or directory
sh: /bin/kstat: No such file or directory
sh: /bin/kstat: No such file or directory
sh: /bin/kstat: No such file or directory
sh: /bin/kstat: No such file or directory
sh: /bin/kstat: No such file or directory
sh: /bin/kstat: No such file or directory
sh: /bin/kstat: No such file or directory
sh: /bin/kstat: No such file or directory
sh: /bin/kstat: No such file or directory
sh: /bin/kstat: No such file or directory
sh: /bin/kstat: No such file or directory
sh: /bin/kstat: No such file or directory
sh: /bin/kstat: No such file or directory
sh: /bin/kstat: No such file or directory
sh: /bin/kstat: No such file or directory
sh: /bin/kstat: No such file or directory
sh: /bin/kstat: No such file or directory
sh: /bin/kstat: No such file or directory
sh: /bin/kstat: No such file or directory
sh: /bin/kstat: No such file or directory
sh: /bin/kstat: No such file or directory
sh: /bin/kstat: No such file or directory
sh: /bin/kstat: No such file or directory
sh: /bin/kstat: No such file or directory
sh: /bin/kstat: No such file or directory
sh: /bin/kstat: No such file or directory
sh: /bin/kstat: No such file or directory
sh: /bin/kstat: No such file or directory
sh: /bin/kstat: No such file or directory
sh: /bin/kstat: No such file or directory
sh: /bin/kstat: No such file or directory
sh: /bin/kstat: No such file or directory
sh: /bin/kstat: No such file or directory
sh: /bin/kstat: No such file or directory
sh: /bin/kstat: No such file or directory
sh: /bin/kstat: No such file or directory
sh: /bin/kstat: No such file or directory
sh: /bin/kstat: No such file or directory
sh: /bin/kstat: No such file or directory
sh: /bin/kstat: No such file or directory
sh: /bin/kstat: No such file or directory
sh: /bin/kstat: No such file or directory
sh: /bin/kstat: No such file or directory
sh: /bin/kstat: No such file or directory
sh: /bin/kstat: No such file or directory
sh: /bin/kstat: No such file or directory
sh: /bin/kstat: No such file or directory
sh: /bin/kstat: No such file or directory
sh: /bin/kstat: No such file or directory
sh: /bin/kstat: No such file or directory
sh: /bin/kstat: No such file or directory
sh: /bin/kstat: No such file or directory
sh: /bin/kstat: No such file or directory
sh: /bin/kstat: No such file or directory
sh: /bin/kstat: No such file or directory
sh: /bin/kstat: No such file or directory
sh: /bin/kstat: No such file or directory
sh: /bin/kstat: No such file or directory
sh: /bin/kstat: No such file or directory
sh: /bin/kstat: No such file or directory
sh: /bin/kstat: No such file or directory
sh: /bin/kstat: No such file or directory
sh: /bin/kstat: No such file or directory
sh: /bin/kstat: No such file or directory
sh: /bin/kstat: No such file or directory
sh: /bin/kstat: No such file or directory
sh: /bin/kstat: No such file or directory
sh: /bin/kstat: No such file or directory
sh: /bin/kstat: No such file or directory
sh: /bin/kstat: No such file or directory
sh: /bin/kstat: No such file or directory
sh: /bin/kstat: No such file or directory
sh: /bin/kstat: No such file or directory
sh: /bin/kstat: No such file or directory
sh: /bin/kstat: No such file or directory
sh: /bin/kstat: No such file or directory
sh: /bin/kstat: No such file or directory
sh: /bin/kstat: No such file or directory
sh: /bin/kstat: No such file or directory
sh: /bin/kstat: No such file or directory
sh: /bin/kstat: No such file or directory
sh: /bin/kstat: No such file or directory
sh: /bin/kstat: No such file or directory
sh: /bin/kstat: No such file or directory
sh: /bin/kstat: No such file or directory
sh: /bin/kstat: No such file or directory
sh: /bin/kstat: No such file or directory
sh: /bin/kstat: No such file or directory
sh: /bin/kstat: No such file or directory
sh: /bin/kstat: No such file or directory
sh: /bin/kstat: No such file or directory
sh: /bin/kstat: No such file or directory
sh: /bin/kstat: No such file or directory
sh: /bin/kstat: No such file or directory
sh: /bin/kstat: No such file or directory
sh: /bin/kstat: No such file or directory
sh: /bin/kstat: No such file or directory
sh: /bin/kstat: No such file or directory
sh: /bin/kstat: No such file or directory
sh: /bin/kstat: No such file or directory
sh: /bin/kstat: No such file or directory
sh: /bin/kstat: No such file or directory
sh: /bin/kstat: No such file or directory
sh: /bin/kstat: No such file or directory
sh: /bin/kstat: No such file or directory
sh: /bin/kstat: No such file or directory
sh: /bin/kstat: No such file or directory
sh: /bin/kstat: No such file or directory
sh: /bin/kstat: No such file or directory
sh: /bin/kstat: No such file or directory
sh: /bin/kstat: No such file or directory
sh: /bin/kstat: No such file or directory
sh: /bin/kstat: No such file or directory
sh: /bin/kstat: No such file or directory
sh: /bin/kstat: No such file or directory
sh: /bin/kstat: No such file or directory
sh: /bin/kstat: No such file or directory
sh: /bin/kstat: No such file or directory
sh: /bin/kstat: No such file or directory
sh: /bin/kstat: No such file or directory
sh: /bin/kstat: No such file or directory
sh: /bin/kstat: No such file or directory
sh: /bin/kstat: No such file or directory
sh: /bin/kstat: No such file or directory
sh: /bin/kstat: No such file or directory
sh: /bin/kstat: No such file or directory
sh: /bin/kstat: No such file or directory
sh: /bin/kstat: No such file or directory
sh: /bin/kstat: No such file or directory
sh: /bin/kstat: No such file or directory
sh: /bin/kstat: No such file or directory
sh: /bin/kstat: No such file or directory
sh: /bin/kstat: No such file or directory
sh: /bin/kstat: No such file or directory
sh: /bin/kstat: No such file or directory
sh: /bin/kstat: No such file or directory
sh: /bin/kstat: No such file or directory
sh: /bin/kstat: No such file or directory
sh: /bin/kstat: No such file or directory
sh: /bin/kstat: No such file or directory
sh: /bin/kstat: No such file or directory
sh: /bin/kstat: No such file or directory
sh: /bin/kstat: No such file or directory
sh: /bin/kstat: No such file or directory
sh: /bin/kstat: No such file or directory
sh: /bin/kstat: No such file or directory
sh: /bin/kstat: No such file or directory
sh: /bin/kstat: No such file or directory
sh: /bin/kstat: No such file or directory
sh: /bin/kstat: No such file or directory
sh: /bin/kstat: No such file or directory
sh: /bin/kstat: No such file or directory
sh: /bin/kstat: No such file or directory
sh: /bin/kstat: No such file or directory
sh: /bin/kstat: No such file or directory
sh: /bin/kstat: No such file or directory
sh: /bin/kstat: No such file or directory
sh: /bin/kstat: No such file or directory
sh: /bin/kstat: No such file or directory
sh: /bin/kstat: No such file or directory
sh: /bin/kstat: No such file or directory
sh: /bin/kstat: No such file or directory
sh: /bin/kstat: No such file or directory
sh: /bin/kstat: No such file or directory
sh: /bin/kstat: No such file or directory
sh: /bin/kstat: No such file or directory
sh: /bin/kstat: No such file or directory
sh: /bin/kstat: No such file or directory
sh: /bin/kstat: No such file or directory
sh: /bin/kstat: No such file or directory
sh: /bin/kstat: No such file or directory
sh: /bin/kstat: No such file or directory
sh: /bin/kstat: No such file or directory
sh: /bin/kstat: No such file or directory
sh: /bin/kstat: No such file or directory
sh: /bin/kstat: No such file or directory
sh: /bin/kstat: No such file or directory
sh: /bin/kstat: No such file or directory
sh: /bin/kstat: No such file or directory
sh: /bin/kstat: No such file or directory
sh: /bin/kstat: No such file or directory
sh: /bin/kstat: No such file or directory
sh: /bin/kstat: No such file or directory
sh: /bin/kstat: No such file or directory
sh: /bin/kstat: No such file or directory
sh: /bin/kstat: No such file or directory
sh: /bin/kstat: No such file or directory
sh: /bin/kstat: No such file or directory
sh: /bin/kstat: No such file or directory
sh: /bin/kstat: No such file or directory
sh: /bin/kstat: No such file or directory
sh: /bin/kstat: No such file or directory
sh: /bin/kstat: No such file or directory
sh: /bin/kstat: No such file or directory
sh: /bin/kstat: No such file or directory
sh: /bin/kstat: No such file or directory
sh: /bin/kstat: No such file or directory
sh: /bin/kstat: No such file or directory
sh: /bin/kstat: No such file or directory
sh: /bin/kstat: No such file or directory
sh: /bin/kstat: No such file or directory
sh: /bin/kstat: No such file or directory
sh: /bin/kstat: No such file or directory
sh: /bin/kstat: No such file or directory
sh: /bin/kstat: No such file or directory
sh: /bin/kstat: No such file or directory
sh: /bin/kstat: No such file or directory
sh: /bin/kstat: No such file or directory
sh: /bin/kstat: No such file or directory
sh: /bin/kstat: No such file or directory
sh: /bin/kstat: No such file or directory
sh: /bin/kstat: No such file or directory
sh: /bin/kstat: No such file or directory
sh: /bin/kstat: No such file or directory
sh: /bin/kstat: No such file or directory
sh: /bin/kstat: No such file or directory
sh: /bin/kstat: No such file or directory
sh: /bin/kstat: No such file or directory
sh: /bin/kstat: No such file or directory
sh: /bin/kstat: No such file or directory
sh: /bin/kstat: No such file or directory
sh: /bin/kstat: No such file or directory
sh: /bin/kstat: No such file or directory
sh: /bin/kstat: No such file or directory
sh: /bin/kstat: No such file or directory
sh: /bin/kstat: No such file or directory
sh: /bin/kstat: No such file or directory
sh: /bin/kstat: No such file or directory
sh: /bin/kstat: No such file or directory
sh: /bin/kstat: No such file or directory
sh: /bin/kstat: No such file or directory
sh: /bin/kstat: No such file or directory
sh: /bin/kstat: No such file or directory
sh: /bin/kstat: No such file or directory
sh: /bin/kstat: No such file or directory
sh: /bin/kstat: No such file or directory
sh: /bin/kstat: No such file or directory
sh: /bin/kstat: No such file or directory
sh: /bin/kstat: No such file or directory
sh: /bin/kstat: No such file or directory
sh: /bin/kstat: No such file or directory
sh: /bin/kstat: No such file or directory
sh: /bin/kstat: No such file or directory
sh: /bin/kstat: No such file or directory
sh: /bin/kstat: No such file or directory
sh: /bin/kstat: No such file or directory
sh: /bin/kstat: No such file or directory
sh: /bin/kstat: No such file or directory
sh: /bin/kstat: No such file or directory
sh: /bin/kstat: No such file or directory
sh: /bin/kstat: No such file or directory
sh: /bin/kstat: No such file or directory
sh: /bin/kstat: No such file or directory
sh: /bin/kstat: No such file or directory
sh: /bin/kstat: No such file or directory
sh: /bin/kstat: No such file or directory
sh: /bin/kstat: No such file or directory
sh: /bin/kstat: No such file or directory
sh: /bin/kstat: No such file or directory
sh: /bin/kstat: No such file or directory
sh: /bin/kstat: No such file or directory
sh: /bin/kstat: No such file or directory
sh: /bin/kstat: No such file or directory
sh: /bin/kstat: No such file or directory
sh: /bin/kstat: No such file or directory
sh: /bin/kstat: No such file or directory
sh: /bin/kstat: No such file or directory
sh: /bin/kstat: No such file or directory
sh: /bin/kstat: No such file or directory
sh: /bin/kstat: No such file or directory
sh: /bin/kstat: No such file or directory
sh: /bin/kstat: No such file or directory
sh: /bin/kstat: No such file or directory
sh: /bin/kstat: No such file or directory
sh: /bin/kstat: No such file or directory
sh: /bin/kstat: No such file or directory
sh: /bin/kstat: No such file or directory
sh: /bin/kstat: No such file or directory
sh: /bin/kstat: No such file or directory
sh: /bin/kstat: No such file or directory
sh: /bin/kstat: No such file or directory
sh: /bin/kstat: No such file or directory
sh: /bin/kstat: No such file or directory
sh: /bin/kstat: No such file or directory
sh: /bin/kstat: No such file or directory
sh: /bin/kstat: No such file or directory
sh: /bin/kstat: No such file or directory
sh: /bin/kstat: No such file or directory
sh: /bin/kstat: No such file or directory
sh: /bin/kstat: No such file or directory
sh: /bin/kstat: No such file or directory
sh: /bin/kstat: No such file or directory
sh: /bin/kstat: No such file or directory
sh: /bin/kstat: No such file or directory
sh: /bin/kstat: No such file or directory
sh: /bin/kstat: No such file or directory
sh: /bin/kstat: No such file or directory
sh: /bin/kstat: No such file or directory
sh: /bin/kstat: No such file or directory
sh: /bin/kstat: No such file or directory
sh: /bin/kstat: No such file or directory
sh: /bin/kstat: No such file or directory
sh: /bin/kstat: No such file or directory
sh: /bin/kstat: No such file or directory
sh: /bin/kstat: No such file or directory
sh: /bin/kstat: No such file or directory
sh: /bin/kstat: No such file or directory
sh: /bin/kstat: No such file or directory
sh: /bin/kstat: No such file or directory
sh: /bin/kstat: No such file or directory
sh: /bin/kstat: No such file or directory
sh: /bin/kstat: No such file or directory
sh: /bin/kstat: No such file or directory
sh: /bin/kstat: No such file or directory
sh: /bin/kstat: No such file or directory
sh: /bin/kstat: No such file or directory
sh: /bin/kstat: No such file or directory
sh: /bin/kstat: No such file or directory
sh: /bin/kstat: No such file or directory
sh: /bin/kstat: No such file or directory
sh: /bin/kstat: No such file or directory
sh: /bin/kstat: No such file or directory
sh: /bin/kstat: No such file or directory
sh: /bin/kstat: No such file or directory
sh: /bin/kstat: No such file or directory
sh: /bin/kstat: No such file or directory
sh: /bin/kstat: No such file or directory
sh: /bin/kstat: No such file or directory
sh: /bin/kstat: No such file or directory
sh: /bin/kstat: No such file or directory
sh: /bin/kstat: No such file or directory
sh: /bin/kstat: No such file or directory
sh: /bin/kstat: No such file or directory
sh: /bin/kstat: No such file or directory
sh: /bin/kstat: No such file or directory
sh: /bin/kstat: No such file or directory
sh: /bin/kstat: No such file or directory
sh: /bin/kstat: No such file or directory
sh: /bin/kstat: No such file or directory
sh: /bin/kstat: No such file or directory
sh: /bin/kstat: No such file or directory
sh: /bin/kstat: No such file or directory
sh: /bin/kstat: No such file or directory
sh: /bin/kstat: No such file or directory
sh: /bin/kstat: No such file or directory
sh: /bin/kstat: No such file or directory
sh: /bin/kstat: No such file or directory
sh: /bin/kstat: No such file or directory
sh: /bin/kstat: No such file or directory
sh: /bin/kstat: No such file or directory
sh: /bin/kstat: No such file or directory
sh: /bin/kstat: No such file or directory
sh: /bin/kstat: No such file or directory
sh: /bin/kstat: No such file or directory
sh: /bin/kstat: No such file or directory
sh: /bin/kstat: No such file or directory
sh: /bin/kstat: No such file or directory
sh: /bin/kstat: No such file or directory
sh: /bin/kstat: No such file or directory
sh: /bin/kstat: No such file or directory
sh: /bin/kstat: No such file or directory
sh: /bin/kstat: No such file or directory
sh: /bin/kstat: No such file or directory
sh: /bin/kstat: No such file or directory
sh: /bin/kstat: No such file or directory
sh: /bin/kstat: No such file or directory
sh: /bin/kstat: No such file or directory
sh: /bin/kstat: No such file or directory
sh: /bin/kstat: No such file or directory
sh: /bin/kstat: No such file or directory
sh: /bin/kstat: No such file or directory
sh: /bin/kstat: No such file or directory
sh: /bin/kstat: No such file or directory
sh: /bin/kstat: No such file or directory
sh: /bin/kstat: No such file or directory
sh: /bin/kstat: No such file or directory
sh: /bin/kstat: No such file or directory
sh: /bin/kstat: No such file or directory
sh: /bin/kstat: No such file or directory
sh: /bin/kstat: No such file or directory
sh: /bin/kstat: No such file or directory
sh: /bin/kstat: No such file or directory
sh: /bin/kstat: No such file or directory
sh: /bin/kstat: No such file or directory
sh: /bin/kstat: No such file or directory
sh: /bin/kstat: No such file or directory
sh: /bin/kstat: No such file or directory
sh: /bin/kstat: No such file or directory
sh: /bin/kstat: No such file or directory
sh: /bin/kstat: No such file or directory
sh: /bin/kstat: No such file or directory
sh: /bin/kstat: No such file or directory
sh: /bin/kstat: No such file or directory
sh: /bin/kstat: No such file or directory
 *** WARNING *** GMRFLib_2order_approx: rescue NAN/INF values in logl for idx=4117
 *** WARNING *** GMRFLib_2order_approx: reset counter for 3 NAN/INF values in logl

Train/test evaluation split:
Train rows: 25644 
Test rows: 365 
Dropped test rows with own/neighbor lagged cases inside test period: 4293 
No-leakage policy: scaler fit on training data only.
No-leakage policy: test own-case and neighbor-case lags must come from before test start.

S5-air train/test metrics:
Index: <split>
    model  split      mae     rmse      wape        r2
   <char> <char>    <num>    <num>     <num>     <num>
1:     S5  train 3.034206 19.44434 0.6696085 0.6812216
2:     S5   test 3.974646 10.40863 0.4601160 0.8735558
                 evaluation_scope n_observations sample_start sample_end
                           <char>          <int>       <char>     <char>
1:                   training_fit          25644   2017-03-27 2022-12-26
2: model_eligible_not_cross_model            365   2023-01-02 2023-01-23
                   sample_signature
                             <char>
1: 5c97f3bd668c3a5290a95f97af5a1888
2: 9fe0b6127a3135ce3e25d8318581900f

S5-air train-fit fixed effects:
                                    mean         sd   0.025quant    0.5quant
(Intercept)                  -0.60605812 0.14270805 -0.886662037 -0.60678584
rainfall_lag_z                0.11012059 0.02812742  0.054591406  0.11025854
humidity_lag_z               -0.02775180 0.01735230 -0.061788337 -0.02774835
temperature_lag_z             0.05136806 0.02418389  0.003891296  0.05138672
idhm_z                        0.55835537 0.09677737  0.368940837  0.55800036
log_cases_lag_z               0.84701779 0.01167082  0.824135768  0.84701646
neighbor_log_cases_lag_z      0.25850639 0.02166010  0.216046841  0.25850131
air_passenger_week_lag_log_z  0.05715430 0.02739259  0.003318199  0.05719730
                               0.975quant        mode          kld
(Intercept)                  -0.321448329 -0.60679900 2.918132e-07
rainfall_lag_z                0.164884404  0.11026422 5.927350e-09
humidity_lag_z                0.006265107 -0.02774833 5.325378e-11
temperature_lag_z             0.098738745  0.05138685 1.864316e-10
idhm_z                        0.749735868  0.55799056 2.016350e-08
log_cases_lag_z               0.869907366  0.84701645 4.438806e-11
neighbor_log_cases_lag_z      0.300995083  0.25850134 5.722763e-11
air_passenger_week_lag_log_z  0.110747721  0.05719811 6.554113e-10
