/Volumes/Temp/tmp/RtmpNlAxpv/R.INSTALL63086217f59c/arrow/tools/cpp/src/arrow/util/cpu_info.cc:242: IOError: sysctlbyname failed for 'hw.l1dcachesize'. Detail: [errno 1] Operation not permitted
/Volumes/Temp/tmp/RtmpNlAxpv/R.INSTALL63086217f59c/arrow/tools/cpp/src/arrow/util/cpu_info.cc:242: IOError: sysctlbyname failed for 'hw.l2cachesize'. Detail: [errno 1] Operation not permitted
/Volumes/Temp/tmp/RtmpNlAxpv/R.INSTALL63086217f59c/arrow/tools/cpp/src/arrow/util/cpu_info.cc:242: IOError: sysctlbyname failed for 'hw.l3cachesize'. Detail: [errno 1] Operation not permitted
/Volumes/Temp/tmp/RtmpNlAxpv/R.INSTALL63086217f59c/arrow/tools/cpp/src/arrow/util/cpu_info.cc:242: IOError: sysctlbyname failed for 'hw.optional.neon'. Detail: [errno 1] Operation not permitted
sh: /bin/kstat: No such file or directory
sh: /bin/kstat: No such file or directory
sh: /bin/kstat: No such file or directory
sh: /bin/kstat: No such file or directory
sh: /bin/kstat: No such file or directory
sh: /bin/kstat: No such file or directory
sh: /bin/kstat: No such file or directory
sh: /bin/kstat: No such file or directory
sh: /bin/kstat: No such file or directory
sh: /bin/kstat: No such file or directory
M5/S7 temperature-region dataframe built
Original rows: 76544 
Model rows: 30302 
Dropped missing S7 covariates: 3186 
Municipios: 92 
Regions: Campos dos Goytacazes, Macaé - Rio das Ostras - Cabo Frio, Petrópolis, Rio de Janeiro, Volta Redonda - Barra Mansa 
Temperature-region reference: Rio de Janeiro 
Temperature-region interaction columns: temperature_lag_region_Campos.dos.Goytacazes, temperature_lag_region_Macaé...Rio.das.Ostras...Cabo.Frio, temperature_lag_region_Petrópolis, temperature_lag_region_Volta.Redonda...Barra.Mansa 
Years: 2017, 2018, 2019, 2020, 2021, 2022, 2023 
Rows with at least one neighbor lag value: 28635 
INLA graph written: /var/folders/hf/rt97wjy964g2q1trd19ksx0r0000gn/T//RtmpIvVcqU/rj_municipality_inla.graph 
Connected graph nodes: 87 
Connected graph edges: 511 
Isolated municipalities: 5 
sh: /bin/kstat: No such file or directory
sh: /bin/kstat: No such file or directory
sh: /bin/kstat: No such file or directory
sh: /bin/kstat: No such file or directory
sh: /bin/kstat: No such file or directory
sh: /bin/kstat: No such file or directory
sh: /bin/kstat: No such file or directory
sh: /bin/kstat: No such file or directory
sh: /bin/kstat: No such file or directory
sh: /bin/kstat: No such file or directory
sh: /bin/kstat: No such file or directory
sh: /bin/kstat: No such file or directory
sh: /bin/kstat: No such file or directory
sh: /bin/kstat: No such file or directory
sh: /bin/kstat: No such file or directory
sh: /bin/kstat: No such file or directory
sh: /bin/kstat: No such file or directory
sh: /bin/kstat: No such file or directory
sh: /bin/kstat: No such file or directory
sh: /bin/kstat: No such file or directory
sh: /bin/kstat: No such file or directory
sh: /bin/kstat: No such file or directory
sh: /bin/kstat: No such file or directory
sh: /bin/kstat: No such file or directory
sh: /bin/kstat: No such file or directory
sh: /bin/kstat: No such file or directory
sh: /bin/kstat: No such file or directory
sh: /bin/kstat: No such file or directory
sh: /bin/kstat: No such file or directory
sh: /bin/kstat: No such file or directory
sh: /bin/kstat: No such file or directory
sh: /bin/kstat: No such file or directory
sh: /bin/kstat: No such file or directory
sh: /bin/kstat: No such file or directory
sh: /bin/kstat: No such file or directory
sh: /bin/kstat: No such file or directory
sh: /bin/kstat: No such file or directory
sh: /bin/kstat: No such file or directory
sh: /bin/kstat: No such file or directory
sh: /bin/kstat: No such file or directory
sh: /bin/kstat: No such file or directory
sh: /bin/kstat: No such file or directory
sh: /bin/kstat: No such file or directory
sh: /bin/kstat: No such file or directory
sh: /bin/kstat: No such file or directory
sh: /bin/kstat: No such file or directory
sh: /bin/kstat: No such file or directory
sh: /bin/kstat: No such file or directory
sh: /bin/kstat: No such file or directory
sh: /bin/kstat: No such file or directory
sh: /bin/kstat: No such file or directory
sh: /bin/kstat: No such file or directory
sh: /bin/kstat: No such file or directory
sh: /bin/kstat: No such file or directory
sh: /bin/kstat: No such file or directory
sh: /bin/kstat: No such file or directory
sh: /bin/kstat: No such file or directory
sh: /bin/kstat: No such file or directory
sh: /bin/kstat: No such file or directory
sh: /bin/kstat: No such file or directory
sh: /bin/kstat: No such file or directory
sh: /bin/kstat: No such file or directory
sh: /bin/kstat: No such file or directory
sh: /bin/kstat: No such file or directory
sh: /bin/kstat: No such file or directory
sh: /bin/kstat: No such file or directory
sh: /bin/kstat: No such file or directory
sh: /bin/kstat: No such file or directory
sh: /bin/kstat: No such file or directory
sh: /bin/kstat: No such file or directory
sh: /bin/kstat: No such file or directory
sh: /bin/kstat: No such file or directory
sh: /bin/kstat: No such file or directory
sh: /bin/kstat: No such file or directory
sh: /bin/kstat: No such file or directory
sh: /bin/kstat: No such file or directory
sh: /bin/kstat: No such file or directory
sh: /bin/kstat: No such file or directory
sh: /bin/kstat: No such file or directory
sh: /bin/kstat: No such file or directory
sh: /bin/kstat: No such file or directory
sh: /bin/kstat: No such file or directory
sh: /bin/kstat: No such file or directory
sh: /bin/kstat: No such file or directory
sh: /bin/kstat: No such file or directory
sh: /bin/kstat: No such file or directory
sh: /bin/kstat: No such file or directory
sh: /bin/kstat: No such file or directory
sh: /bin/kstat: No such file or directory
sh: /bin/kstat: No such file or directory
sh: /bin/kstat: No such file or directory
sh: /bin/kstat: No such file or directory
sh: /bin/kstat: No such file or directory
sh: /bin/kstat: No such file or directory
sh: /bin/kstat: No such file or directory
sh: /bin/kstat: No such file or directory
sh: /bin/kstat: No such file or directory
sh: /bin/kstat: No such file or directory
sh: /bin/kstat: No such file or directory
sh: /bin/kstat: No such file or directory
sh: /bin/kstat: No such file or directory
sh: /bin/kstat: No such file or directory
sh: /bin/kstat: No such file or directory
sh: /bin/kstat: No such file or directory
sh: /bin/kstat: No such file or directory
sh: /bin/kstat: No such file or directory
sh: /bin/kstat: No such file or directory
sh: /bin/kstat: No such file or directory
sh: /bin/kstat: No such file or directory
sh: /bin/kstat: No such file or directory
sh: /bin/kstat: No such file or directory
sh: /bin/kstat: No such file or directory
sh: /bin/kstat: No such file or directory
sh: /bin/kstat: No such file or directory
sh: /bin/kstat: No such file or directory
sh: /bin/kstat: No such file or directory
sh: /bin/kstat: No such file or directory
sh: /bin/kstat: No such file or directory
sh: /bin/kstat: No such file or directory
sh: /bin/kstat: No such file or directory
sh: /bin/kstat: No such file or directory
sh: /bin/kstat: No such file or directory
sh: /bin/kstat: No such file or directory
sh: /bin/kstat: No such file or directory
sh: /bin/kstat: No such file or directory
sh: /bin/kstat: No such file or directory
sh: /bin/kstat: No such file or directory
sh: /bin/kstat: No such file or directory
sh: /bin/kstat: No such file or directory
sh: /bin/kstat: No such file or directory
sh: /bin/kstat: No such file or directory
sh: /bin/kstat: No such file or directory
sh: /bin/kstat: No such file or directory
sh: /bin/kstat: No such file or directory
sh: /bin/kstat: No such file or directory
sh: /bin/kstat: No such file or directory
sh: /bin/kstat: No such file or directory
sh: /bin/kstat: No such file or directory
sh: /bin/kstat: No such file or directory
sh: /bin/kstat: No such file or directory
sh: /bin/kstat: No such file or directory
sh: /bin/kstat: No such file or directory
sh: /bin/kstat: No such file or directory
sh: /bin/kstat: No such file or directory
sh: /bin/kstat: No such file or directory
sh: /bin/kstat: No such file or directory
sh: /bin/kstat: No such file or directory
sh: /bin/kstat: No such file or directory
sh: /bin/kstat: No such file or directory
sh: /bin/kstat: No such file or directory
sh: /bin/kstat: No such file or directory
sh: /bin/kstat: No such file or directory
sh: /bin/kstat: No such file or directory
sh: /bin/kstat: No such file or directory
sh: /bin/kstat: No such file or directory
sh: /bin/kstat: No such file or directory
sh: /bin/kstat: No such file or directory
sh: /bin/kstat: No such file or directory
sh: /bin/kstat: No such file or directory
sh: /bin/kstat: No such file or directory
sh: /bin/kstat: No such file or directory
sh: /bin/kstat: No such file or directory
sh: /bin/kstat: No such file or directory
sh: /bin/kstat: No such file or directory
sh: /bin/kstat: No such file or directory
sh: /bin/kstat: No such file or directory
sh: /bin/kstat: No such file or directory
sh: /bin/kstat: No such file or directory
sh: /bin/kstat: No such file or directory
sh: /bin/kstat: No such file or directory
sh: /bin/kstat: No such file or directory
sh: /bin/kstat: No such file or directory
sh: /bin/kstat: No such file or directory
sh: /bin/kstat: No such file or directory
sh: /bin/kstat: No such file or directory
sh: /bin/kstat: No such file or directory
sh: /bin/kstat: No such file or directory
sh: /bin/kstat: No such file or directory
sh: /bin/kstat: No such file or directory
sh: /bin/kstat: No such file or directory
sh: /bin/kstat: No such file or directory
sh: /bin/kstat: No such file or directory
sh: /bin/kstat: No such file or directory
sh: /bin/kstat: No such file or directory
sh: /bin/kstat: No such file or directory
sh: /bin/kstat: No such file or directory
sh: /bin/kstat: No such file or directory
sh: /bin/kstat: No such file or directory
sh: /bin/kstat: No such file or directory
sh: /bin/kstat: No such file or directory
sh: /bin/kstat: No such file or directory
sh: /bin/kstat: No such file or directory
sh: /bin/kstat: No such file or directory
sh: /bin/kstat: No such file or directory
sh: /bin/kstat: No such file or directory
sh: /bin/kstat: No such file or directory
sh: /bin/kstat: No such file or directory
sh: /bin/kstat: No such file or directory
sh: /bin/kstat: No such file or directory
sh: /bin/kstat: No such file or directory
sh: /bin/kstat: No such file or directory
sh: /bin/kstat: No such file or directory
sh: /bin/kstat: No such file or directory
sh: /bin/kstat: No such file or directory
sh: /bin/kstat: No such file or directory
sh: /bin/kstat: No such file or directory
sh: /bin/kstat: No such file or directory
sh: /bin/kstat: No such file or directory
sh: /bin/kstat: No such file or directory
sh: /bin/kstat: No such file or directory
sh: /bin/kstat: No such file or directory
sh: /bin/kstat: No such file or directory
sh: /bin/kstat: No such file or directory
sh: /bin/kstat: No such file or directory
sh: /bin/kstat: No such file or directory
sh: /bin/kstat: No such file or directory
sh: /bin/kstat: No such file or directory
sh: /bin/kstat: No such file or directory
sh: /bin/kstat: No such file or directory
sh: /bin/kstat: No such file or directory
sh: /bin/kstat: No such file or directory
sh: /bin/kstat: No such file or directory
sh: /bin/kstat: No such file or directory
sh: /bin/kstat: No such file or directory
sh: /bin/kstat: No such file or directory
sh: /bin/kstat: No such file or directory
sh: /bin/kstat: No such file or directory
sh: /bin/kstat: No such file or directory
sh: /bin/kstat: No such file or directory
sh: /bin/kstat: No such file or directory
sh: /bin/kstat: No such file or directory
sh: /bin/kstat: No such file or directory
sh: /bin/kstat: No such file or directory
sh: /bin/kstat: No such file or directory
sh: /bin/kstat: No such file or directory
sh: /bin/kstat: No such file or directory
sh: /bin/kstat: No such file or directory
sh: /bin/kstat: No such file or directory
sh: /bin/kstat: No such file or directory
sh: /bin/kstat: No such file or directory
sh: /bin/kstat: No such file or directory
sh: /bin/kstat: No such file or directory
sh: /bin/kstat: No such file or directory
sh: /bin/kstat: No such file or directory
sh: /bin/kstat: No such file or directory
sh: /bin/kstat: No such file or directory
sh: /bin/kstat: No such file or directory
sh: /bin/kstat: No such file or directory
sh: /bin/kstat: No such file or directory
sh: /bin/kstat: No such file or directory
sh: /bin/kstat: No such file or directory
sh: /bin/kstat: No such file or directory
sh: /bin/kstat: No such file or directory
sh: /bin/kstat: No such file or directory
sh: /bin/kstat: No such file or directory
sh: /bin/kstat: No such file or directory
sh: /bin/kstat: No such file or directory
sh: /bin/kstat: No such file or directory
sh: /bin/kstat: No such file or directory
sh: /bin/kstat: No such file or directory
sh: /bin/kstat: No such file or directory
sh: /bin/kstat: No such file or directory
sh: /bin/kstat: No such file or directory
sh: /bin/kstat: No such file or directory
sh: /bin/kstat: No such file or directory
sh: /bin/kstat: No such file or directory
sh: /bin/kstat: No such file or directory
sh: /bin/kstat: No such file or directory
sh: /bin/kstat: No such file or directory
sh: /bin/kstat: No such file or directory
sh: /bin/kstat: No such file or directory
sh: /bin/kstat: No such file or directory
sh: /bin/kstat: No such file or directory
sh: /bin/kstat: No such file or directory
sh: /bin/kstat: No such file or directory
sh: /bin/kstat: No such file or directory
sh: /bin/kstat: No such file or directory
sh: /bin/kstat: No such file or directory
sh: /bin/kstat: No such file or directory
sh: /bin/kstat: No such file or directory
sh: /bin/kstat: No such file or directory
sh: /bin/kstat: No such file or directory
sh: /bin/kstat: No such file or directory
sh: /bin/kstat: No such file or directory
sh: /bin/kstat: No such file or directory
sh: /bin/kstat: No such file or directory
sh: /bin/kstat: No such file or directory
sh: /bin/kstat: No such file or directory
sh: /bin/kstat: No such file or directory
sh: /bin/kstat: No such file or directory
sh: /bin/kstat: No such file or directory
sh: /bin/kstat: No such file or directory
sh: /bin/kstat: No such file or directory
sh: /bin/kstat: No such file or directory
sh: /bin/kstat: No such file or directory
sh: /bin/kstat: No such file or directory
sh: /bin/kstat: No such file or directory
sh: /bin/kstat: No such file or directory
sh: /bin/kstat: No such file or directory
sh: /bin/kstat: No such file or directory
sh: /bin/kstat: No such file or directory
sh: /bin/kstat: No such file or directory
sh: /bin/kstat: No such file or directory
sh: /bin/kstat: No such file or directory
sh: /bin/kstat: No such file or directory
sh: /bin/kstat: No such file or directory
sh: /bin/kstat: No such file or directory
sh: /bin/kstat: No such file or directory
sh: /bin/kstat: No such file or directory
sh: /bin/kstat: No such file or directory
sh: /bin/kstat: No such file or directory
sh: /bin/kstat: No such file or directory
sh: /bin/kstat: No such file or directory
sh: /bin/kstat: No such file or directory
sh: /bin/kstat: No such file or directory
sh: /bin/kstat: No such file or directory
sh: /bin/kstat: No such file or directory
sh: /bin/kstat: No such file or directory
sh: /bin/kstat: No such file or directory
sh: /bin/kstat: No such file or directory
sh: /bin/kstat: No such file or directory
sh: /bin/kstat: No such file or directory
sh: /bin/kstat: No such file or directory
sh: /bin/kstat: No such file or directory
sh: /bin/kstat: No such file or directory
sh: /bin/kstat: No such file or directory
sh: /bin/kstat: No such file or directory
sh: /bin/kstat: No such file or directory
sh: /bin/kstat: No such file or directory
sh: /bin/kstat: No such file or directory
sh: /bin/kstat: No such file or directory
sh: /bin/kstat: No such file or directory
sh: /bin/kstat: No such file or directory
sh: /bin/kstat: No such file or directory
sh: /bin/kstat: No such file or directory
sh: /bin/kstat: No such file or directory
sh: /bin/kstat: No such file or directory
sh: /bin/kstat: No such file or directory
sh: /bin/kstat: No such file or directory
sh: /bin/kstat: No such file or directory
sh: /bin/kstat: No such file or directory
sh: /bin/kstat: No such file or directory
sh: /bin/kstat: No such file or directory
sh: /bin/kstat: No such file or directory
sh: /bin/kstat: No such file or directory
sh: /bin/kstat: No such file or directory
sh: /bin/kstat: No such file or directory
sh: /bin/kstat: No such file or directory
sh: /bin/kstat: No such file or directory
sh: /bin/kstat: No such file or directory
sh: /bin/kstat: No such file or directory
sh: /bin/kstat: No such file or directory
sh: /bin/kstat: No such file or directory
sh: /bin/kstat: No such file or directory
sh: /bin/kstat: No such file or directory
sh: /bin/kstat: No such file or directory
sh: /bin/kstat: No such file or directory
sh: /bin/kstat: No such file or directory
sh: /bin/kstat: No such file or directory
sh: /bin/kstat: No such file or directory
sh: /bin/kstat: No such file or directory
sh: /bin/kstat: No such file or directory
sh: /bin/kstat: No such file or directory
sh: /bin/kstat: No such file or directory
sh: /bin/kstat: No such file or directory
sh: /bin/kstat: No such file or directory
sh: /bin/kstat: No such file or directory
sh: /bin/kstat: No such file or directory
sh: /bin/kstat: No such file or directory
sh: /bin/kstat: No such file or directory
sh: /bin/kstat: No such file or directory
sh: /bin/kstat: No such file or directory
sh: /bin/kstat: No such file or directory
sh: /bin/kstat: No such file or directory
sh: /bin/kstat: No such file or directory
sh: /bin/kstat: No such file or directory
sh: /bin/kstat: No such file or directory
sh: /bin/kstat: No such file or directory
sh: /bin/kstat: No such file or directory
sh: /bin/kstat: No such file or directory
sh: /bin/kstat: No such file or directory
sh: /bin/kstat: No such file or directory
sh: /bin/kstat: No such file or directory
sh: /bin/kstat: No such file or directory
sh: /bin/kstat: No such file or directory
sh: /bin/kstat: No such file or directory
sh: /bin/kstat: No such file or directory
sh: /bin/kstat: No such file or directory
sh: /bin/kstat: No such file or directory
sh: /bin/kstat: No such file or directory
sh: /bin/kstat: No such file or directory
sh: /bin/kstat: No such file or directory
sh: /bin/kstat: No such file or directory
sh: /bin/kstat: No such file or directory
sh: /bin/kstat: No such file or directory
sh: /bin/kstat: No such file or directory
sh: /bin/kstat: No such file or directory
sh: /bin/kstat: No such file or directory
sh: /bin/kstat: No such file or directory
sh: /bin/kstat: No such file or directory
sh: /bin/kstat: No such file or directory
sh: /bin/kstat: No such file or directory
sh: /bin/kstat: No such file or directory
sh: /bin/kstat: No such file or directory
sh: /bin/kstat: No such file or directory
sh: /bin/kstat: No such file or directory
sh: /bin/kstat: No such file or directory
sh: /bin/kstat: No such file or directory
sh: /bin/kstat: No such file or directory
sh: /bin/kstat: No such file or directory
sh: /bin/kstat: No such file or directory
sh: /bin/kstat: No such file or directory
sh: /bin/kstat: No such file or directory
sh: /bin/kstat: No such file or directory
sh: /bin/kstat: No such file or directory
sh: /bin/kstat: No such file or directory
sh: /bin/kstat: No such file or directory
sh: /bin/kstat: No such file or directory
sh: /bin/kstat: No such file or directory
sh: /bin/kstat: No such file or directory
sh: /bin/kstat: No such file or directory
sh: /bin/kstat: No such file or directory
sh: /bin/kstat: No such file or directory
sh: /bin/kstat: No such file or directory
sh: /bin/kstat: No such file or directory
sh: /bin/kstat: No such file or directory
sh: /bin/kstat: No such file or directory
sh: /bin/kstat: No such file or directory
sh: /bin/kstat: No such file or directory
sh: /bin/kstat: No such file or directory
sh: /bin/kstat: No such file or directory
sh: /bin/kstat: No such file or directory
sh: /bin/kstat: No such file or directory
sh: /bin/kstat: No such file or directory
sh: /bin/kstat: No such file or directory
sh: /bin/kstat: No such file or directory
sh: /bin/kstat: No such file or directory
sh: /bin/kstat: No such file or directory
sh: /bin/kstat: No such file or directory
sh: /bin/kstat: No such file or directory
sh: /bin/kstat: No such file or directory
sh: /bin/kstat: No such file or directory
sh: /bin/kstat: No such file or directory
sh: /bin/kstat: No such file or directory
sh: /bin/kstat: No such file or directory
sh: /bin/kstat: No such file or directory
sh: /bin/kstat: No such file or directory
sh: /bin/kstat: No such file or directory
sh: /bin/kstat: No such file or directory
sh: /bin/kstat: No such file or directory
sh: /bin/kstat: No such file or directory
sh: /bin/kstat: No such file or directory
sh: /bin/kstat: No such file or directory
sh: /bin/kstat: No such file or directory
sh: /bin/kstat: No such file or directory
sh: /bin/kstat: No such file or directory
sh: /bin/kstat: No such file or directory
sh: /bin/kstat: No such file or directory
sh: /bin/kstat: No such file or directory
sh: /bin/kstat: No such file or directory
sh: /bin/kstat: No such file or directory
sh: /bin/kstat: No such file or directory
sh: /bin/kstat: No such file or directory
sh: /bin/kstat: No such file or directory
sh: /bin/kstat: No such file or directory
sh: /bin/kstat: No such file or directory
sh: /bin/kstat: No such file or directory
sh: /bin/kstat: No such file or directory
sh: /bin/kstat: No such file or directory
sh: /bin/kstat: No such file or directory
sh: /bin/kstat: No such file or directory
sh: /bin/kstat: No such file or directory
sh: /bin/kstat: No such file or directory
sh: /bin/kstat: No such file or directory
sh: /bin/kstat: No such file or directory
sh: /bin/kstat: No such file or directory
sh: /bin/kstat: No such file or directory
sh: /bin/kstat: No such file or directory
sh: /bin/kstat: No such file or directory
sh: /bin/kstat: No such file or directory
sh: /bin/kstat: No such file or directory
sh: /bin/kstat: No such file or directory
sh: /bin/kstat: No such file or directory
sh: /bin/kstat: No such file or directory
sh: /bin/kstat: No such file or directory
sh: /bin/kstat: No such file or directory
sh: /bin/kstat: No such file or directory
sh: /bin/kstat: No such file or directory
sh: /bin/kstat: No such file or directory
sh: /bin/kstat: No such file or directory
sh: /bin/kstat: No such file or directory
sh: /bin/kstat: No such file or directory
sh: /bin/kstat: No such file or directory
sh: /bin/kstat: No such file or directory
sh: /bin/kstat: No such file or directory
sh: /bin/kstat: No such file or directory
sh: /bin/kstat: No such file or directory
sh: /bin/kstat: No such file or directory
sh: /bin/kstat: No such file or directory
sh: /bin/kstat: No such file or directory
sh: /bin/kstat: No such file or directory
sh: /bin/kstat: No such file or directory
sh: /bin/kstat: No such file or directory
sh: /bin/kstat: No such file or directory
sh: /bin/kstat: No such file or directory
sh: /bin/kstat: No such file or directory
sh: /bin/kstat: No such file or directory
sh: /bin/kstat: No such file or directory
sh: /bin/kstat: No such file or directory
sh: /bin/kstat: No such file or directory
sh: /bin/kstat: No such file or directory
sh: /bin/kstat: No such file or directory
sh: /bin/kstat: No such file or directory
sh: /bin/kstat: No such file or directory
sh: /bin/kstat: No such file or directory
sh: /bin/kstat: No such file or directory
sh: /bin/kstat: No such file or directory
sh: /bin/kstat: No such file or directory
sh: /bin/kstat: No such file or directory
sh: /bin/kstat: No such file or directory
sh: /bin/kstat: No such file or directory
sh: /bin/kstat: No such file or directory
sh: /bin/kstat: No such file or directory
sh: /bin/kstat: No such file or directory
sh: /bin/kstat: No such file or directory
sh: /bin/kstat: No such file or directory
sh: /bin/kstat: No such file or directory
sh: /bin/kstat: No such file or directory
sh: /bin/kstat: No such file or directory
sh: /bin/kstat: No such file or directory
sh: /bin/kstat: No such file or directory
sh: /bin/kstat: No such file or directory
sh: /bin/kstat: No such file or directory
sh: /bin/kstat: No such file or directory
sh: /bin/kstat: No such file or directory
sh: /bin/kstat: No such file or directory
sh: /bin/kstat: No such file or directory
sh: /bin/kstat: No such file or directory
sh: /bin/kstat: No such file or directory
sh: /bin/kstat: No such file or directory
sh: /bin/kstat: No such file or directory
sh: /bin/kstat: No such file or directory
sh: /bin/kstat: No such file or directory
sh: /bin/kstat: No such file or directory
sh: /bin/kstat: No such file or directory
sh: /bin/kstat: No such file or directory
sh: /bin/kstat: No such file or directory
sh: /bin/kstat: No such file or directory
sh: /bin/kstat: No such file or directory
sh: /bin/kstat: No such file or directory
sh: /bin/kstat: No such file or directory
sh: /bin/kstat: No such file or directory
sh: /bin/kstat: No such file or directory
sh: /bin/kstat: No such file or directory
sh: /bin/kstat: No such file or directory
sh: /bin/kstat: No such file or directory
sh: /bin/kstat: No such file or directory
sh: /bin/kstat: No such file or directory
sh: /bin/kstat: No such file or directory
sh: /bin/kstat: No such file or directory
sh: /bin/kstat: No such file or directory
sh: /bin/kstat: No such file or directory
sh: /bin/kstat: No such file or directory
sh: /bin/kstat: No such file or directory
sh: /bin/kstat: No such file or directory
sh: /bin/kstat: No such file or directory
sh: /bin/kstat: No such file or directory
sh: /bin/kstat: No such file or directory
sh: /bin/kstat: No such file or directory
sh: /bin/kstat: No such file or directory
sh: /bin/kstat: No such file or directory
sh: /bin/kstat: No such file or directory
sh: /bin/kstat: No such file or directory
sh: /bin/kstat: No such file or directory
sh: /bin/kstat: No such file or directory
sh: /bin/kstat: No such file or directory
sh: /bin/kstat: No such file or directory
sh: /bin/kstat: No such file or directory
sh: /bin/kstat: No such file or directory
sh: /bin/kstat: No such file or directory
sh: /bin/kstat: No such file or directory
sh: /bin/kstat: No such file or directory
sh: /bin/kstat: No such file or directory
sh: /bin/kstat: No such file or directory
sh: /bin/kstat: No such file or directory
sh: /bin/kstat: No such file or directory
sh: /bin/kstat: No such file or directory
sh: /bin/kstat: No such file or directory
sh: /bin/kstat: No such file or directory
sh: /bin/kstat: No such file or directory
sh: /bin/kstat: No such file or directory
sh: /bin/kstat: No such file or directory
sh: /bin/kstat: No such file or directory
sh: /bin/kstat: No such file or directory
sh: /bin/kstat: No such file or directory
sh: /bin/kstat: No such file or directory
sh: /bin/kstat: No such file or directory
sh: /bin/kstat: No such file or directory
sh: /bin/kstat: No such file or directory
sh: /bin/kstat: No such file or directory
sh: /bin/kstat: No such file or directory
sh: /bin/kstat: No such file or directory
sh: /bin/kstat: No such file or directory
sh: /bin/kstat: No such file or directory
sh: /bin/kstat: No such file or directory
sh: /bin/kstat: No such file or directory
sh: /bin/kstat: No such file or directory
sh: /bin/kstat: No such file or directory
sh: /bin/kstat: No such file or directory
sh: /bin/kstat: No such file or directory
sh: /bin/kstat: No such file or directory
sh: /bin/kstat: No such file or directory
sh: /bin/kstat: No such file or directory
sh: /bin/kstat: No such file or directory
sh: /bin/kstat: No such file or directory
sh: /bin/kstat: No such file or directory
sh: /bin/kstat: No such file or directory
sh: /bin/kstat: No such file or directory
sh: /bin/kstat: No such file or directory
sh: /bin/kstat: No such file or directory
sh: /bin/kstat: No such file or directory
sh: /bin/kstat: No such file or directory
sh: /bin/kstat: No such file or directory
sh: /bin/kstat: No such file or directory
sh: /bin/kstat: No such file or directory
sh: /bin/kstat: No such file or directory
sh: /bin/kstat: No such file or directory
sh: /bin/kstat: No such file or directory
sh: /bin/kstat: No such file or directory
sh: /bin/kstat: No such file or directory
sh: /bin/kstat: No such file or directory
sh: /bin/kstat: No such file or directory
sh: /bin/kstat: No such file or directory
sh: /bin/kstat: No such file or directory
sh: /bin/kstat: No such file or directory
sh: /bin/kstat: No such file or directory
sh: /bin/kstat: No such file or directory
sh: /bin/kstat: No such file or directory
sh: /bin/kstat: No such file or directory
sh: /bin/kstat: No such file or directory
sh: /bin/kstat: No such file or directory
sh: /bin/kstat: No such file or directory
sh: /bin/kstat: No such file or directory
sh: /bin/kstat: No such file or directory
sh: /bin/kstat: No such file or directory
sh: /bin/kstat: No such file or directory
sh: /bin/kstat: No such file or directory
sh: /bin/kstat: No such file or directory
sh: /bin/kstat: No such file or directory
sh: /bin/kstat: No such file or directory
sh: /bin/kstat: No such file or directory
sh: /bin/kstat: No such file or directory
sh: /bin/kstat: No such file or directory
sh: /bin/kstat: No such file or directory
sh: /bin/kstat: No such file or directory
sh: /bin/kstat: No such file or directory
sh: /bin/kstat: No such file or directory
sh: /bin/kstat: No such file or directory
sh: /bin/kstat: No such file or directory
sh: /bin/kstat: No such file or directory
sh: /bin/kstat: No such file or directory
sh: /bin/kstat: No such file or directory
sh: /bin/kstat: No such file or directory
sh: /bin/kstat: No such file or directory
sh: /bin/kstat: No such file or directory
sh: /bin/kstat: No such file or directory
sh: /bin/kstat: No such file or directory
sh: /bin/kstat: No such file or directory
sh: /bin/kstat: No such file or directory
sh: /bin/kstat: No such file or directory
sh: /bin/kstat: No such file or directory
sh: /bin/kstat: No such file or directory
sh: /bin/kstat: No such file or directory
sh: /bin/kstat: No such file or directory
sh: /bin/kstat: No such file or directory
sh: /bin/kstat: No such file or directory
sh: /bin/kstat: No such file or directory
sh: /bin/kstat: No such file or directory
sh: /bin/kstat: No such file or directory
sh: /bin/kstat: No such file or directory
sh: /bin/kstat: No such file or directory
sh: /bin/kstat: No such file or directory
sh: /bin/kstat: No such file or directory
sh: /bin/kstat: No such file or directory
sh: /bin/kstat: No such file or directory
sh: /bin/kstat: No such file or directory
sh: /bin/kstat: No such file or directory
sh: /bin/kstat: No such file or directory
sh: /bin/kstat: No such file or directory
sh: /bin/kstat: No such file or directory
sh: /bin/kstat: No such file or directory
sh: /bin/kstat: No such file or directory
sh: /bin/kstat: No such file or directory
sh: /bin/kstat: No such file or directory
sh: /bin/kstat: No such file or directory
sh: /bin/kstat: No such file or directory
sh: /bin/kstat: No such file or directory
sh: /bin/kstat: No such file or directory
sh: /bin/kstat: No such file or directory
sh: /bin/kstat: No such file or directory
sh: /bin/kstat: No such file or directory
sh: /bin/kstat: No such file or directory
sh: /bin/kstat: No such file or directory
sh: /bin/kstat: No such file or directory
sh: /bin/kstat: No such file or directory
sh: /bin/kstat: No such file or directory
sh: /bin/kstat: No such file or directory
sh: /bin/kstat: No such file or directory
sh: /bin/kstat: No such file or directory
sh: /bin/kstat: No such file or directory
sh: /bin/kstat: No such file or directory
sh: /bin/kstat: No such file or directory
sh: /bin/kstat: No such file or directory
sh: /bin/kstat: No such file or directory
sh: /bin/kstat: No such file or directory
sh: /bin/kstat: No such file or directory
sh: /bin/kstat: No such file or directory
sh: /bin/kstat: No such file or directory
sh: /bin/kstat: No such file or directory
sh: /bin/kstat: No such file or directory
sh: /bin/kstat: No such file or directory
sh: /bin/kstat: No such file or directory
sh: /bin/kstat: No such file or directory
sh: /bin/kstat: No such file or directory
sh: /bin/kstat: No such file or directory
sh: /bin/kstat: No such file or directory
sh: /bin/kstat: No such file or directory
sh: /bin/kstat: No such file or directory
sh: /bin/kstat: No such file or directory
sh: /bin/kstat: No such file or directory
sh: /bin/kstat: No such file or directory
sh: /bin/kstat: No such file or directory
sh: /bin/kstat: No such file or directory
sh: /bin/kstat: No such file or directory
sh: /bin/kstat: No such file or directory
sh: /bin/kstat: No such file or directory
sh: /bin/kstat: No such file or directory
sh: /bin/kstat: No such file or directory
sh: /bin/kstat: No such file or directory
sh: /bin/kstat: No such file or directory
sh: /bin/kstat: No such file or directory
sh: /bin/kstat: No such file or directory
sh: /bin/kstat: No such file or directory
sh: /bin/kstat: No such file or directory
sh: /bin/kstat: No such file or directory
sh: /bin/kstat: No such file or directory
sh: /bin/kstat: No such file or directory
sh: /bin/kstat: No such file or directory
sh: /bin/kstat: No such file or directory
sh: /bin/kstat: No such file or directory
sh: /bin/kstat: No such file or directory
sh: /bin/kstat: No such file or directory
sh: /bin/kstat: No such file or directory
sh: /bin/kstat: No such file or directory
sh: /bin/kstat: No such file or directory
sh: /bin/kstat: No such file or directory
sh: /bin/kstat: No such file or directory
sh: /bin/kstat: No such file or directory
sh: /bin/kstat: No such file or directory
sh: /bin/kstat: No such file or directory
sh: /bin/kstat: No such file or directory
sh: /bin/kstat: No such file or directory
sh: /bin/kstat: No such file or directory
sh: /bin/kstat: No such file or directory
sh: /bin/kstat: No such file or directory
sh: /bin/kstat: No such file or directory
sh: /bin/kstat: No such file or directory
sh: /bin/kstat: No such file or directory
sh: /bin/kstat: No such file or directory
sh: /bin/kstat: No such file or directory
sh: /bin/kstat: No such file or directory
sh: /bin/kstat: No such file or directory
sh: /bin/kstat: No such file or directory
sh: /bin/kstat: No such file or directory
sh: /bin/kstat: No such file or directory
sh: /bin/kstat: No such file or directory
sh: /bin/kstat: No such file or directory
sh: /bin/kstat: No such file or directory
sh: /bin/kstat: No such file or directory
sh: /bin/kstat: No such file or directory
sh: /bin/kstat: No such file or directory
sh: /bin/kstat: No such file or directory
sh: /bin/kstat: No such file or directory
sh: /bin/kstat: No such file or directory
sh: /bin/kstat: No such file or directory
sh: /bin/kstat: No such file or directory
sh: /bin/kstat: No such file or directory
sh: /bin/kstat: No such file or directory
sh: /bin/kstat: No such file or directory
sh: /bin/kstat: No such file or directory
sh: /bin/kstat: No such file or directory
sh: /bin/kstat: No such file or directory
sh: /bin/kstat: No such file or directory
sh: /bin/kstat: No such file or directory
sh: /bin/kstat: No such file or directory
sh: /bin/kstat: No such file or directory
sh: /bin/kstat: No such file or directory
sh: /bin/kstat: No such file or directory
sh: /bin/kstat: No such file or directory
sh: /bin/kstat: No such file or directory
sh: /bin/kstat: No such file or directory
sh: /bin/kstat: No such file or directory
sh: /bin/kstat: No such file or directory
sh: /bin/kstat: No such file or directory
sh: /bin/kstat: No such file or directory
sh: /bin/kstat: No such file or directory
sh: /bin/kstat: No such file or directory
sh: /bin/kstat: No such file or directory
sh: /bin/kstat: No such file or directory
sh: /bin/kstat: No such file or directory
sh: /bin/kstat: No such file or directory
sh: /bin/kstat: No such file or directory
sh: /bin/kstat: No such file or directory
sh: /bin/kstat: No such file or directory
sh: /bin/kstat: No such file or directory
sh: /bin/kstat: No such file or directory
sh: /bin/kstat: No such file or directory
sh: /bin/kstat: No such file or directory
sh: /bin/kstat: No such file or directory
sh: /bin/kstat: No such file or directory
sh: /bin/kstat: No such file or directory
sh: /bin/kstat: No such file or directory
sh: /bin/kstat: No such file or directory
sh: /bin/kstat: No such file or directory
sh: /bin/kstat: No such file or directory
sh: /bin/kstat: No such file or directory
sh: /bin/kstat: No such file or directory
sh: /bin/kstat: No such file or directory
sh: /bin/kstat: No such file or directory
sh: /bin/kstat: No such file or directory
sh: /bin/kstat: No such file or directory
sh: /bin/kstat: No such file or directory
sh: /bin/kstat: No such file or directory
sh: /bin/kstat: No such file or directory
sh: /bin/kstat: No such file or directory
sh: /bin/kstat: No such file or directory
sh: /bin/kstat: No such file or directory
sh: /bin/kstat: No such file or directory
sh: /bin/kstat: No such file or directory
sh: /bin/kstat: No such file or directory
sh: /bin/kstat: No such file or directory
sh: /bin/kstat: No such file or directory
sh: /bin/kstat: No such file or directory
sh: /bin/kstat: No such file or directory
sh: /bin/kstat: No such file or directory
sh: /bin/kstat: No such file or directory
sh: /bin/kstat: No such file or directory
sh: /bin/kstat: No such file or directory
sh: /bin/kstat: No such file or directory
sh: /bin/kstat: No such file or directory
sh: /bin/kstat: No such file or directory
sh: /bin/kstat: No such file or directory
sh: /bin/kstat: No such file or directory
sh: /bin/kstat: No such file or directory
sh: /bin/kstat: No such file or directory
sh: /bin/kstat: No such file or directory
sh: /bin/kstat: No such file or directory
sh: /bin/kstat: No such file or directory
sh: /bin/kstat: No such file or directory
sh: /bin/kstat: No such file or directory
sh: /bin/kstat: No such file or directory
sh: /bin/kstat: No such file or directory
sh: /bin/kstat: No such file or directory
sh: /bin/kstat: No such file or directory
sh: /bin/kstat: No such file or directory
sh: /bin/kstat: No such file or directory
sh: /bin/kstat: No such file or directory
 *** WARNING *** GMRFLib_2order_approx: rescue NAN/INF values in logl for idx=12220
 *** WARNING *** GMRFLib_2order_approx: reset counter for 2 NAN/INF values in logl

S7 full-data fixed effects:
                                                                 mean
(Intercept)                                               -0.25918660
rainfall_lag_z                                             0.14395543
humidity_lag_z                                            -0.04058029
temperature_lag_z                                         -0.04447060
idhm_z                                                     0.52918224
log_cases_lag_z                                            0.91968082
neighbor_log_cases_lag_z                                   0.28393006
temperature_lag_region_Campos.dos.Goytacazes               0.13163326
temperature_lag_region_Macaé...Rio.das.Ostras...Cabo.Frio  0.16264361
temperature_lag_region_Petrópolis                          0.03479679
temperature_lag_region_Volta.Redonda...Barra.Mansa         0.08257462
                                                                  sd
(Intercept)                                               0.15143989
rainfall_lag_z                                            0.02537675
humidity_lag_z                                            0.01431822
temperature_lag_z                                         0.02315109
idhm_z                                                    0.08850336
log_cases_lag_z                                           0.01054265
neighbor_log_cases_lag_z                                  0.02058345
temperature_lag_region_Campos.dos.Goytacazes              0.02810215
temperature_lag_region_Macaé...Rio.das.Ostras...Cabo.Frio 0.03039893
temperature_lag_region_Petrópolis                         0.03168617
temperature_lag_region_Volta.Redonda...Barra.Mansa        0.02593182
                                                           0.025quant
(Intercept)                                               -0.55782201
rainfall_lag_z                                             0.09391336
humidity_lag_z                                            -0.06866101
temperature_lag_z                                         -0.08989858
idhm_z                                                     0.35441371
log_cases_lag_z                                            0.89900988
neighbor_log_cases_lag_z                                   0.24356553
temperature_lag_region_Campos.dos.Goytacazes               0.07653133
temperature_lag_region_Macaé...Rio.das.Ostras...Cabo.Frio  0.10303311
temperature_lag_region_Petrópolis                         -0.02732711
temperature_lag_region_Volta.Redonda...Barra.Mansa         0.03173347
                                                             0.5quant
(Intercept)                                               -0.25957105
rainfall_lag_z                                             0.14405610
humidity_lag_z                                            -0.04057898
temperature_lag_z                                         -0.04446011
idhm_z                                                     0.52944735
log_cases_lag_z                                            0.91967995
neighbor_log_cases_lag_z                                   0.28393109
temperature_lag_region_Campos.dos.Goytacazes               0.13163176
temperature_lag_region_Macaé...Rio.das.Ostras...Cabo.Frio  0.16264377
temperature_lag_region_Petrópolis                          0.03479323
temperature_lag_region_Volta.Redonda...Barra.Mansa         0.08257137
                                                             0.975quant
(Intercept)                                                0.0415844210
rainfall_lag_z                                             0.1934321742
humidity_lag_z                                            -0.0125070332
temperature_lag_z                                          0.0008976162
idhm_z                                                     0.7025237080
log_cases_lag_z                                            0.9403567070
neighbor_log_cases_lag_z                                   0.3242890123
temperature_lag_region_Campos.dos.Goytacazes               0.1867437626
temperature_lag_region_Macaé...Rio.das.Ostras...Cabo.Frio  0.2222532034
temperature_lag_region_Petrópolis                          0.0969409862
temperature_lag_region_Volta.Redonda...Barra.Mansa         0.1334342369
                                                                 mode
(Intercept)                                               -0.25958647
rainfall_lag_z                                             0.14405854
humidity_lag_z                                            -0.04057898
temperature_lag_z                                         -0.04446005
idhm_z                                                     0.52946395
log_cases_lag_z                                            0.91967995
neighbor_log_cases_lag_z                                   0.28393119
temperature_lag_region_Campos.dos.Goytacazes               0.13163175
temperature_lag_region_Macaé...Rio.das.Ostras...Cabo.Frio  0.16264377
temperature_lag_region_Petrópolis                          0.03479321
temperature_lag_region_Volta.Redonda...Barra.Mansa         0.08257136
                                                                   kld
(Intercept)                                               1.624603e-06
rainfall_lag_z                                            3.970301e-09
humidity_lag_z                                            4.764960e-11
temperature_lag_z                                         9.129736e-11
idhm_z                                                    1.513579e-08
log_cases_lag_z                                           4.587250e-11
neighbor_log_cases_lag_z                                  6.283591e-11
temperature_lag_region_Campos.dos.Goytacazes              4.693594e-11
temperature_lag_region_Macaé...Rio.das.Ostras...Cabo.Frio 4.595739e-11
temperature_lag_region_Petrópolis                         5.138368e-11
temperature_lag_region_Volta.Redonda...Barra.Mansa        5.007533e-11

S7 full-data model criteria:
    model      dic     waic
   <char>    <num>    <num>
1:     S7 91110.94 91276.76
Criteria: /Users/ethanmassey/VS_Code_Test/Hierarchical-Bayesian-Model/outputs/spatial_inla_s7_temperature_region_model_criteria.csv 

S7 full-data region-specific temperature effects:
                               region temperature_effect_mean
                               <char>                   <num>
1:              Campos dos Goytacazes             0.087162656
2: Macaé - Rio das Ostras - Cabo Frio             0.118173007
3:                         Petrópolis            -0.009673809
4:                     Rio de Janeiro            -0.044470604
5:        Volta Redonda - Barra Mansa             0.038104013
   temperature_effect_q025 temperature_effect_q975 temperature_relative_risk
                     <num>                   <num>                     <num>
1:              0.01579864            0.1585266711                 1.0910741
2:              0.04327978            0.1930662311                 1.1254388
3:             -0.08658942            0.0672418033                 0.9903728
4:             -0.08984673            0.0009055229                 0.9565037
5:             -0.03003051            0.1062385371                 1.0388393
   temperature_relative_risk_q025 temperature_relative_risk_q975
                            <num>                          <num>
1:                      1.0159241                       1.171783
2:                      1.0442300                       1.212963
3:                      0.9170535                       1.069554
4:                      0.9140713                       1.000906
5:                      0.9704159                       1.112087
sh: /bin/kstat: No such file or directory
sh: /bin/kstat: No such file or directory
sh: /bin/kstat: No such file or directory
sh: /bin/kstat: No such file or directory
sh: /bin/kstat: No such file or directory
sh: /bin/kstat: No such file or directory
sh: /bin/kstat: No such file or directory
sh: /bin/kstat: No such file or directory
sh: /bin/kstat: No such file or directory
sh: /bin/kstat: No such file or directory
sh: /bin/kstat: No such file or directory
sh: /bin/kstat: No such file or directory
sh: /bin/kstat: No such file or directory
sh: /bin/kstat: No such file or directory
sh: /bin/kstat: No such file or directory
sh: /bin/kstat: No such file or directory
sh: /bin/kstat: No such file or directory
sh: /bin/kstat: No such file or directory
sh: /bin/kstat: No such file or directory
sh: /bin/kstat: No such file or directory
sh: /bin/kstat: No such file or directory
sh: /bin/kstat: No such file or directory
sh: /bin/kstat: No such file or directory
sh: /bin/kstat: No such file or directory
sh: /bin/kstat: No such file or directory
sh: /bin/kstat: No such file or directory
sh: /bin/kstat: No such file or directory
sh: /bin/kstat: No such file or directory
sh: /bin/kstat: No such file or directory
sh: /bin/kstat: No such file or directory
sh: /bin/kstat: No such file or directory
sh: /bin/kstat: No such file or directory
sh: /bin/kstat: No such file or directory
sh: /bin/kstat: No such file or directory
sh: /bin/kstat: No such file or directory
sh: /bin/kstat: No such file or directory
sh: /bin/kstat: No such file or directory
sh: /bin/kstat: No such file or directory
sh: /bin/kstat: No such file or directory
sh: /bin/kstat: No such file or directory
sh: /bin/kstat: No such file or directory
sh: /bin/kstat: No such file or directory
sh: /bin/kstat: No such file or directory
sh: /bin/kstat: No such file or directory
sh: /bin/kstat: No such file or directory
sh: /bin/kstat: No such file or directory
sh: /bin/kstat: No such file or directory
sh: /bin/kstat: No such file or directory
sh: /bin/kstat: No such file or directory
sh: /bin/kstat: No such file or directory
sh: /bin/kstat: No such file or directory
sh: /bin/kstat: No such file or directory
sh: /bin/kstat: No such file or directory
sh: /bin/kstat: No such file or directory
sh: /bin/kstat: No such file or directory
sh: /bin/kstat: No such file or directory
sh: /bin/kstat: No such file or directory
sh: /bin/kstat: No such file or directory
sh: /bin/kstat: No such file or directory
sh: /bin/kstat: No such file or directory
sh: /bin/kstat: No such file or directory
sh: /bin/kstat: No such file or directory
sh: /bin/kstat: No such file or directory
sh: /bin/kstat: No such file or directory
sh: /bin/kstat: No such file or directory
sh: /bin/kstat: No such file or directory
sh: /bin/kstat: No such file or directory
sh: /bin/kstat: No such file or directory
sh: /bin/kstat: No such file or directory
sh: /bin/kstat: No such file or directory
sh: /bin/kstat: No such file or directory
sh: /bin/kstat: No such file or directory
sh: /bin/kstat: No such file or directory
sh: /bin/kstat: No such file or directory
sh: /bin/kstat: No such file or directory
sh: /bin/kstat: No such file or directory
sh: /bin/kstat: No such file or directory
sh: /bin/kstat: No such file or directory
sh: /bin/kstat: No such file or directory
sh: /bin/kstat: No such file or directory
sh: /bin/kstat: No such file or directory
sh: /bin/kstat: No such file or directory
sh: /bin/kstat: No such file or directory
sh: /bin/kstat: No such file or directory
sh: /bin/kstat: No such file or directory
sh: /bin/kstat: No such file or directory
sh: /bin/kstat: No such file or directory
sh: /bin/kstat: No such file or directory
sh: /bin/kstat: No such file or directory
sh: /bin/kstat: No such file or directory
sh: /bin/kstat: No such file or directory
sh: /bin/kstat: No such file or directory
sh: /bin/kstat: No such file or directory
sh: /bin/kstat: No such file or directory
sh: /bin/kstat: No such file or directory
sh: /bin/kstat: No such file or directory
sh: /bin/kstat: No such file or directory
sh: /bin/kstat: No such file or directory
sh: /bin/kstat: No such file or directory
sh: /bin/kstat: No such file or directory
sh: /bin/kstat: No such file or directory
sh: /bin/kstat: No such file or directory
sh: /bin/kstat: No such file or directory
sh: /bin/kstat: No such file or directory
sh: /bin/kstat: No such file or directory
sh: /bin/kstat: No such file or directory
sh: /bin/kstat: No such file or directory
sh: /bin/kstat: No such file or directory
sh: /bin/kstat: No such file or directory
sh: /bin/kstat: No such file or directory
sh: /bin/kstat: No such file or directory
sh: /bin/kstat: No such file or directory
sh: /bin/kstat: No such file or directory
sh: /bin/kstat: No such file or directory
sh: /bin/kstat: No such file or directory
sh: /bin/kstat: No such file or directory
sh: /bin/kstat: No such file or directory
sh: /bin/kstat: No such file or directory
sh: /bin/kstat: No such file or directory
sh: /bin/kstat: No such file or directory
sh: /bin/kstat: No such file or directory
sh: /bin/kstat: No such file or directory
sh: /bin/kstat: No such file or directory
sh: /bin/kstat: No such file or directory
sh: /bin/kstat: No such file or directory
sh: /bin/kstat: No such file or directory
sh: /bin/kstat: No such file or directory
sh: /bin/kstat: No such file or directory
sh: /bin/kstat: No such file or directory
sh: /bin/kstat: No such file or directory
sh: /bin/kstat: No such file or directory
sh: /bin/kstat: No such file or directory
sh: /bin/kstat: No such file or directory
sh: /bin/kstat: No such file or directory
sh: /bin/kstat: No such file or directory
sh: /bin/kstat: No such file or directory
sh: /bin/kstat: No such file or directory
sh: /bin/kstat: No such file or directory
sh: /bin/kstat: No such file or directory
sh: /bin/kstat: No such file or directory
sh: /bin/kstat: No such file or directory
sh: /bin/kstat: No such file or directory
sh: /bin/kstat: No such file or directory
sh: /bin/kstat: No such file or directory
sh: /bin/kstat: No such file or directory
sh: /bin/kstat: No such file or directory
sh: /bin/kstat: No such file or directory
sh: /bin/kstat: No such file or directory
sh: /bin/kstat: No such file or directory
sh: /bin/kstat: No such file or directory
sh: /bin/kstat: No such file or directory
sh: /bin/kstat: No such file or directory
sh: /bin/kstat: No such file or directory
sh: /bin/kstat: No such file or directory
sh: /bin/kstat: No such file or directory
sh: /bin/kstat: No such file or directory
sh: /bin/kstat: No such file or directory
sh: /bin/kstat: No such file or directory
sh: /bin/kstat: No such file or directory
sh: /bin/kstat: No such file or directory
sh: /bin/kstat: No such file or directory
sh: /bin/kstat: No such file or directory
sh: /bin/kstat: No such file or directory
sh: /bin/kstat: No such file or directory
sh: /bin/kstat: No such file or directory
sh: /bin/kstat: No such file or directory
sh: /bin/kstat: No such file or directory
sh: /bin/kstat: No such file or directory
sh: /bin/kstat: No such file or directory
sh: /bin/kstat: No such file or directory
sh: /bin/kstat: No such file or directory
sh: /bin/kstat: No such file or directory
sh: /bin/kstat: No such file or directory
sh: /bin/kstat: No such file or directory
sh: /bin/kstat: No such file or directory
sh: /bin/kstat: No such file or directory
sh: /bin/kstat: No such file or directory
sh: /bin/kstat: No such file or directory
sh: /bin/kstat: No such file or directory
sh: /bin/kstat: No such file or directory
sh: /bin/kstat: No such file or directory
sh: /bin/kstat: No such file or directory
sh: /bin/kstat: No such file or directory
sh: /bin/kstat: No such file or directory
sh: /bin/kstat: No such file or directory
sh: /bin/kstat: No such file or directory
sh: /bin/kstat: No such file or directory
sh: /bin/kstat: No such file or directory
sh: /bin/kstat: No such file or directory
sh: /bin/kstat: No such file or directory
sh: /bin/kstat: No such file or directory
sh: /bin/kstat: No such file or directory
sh: /bin/kstat: No such file or directory
sh: /bin/kstat: No such file or directory
sh: /bin/kstat: No such file or directory
sh: /bin/kstat: No such file or directory
sh: /bin/kstat: No such file or directory
sh: /bin/kstat: No such file or directory
sh: /bin/kstat: No such file or directory
sh: /bin/kstat: No such file or directory
sh: /bin/kstat: No such file or directory
sh: /bin/kstat: No such file or directory
sh: /bin/kstat: No such file or directory
sh: /bin/kstat: No such file or directory
sh: /bin/kstat: No such file or directory
sh: /bin/kstat: No such file or directory
sh: /bin/kstat: No such file or directory
sh: /bin/kstat: No such file or directory
sh: /bin/kstat: No such file or directory
sh: /bin/kstat: No such file or directory
sh: /bin/kstat: No such file or directory
sh: /bin/kstat: No such file or directory
sh: /bin/kstat: No such file or directory
sh: /bin/kstat: No such file or directory
sh: /bin/kstat: No such file or directory
sh: /bin/kstat: No such file or directory
sh: /bin/kstat: No such file or directory
sh: /bin/kstat: No such file or directory
sh: /bin/kstat: No such file or directory
sh: /bin/kstat: No such file or directory
sh: /bin/kstat: No such file or directory
sh: /bin/kstat: No such file or directory
sh: /bin/kstat: No such file or directory
sh: /bin/kstat: No such file or directory
sh: /bin/kstat: No such file or directory
sh: /bin/kstat: No such file or directory
sh: /bin/kstat: No such file or directory
sh: /bin/kstat: No such file or directory
sh: /bin/kstat: No such file or directory
sh: /bin/kstat: No such file or directory
sh: /bin/kstat: No such file or directory
sh: /bin/kstat: No such file or directory
sh: /bin/kstat: No such file or directory
sh: /bin/kstat: No such file or directory
sh: /bin/kstat: No such file or directory
sh: /bin/kstat: No such file or directory
sh: /bin/kstat: No such file or directory
sh: /bin/kstat: No such file or directory
sh: /bin/kstat: No such file or directory
sh: /bin/kstat: No such file or directory
sh: /bin/kstat: No such file or directory
sh: /bin/kstat: No such file or directory
sh: /bin/kstat: No such file or directory
sh: /bin/kstat: No such file or directory
sh: /bin/kstat: No such file or directory
sh: /bin/kstat: No such file or directory
sh: /bin/kstat: No such file or directory
sh: /bin/kstat: No such file or directory
sh: /bin/kstat: No such file or directory
sh: /bin/kstat: No such file or directory
sh: /bin/kstat: No such file or directory
sh: /bin/kstat: No such file or directory
sh: /bin/kstat: No such file or directory
sh: /bin/kstat: No such file or directory
sh: /bin/kstat: No such file or directory
sh: /bin/kstat: No such file or directory
sh: /bin/kstat: No such file or directory
sh: /bin/kstat: No such file or directory
sh: /bin/kstat: No such file or directory
sh: /bin/kstat: No such file or directory
sh: /bin/kstat: No such file or directory
sh: /bin/kstat: No such file or directory
sh: /bin/kstat: No such file or directory
sh: /bin/kstat: No such file or directory
sh: /bin/kstat: No such file or directory
sh: /bin/kstat: No such file or directory
sh: /bin/kstat: No such file or directory
sh: /bin/kstat: No such file or directory
sh: /bin/kstat: No such file or directory
sh: /bin/kstat: No such file or directory
sh: /bin/kstat: No such file or directory
sh: /bin/kstat: No such file or directory
sh: /bin/kstat: No such file or directory
sh: /bin/kstat: No such file or directory
sh: /bin/kstat: No such file or directory
sh: /bin/kstat: No such file or directory
sh: /bin/kstat: No such file or directory
sh: /bin/kstat: No such file or directory
sh: /bin/kstat: No such file or directory
sh: /bin/kstat: No such file or directory
sh: /bin/kstat: No such file or directory
sh: /bin/kstat: No such file or directory
sh: /bin/kstat: No such file or directory
sh: /bin/kstat: No such file or directory
sh: /bin/kstat: No such file or directory
sh: /bin/kstat: No such file or directory
sh: /bin/kstat: No such file or directory
sh: /bin/kstat: No such file or directory
sh: /bin/kstat: No such file or directory
sh: /bin/kstat: No such file or directory
sh: /bin/kstat: No such file or directory
sh: /bin/kstat: No such file or directory
sh: /bin/kstat: No such file or directory
sh: /bin/kstat: No such file or directory
sh: /bin/kstat: No such file or directory
sh: /bin/kstat: No such file or directory
sh: /bin/kstat: No such file or directory
sh: /bin/kstat: No such file or directory
sh: /bin/kstat: No such file or directory
sh: /bin/kstat: No such file or directory
sh: /bin/kstat: No such file or directory
sh: /bin/kstat: No such file or directory
sh: /bin/kstat: No such file or directory
sh: /bin/kstat: No such file or directory
sh: /bin/kstat: No such file or directory
sh: /bin/kstat: No such file or directory
sh: /bin/kstat: No such file or directory
sh: /bin/kstat: No such file or directory
sh: /bin/kstat: No such file or directory
sh: /bin/kstat: No such file or directory
sh: /bin/kstat: No such file or directory
sh: /bin/kstat: No such file or directory
sh: /bin/kstat: No such file or directory
sh: /bin/kstat: No such file or directory
sh: /bin/kstat: No such file or directory
sh: /bin/kstat: No such file or directory
sh: /bin/kstat: No such file or directory
sh: /bin/kstat: No such file or directory
sh: /bin/kstat: No such file or directory
sh: /bin/kstat: No such file or directory
sh: /bin/kstat: No such file or directory
sh: /bin/kstat: No such file or directory
sh: /bin/kstat: No such file or directory
sh: /bin/kstat: No such file or directory
sh: /bin/kstat: No such file or directory
sh: /bin/kstat: No such file or directory
sh: /bin/kstat: No such file or directory
sh: /bin/kstat: No such file or directory
sh: /bin/kstat: No such file or directory
sh: /bin/kstat: No such file or directory
sh: /bin/kstat: No such file or directory
sh: /bin/kstat: No such file or directory
sh: /bin/kstat: No such file or directory
sh: /bin/kstat: No such file or directory
sh: /bin/kstat: No such file or directory
sh: /bin/kstat: No such file or directory
sh: /bin/kstat: No such file or directory
sh: /bin/kstat: No such file or directory
sh: /bin/kstat: No such file or directory
sh: /bin/kstat: No such file or directory
sh: /bin/kstat: No such file or directory
sh: /bin/kstat: No such file or directory
sh: /bin/kstat: No such file or directory
sh: /bin/kstat: No such file or directory
sh: /bin/kstat: No such file or directory
sh: /bin/kstat: No such file or directory
sh: /bin/kstat: No such file or directory
sh: /bin/kstat: No such file or directory
sh: /bin/kstat: No such file or directory
sh: /bin/kstat: No such file or directory
sh: /bin/kstat: No such file or directory
sh: /bin/kstat: No such file or directory
sh: /bin/kstat: No such file or directory
sh: /bin/kstat: No such file or directory
sh: /bin/kstat: No such file or directory
sh: /bin/kstat: No such file or directory
sh: /bin/kstat: No such file or directory
sh: /bin/kstat: No such file or directory
sh: /bin/kstat: No such file or directory
sh: /bin/kstat: No such file or directory
sh: /bin/kstat: No such file or directory
sh: /bin/kstat: No such file or directory
sh: /bin/kstat: No such file or directory
sh: /bin/kstat: No such file or directory
sh: /bin/kstat: No such file or directory
sh: /bin/kstat: No such file or directory
sh: /bin/kstat: No such file or directory
sh: /bin/kstat: No such file or directory
sh: /bin/kstat: No such file or directory
sh: /bin/kstat: No such file or directory
sh: /bin/kstat: No such file or directory
sh: /bin/kstat: No such file or directory
sh: /bin/kstat: No such file or directory
sh: /bin/kstat: No such file or directory
sh: /bin/kstat: No such file or directory
sh: /bin/kstat: No such file or directory
sh: /bin/kstat: No such file or directory
sh: /bin/kstat: No such file or directory
sh: /bin/kstat: No such file or directory
sh: /bin/kstat: No such file or directory
sh: /bin/kstat: No such file or directory
sh: /bin/kstat: No such file or directory
sh: /bin/kstat: No such file or directory
sh: /bin/kstat: No such file or directory
sh: /bin/kstat: No such file or directory
sh: /bin/kstat: No such file or directory
sh: /bin/kstat: No such file or directory
sh: /bin/kstat: No such file or directory
sh: /bin/kstat: No such file or directory
sh: /bin/kstat: No such file or directory
sh: /bin/kstat: No such file or directory
sh: /bin/kstat: No such file or directory
sh: /bin/kstat: No such file or directory
sh: /bin/kstat: No such file or directory
sh: /bin/kstat: No such file or directory
sh: /bin/kstat: No such file or directory
sh: /bin/kstat: No such file or directory
sh: /bin/kstat: No such file or directory
sh: /bin/kstat: No such file or directory
sh: /bin/kstat: No such file or directory
sh: /bin/kstat: No such file or directory
sh: /bin/kstat: No such file or directory
sh: /bin/kstat: No such file or directory
sh: /bin/kstat: No such file or directory
sh: /bin/kstat: No such file or directory
sh: /bin/kstat: No such file or directory
sh: /bin/kstat: No such file or directory
sh: /bin/kstat: No such file or directory
sh: /bin/kstat: No such file or directory
sh: /bin/kstat: No such file or directory
sh: /bin/kstat: No such file or directory
sh: /bin/kstat: No such file or directory
sh: /bin/kstat: No such file or directory
sh: /bin/kstat: No such file or directory
sh: /bin/kstat: No such file or directory
sh: /bin/kstat: No such file or directory
sh: /bin/kstat: No such file or directory
sh: /bin/kstat: No such file or directory
sh: /bin/kstat: No such file or directory
sh: /bin/kstat: No such file or directory
sh: /bin/kstat: No such file or directory
sh: /bin/kstat: No such file or directory
sh: /bin/kstat: No such file or directory
sh: /bin/kstat: No such file or directory
sh: /bin/kstat: No such file or directory
sh: /bin/kstat: No such file or directory
sh: /bin/kstat: No such file or directory
sh: /bin/kstat: No such file or directory
sh: /bin/kstat: No such file or directory
sh: /bin/kstat: No such file or directory
sh: /bin/kstat: No such file or directory
sh: /bin/kstat: No such file or directory
sh: /bin/kstat: No such file or directory
sh: /bin/kstat: No such file or directory
sh: /bin/kstat: No such file or directory
sh: /bin/kstat: No such file or directory
sh: /bin/kstat: No such file or directory
sh: /bin/kstat: No such file or directory
sh: /bin/kstat: No such file or directory
sh: /bin/kstat: No such file or directory
sh: /bin/kstat: No such file or directory
sh: /bin/kstat: No such file or directory
sh: /bin/kstat: No such file or directory
sh: /bin/kstat: No such file or directory
sh: /bin/kstat: No such file or directory
sh: /bin/kstat: No such file or directory
sh: /bin/kstat: No such file or directory
sh: /bin/kstat: No such file or directory
sh: /bin/kstat: No such file or directory
sh: /bin/kstat: No such file or directory
sh: /bin/kstat: No such file or directory
sh: /bin/kstat: No such file or directory
sh: /bin/kstat: No such file or directory
sh: /bin/kstat: No such file or directory
sh: /bin/kstat: No such file or directory
sh: /bin/kstat: No such file or directory
sh: /bin/kstat: No such file or directory
sh: /bin/kstat: No such file or directory
sh: /bin/kstat: No such file or directory
sh: /bin/kstat: No such file or directory
sh: /bin/kstat: No such file or directory
sh: /bin/kstat: No such file or directory
sh: /bin/kstat: No such file or directory
sh: /bin/kstat: No such file or directory
sh: /bin/kstat: No such file or directory
sh: /bin/kstat: No such file or directory
sh: /bin/kstat: No such file or directory
sh: /bin/kstat: No such file or directory
sh: /bin/kstat: No such file or directory
sh: /bin/kstat: No such file or directory
sh: /bin/kstat: No such file or directory
sh: /bin/kstat: No such file or directory
sh: /bin/kstat: No such file or directory
sh: /bin/kstat: No such file or directory
sh: /bin/kstat: No such file or directory
sh: /bin/kstat: No such file or directory
sh: /bin/kstat: No such file or directory
sh: /bin/kstat: No such file or directory
sh: /bin/kstat: No such file or directory
sh: /bin/kstat: No such file or directory
sh: /bin/kstat: No such file or directory
sh: /bin/kstat: No such file or directory
sh: /bin/kstat: No such file or directory
sh: /bin/kstat: No such file or directory
sh: /bin/kstat: No such file or directory
sh: /bin/kstat: No such file or directory
sh: /bin/kstat: No such file or directory
sh: /bin/kstat: No such file or directory
sh: /bin/kstat: No such file or directory
sh: /bin/kstat: No such file or directory
sh: /bin/kstat: No such file or directory
sh: /bin/kstat: No such file or directory
sh: /bin/kstat: No such file or directory
sh: /bin/kstat: No such file or directory
sh: /bin/kstat: No such file or directory
sh: /bin/kstat: No such file or directory
sh: /bin/kstat: No such file or directory
sh: /bin/kstat: No such file or directory
sh: /bin/kstat: No such file or directory
sh: /bin/kstat: No such file or directory
sh: /bin/kstat: No such file or directory
sh: /bin/kstat: No such file or directory
sh: /bin/kstat: No such file or directory
sh: /bin/kstat: No such file or directory
sh: /bin/kstat: No such file or directory
sh: /bin/kstat: No such file or directory
sh: /bin/kstat: No such file or directory
sh: /bin/kstat: No such file or directory
sh: /bin/kstat: No such file or directory
sh: /bin/kstat: No such file or directory
sh: /bin/kstat: No such file or directory
sh: /bin/kstat: No such file or directory
sh: /bin/kstat: No such file or directory
sh: /bin/kstat: No such file or directory
sh: /bin/kstat: No such file or directory
sh: /bin/kstat: No such file or directory
sh: /bin/kstat: No such file or directory
sh: /bin/kstat: No such file or directory
sh: /bin/kstat: No such file or directory
sh: /bin/kstat: No such file or directory
sh: /bin/kstat: No such file or directory
sh: /bin/kstat: No such file or directory
sh: /bin/kstat: No such file or directory
sh: /bin/kstat: No such file or directory
sh: /bin/kstat: No such file or directory
sh: /bin/kstat: No such file or directory
sh: /bin/kstat: No such file or directory
sh: /bin/kstat: No such file or directory
sh: /bin/kstat: No such file or directory
sh: /bin/kstat: No such file or directory
sh: /bin/kstat: No such file or directory
sh: /bin/kstat: No such file or directory
sh: /bin/kstat: No such file or directory
sh: /bin/kstat: No such file or directory
sh: /bin/kstat: No such file or directory
sh: /bin/kstat: No such file or directory
sh: /bin/kstat: No such file or directory
sh: /bin/kstat: No such file or directory
sh: /bin/kstat: No such file or directory
sh: /bin/kstat: No such file or directory
sh: /bin/kstat: No such file or directory
sh: /bin/kstat: No such file or directory
sh: /bin/kstat: No such file or directory
sh: /bin/kstat: No such file or directory
sh: /bin/kstat: No such file or directory
sh: /bin/kstat: No such file or directory
sh: /bin/kstat: No such file or directory
sh: /bin/kstat: No such file or directory
sh: /bin/kstat: No such file or directory
sh: /bin/kstat: No such file or directory
sh: /bin/kstat: No such file or directory
sh: /bin/kstat: No such file or directory
sh: /bin/kstat: No such file or directory
sh: /bin/kstat: No such file or directory
sh: /bin/kstat: No such file or directory
sh: /bin/kstat: No such file or directory
sh: /bin/kstat: No such file or directory
sh: /bin/kstat: No such file or directory
sh: /bin/kstat: No such file or directory
sh: /bin/kstat: No such file or directory
sh: /bin/kstat: No such file or directory
sh: /bin/kstat: No such file or directory
sh: /bin/kstat: No such file or directory
sh: /bin/kstat: No such file or directory
sh: /bin/kstat: No such file or directory
sh: /bin/kstat: No such file or directory
sh: /bin/kstat: No such file or directory
sh: /bin/kstat: No such file or directory
sh: /bin/kstat: No such file or directory
sh: /bin/kstat: No such file or directory
sh: /bin/kstat: No such file or directory
sh: /bin/kstat: No such file or directory
sh: /bin/kstat: No such file or directory
sh: /bin/kstat: No such file or directory
sh: /bin/kstat: No such file or directory
sh: /bin/kstat: No such file or directory
sh: /bin/kstat: No such file or directory
sh: /bin/kstat: No such file or directory
sh: /bin/kstat: No such file or directory
sh: /bin/kstat: No such file or directory
sh: /bin/kstat: No such file or directory
sh: /bin/kstat: No such file or directory
sh: /bin/kstat: No such file or directory
sh: /bin/kstat: No such file or directory
sh: /bin/kstat: No such file or directory
sh: /bin/kstat: No such file or directory
sh: /bin/kstat: No such file or directory
sh: /bin/kstat: No such file or directory
sh: /bin/kstat: No such file or directory
sh: /bin/kstat: No such file or directory
sh: /bin/kstat: No such file or directory
sh: /bin/kstat: No such file or directory
sh: /bin/kstat: No such file or directory
sh: /bin/kstat: No such file or directory
sh: /bin/kstat: No such file or directory
sh: /bin/kstat: No such file or directory
sh: /bin/kstat: No such file or directory
sh: /bin/kstat: No such file or directory
sh: /bin/kstat: No such file or directory
sh: /bin/kstat: No such file or directory
sh: /bin/kstat: No such file or directory
sh: /bin/kstat: No such file or directory
sh: /bin/kstat: No such file or directory
sh: /bin/kstat: No such file or directory
sh: /bin/kstat: No such file or directory
sh: /bin/kstat: No such file or directory
sh: /bin/kstat: No such file or directory
sh: /bin/kstat: No such file or directory
sh: /bin/kstat: No such file or directory
sh: /bin/kstat: No such file or directory
sh: /bin/kstat: No such file or directory
sh: /bin/kstat: No such file or directory
sh: /bin/kstat: No such file or directory
sh: /bin/kstat: No such file or directory
sh: /bin/kstat: No such file or directory
sh: /bin/kstat: No such file or directory
sh: /bin/kstat: No such file or directory
sh: /bin/kstat: No such file or directory
sh: /bin/kstat: No such file or directory
sh: /bin/kstat: No such file or directory
sh: /bin/kstat: No such file or directory
sh: /bin/kstat: No such file or directory
sh: /bin/kstat: No such file or directory
sh: /bin/kstat: No such file or directory
sh: /bin/kstat: No such file or directory
sh: /bin/kstat: No such file or directory
sh: /bin/kstat: No such file or directory
sh: /bin/kstat: No such file or directory
sh: /bin/kstat: No such file or directory
sh: /bin/kstat: No such file or directory
sh: /bin/kstat: No such file or directory
sh: /bin/kstat: No such file or directory
sh: /bin/kstat: No such file or directory
sh: /bin/kstat: No such file or directory
sh: /bin/kstat: No such file or directory
sh: /bin/kstat: No such file or directory
sh: /bin/kstat: No such file or directory
sh: /bin/kstat: No such file or directory
sh: /bin/kstat: No such file or directory
sh: /bin/kstat: No such file or directory
sh: /bin/kstat: No such file or directory
sh: /bin/kstat: No such file or directory
sh: /bin/kstat: No such file or directory
sh: /bin/kstat: No such file or directory
sh: /bin/kstat: No such file or directory
sh: /bin/kstat: No such file or directory
sh: /bin/kstat: No such file or directory
sh: /bin/kstat: No such file or directory
sh: /bin/kstat: No such file or directory
sh: /bin/kstat: No such file or directory
sh: /bin/kstat: No such file or directory
sh: /bin/kstat: No such file or directory
sh: /bin/kstat: No such file or directory
sh: /bin/kstat: No such file or directory
sh: /bin/kstat: No such file or directory
sh: /bin/kstat: No such file or directory
sh: /bin/kstat: No such file or directory
sh: /bin/kstat: No such file or directory
sh: /bin/kstat: No such file or directory
sh: /bin/kstat: No such file or directory
sh: /bin/kstat: No such file or directory
sh: /bin/kstat: No such file or directory
sh: /bin/kstat: No such file or directory
sh: /bin/kstat: No such file or directory
sh: /bin/kstat: No such file or directory
sh: /bin/kstat: No such file or directory
sh: /bin/kstat: No such file or directory
sh: /bin/kstat: No such file or directory
sh: /bin/kstat: No such file or directory
sh: /bin/kstat: No such file or directory
sh: /bin/kstat: No such file or directory
sh: /bin/kstat: No such file or directory
sh: /bin/kstat: No such file or directory
sh: /bin/kstat: No such file or directory
sh: /bin/kstat: No such file or directory
sh: /bin/kstat: No such file or directory
sh: /bin/kstat: No such file or directory
sh: /bin/kstat: No such file or directory
sh: /bin/kstat: No such file or directory
sh: /bin/kstat: No such file or directory
sh: /bin/kstat: No such file or directory
sh: /bin/kstat: No such file or directory
sh: /bin/kstat: No such file or directory
sh: /bin/kstat: No such file or directory
sh: /bin/kstat: No such file or directory
sh: /bin/kstat: No such file or directory
sh: /bin/kstat: No such file or directory
sh: /bin/kstat: No such file or directory
sh: /bin/kstat: No such file or directory
sh: /bin/kstat: No such file or directory
sh: /bin/kstat: No such file or directory
sh: /bin/kstat: No such file or directory
sh: /bin/kstat: No such file or directory
sh: /bin/kstat: No such file or directory
sh: /bin/kstat: No such file or directory
sh: /bin/kstat: No such file or directory
sh: /bin/kstat: No such file or directory
sh: /bin/kstat: No such file or directory
sh: /bin/kstat: No such file or directory
sh: /bin/kstat: No such file or directory
sh: /bin/kstat: No such file or directory
sh: /bin/kstat: No such file or directory
sh: /bin/kstat: No such file or directory
sh: /bin/kstat: No such file or directory
sh: /bin/kstat: No such file or directory
sh: /bin/kstat: No such file or directory
sh: /bin/kstat: No such file or directory
sh: /bin/kstat: No such file or directory
sh: /bin/kstat: No such file or directory
sh: /bin/kstat: No such file or directory
sh: /bin/kstat: No such file or directory
sh: /bin/kstat: No such file or directory
sh: /bin/kstat: No such file or directory
sh: /bin/kstat: No such file or directory
sh: /bin/kstat: No such file or directory
sh: /bin/kstat: No such file or directory
sh: /bin/kstat: No such file or directory
sh: /bin/kstat: No such file or directory
sh: /bin/kstat: No such file or directory
sh: /bin/kstat: No such file or directory
sh: /bin/kstat: No such file or directory
sh: /bin/kstat: No such file or directory
sh: /bin/kstat: No such file or directory
sh: /bin/kstat: No such file or directory
sh: /bin/kstat: No such file or directory
sh: /bin/kstat: No such file or directory
sh: /bin/kstat: No such file or directory
sh: /bin/kstat: No such file or directory
sh: /bin/kstat: No such file or directory
sh: /bin/kstat: No such file or directory
sh: /bin/kstat: No such file or directory
sh: /bin/kstat: No such file or directory
sh: /bin/kstat: No such file or directory
sh: /bin/kstat: No such file or directory
sh: /bin/kstat: No such file or directory
sh: /bin/kstat: No such file or directory
sh: /bin/kstat: No such file or directory
sh: /bin/kstat: No such file or directory
sh: /bin/kstat: No such file or directory
sh: /bin/kstat: No such file or directory
sh: /bin/kstat: No such file or directory
sh: /bin/kstat: No such file or directory
sh: /bin/kstat: No such file or directory
sh: /bin/kstat: No such file or directory
sh: /bin/kstat: No such file or directory
sh: /bin/kstat: No such file or directory
sh: /bin/kstat: No such file or directory
sh: /bin/kstat: No such file or directory
sh: /bin/kstat: No such file or directory
sh: /bin/kstat: No such file or directory
sh: /bin/kstat: No such file or directory
sh: /bin/kstat: No such file or directory
sh: /bin/kstat: No such file or directory
sh: /bin/kstat: No such file or directory
sh: /bin/kstat: No such file or directory
sh: /bin/kstat: No such file or directory
sh: /bin/kstat: No such file or directory
sh: /bin/kstat: No such file or directory
sh: /bin/kstat: No such file or directory
sh: /bin/kstat: No such file or directory
sh: /bin/kstat: No such file or directory
sh: /bin/kstat: No such file or directory
sh: /bin/kstat: No such file or directory
sh: /bin/kstat: No such file or directory
sh: /bin/kstat: No such file or directory
sh: /bin/kstat: No such file or directory
sh: /bin/kstat: No such file or directory
sh: /bin/kstat: No such file or directory
sh: /bin/kstat: No such file or directory
sh: /bin/kstat: No such file or directory
sh: /bin/kstat: No such file or directory
sh: /bin/kstat: No such file or directory
sh: /bin/kstat: No such file or directory
sh: /bin/kstat: No such file or directory
sh: /bin/kstat: No such file or directory
sh: /bin/kstat: No such file or directory
sh: /bin/kstat: No such file or directory
sh: /bin/kstat: No such file or directory
sh: /bin/kstat: No such file or directory
sh: /bin/kstat: No such file or directory
sh: /bin/kstat: No such file or directory
sh: /bin/kstat: No such file or directory
sh: /bin/kstat: No such file or directory
sh: /bin/kstat: No such file or directory
sh: /bin/kstat: No such file or directory
sh: /bin/kstat: No such file or directory
sh: /bin/kstat: No such file or directory
sh: /bin/kstat: No such file or directory
sh: /bin/kstat: No such file or directory
sh: /bin/kstat: No such file or directory
sh: /bin/kstat: No such file or directory
sh: /bin/kstat: No such file or directory
sh: /bin/kstat: No such file or directory
sh: /bin/kstat: No such file or directory
sh: /bin/kstat: No such file or directory
sh: /bin/kstat: No such file or directory
sh: /bin/kstat: No such file or directory
sh: /bin/kstat: No such file or directory
sh: /bin/kstat: No such file or directory
sh: /bin/kstat: No such file or directory
sh: /bin/kstat: No such file or directory
sh: /bin/kstat: No such file or directory
sh: /bin/kstat: No such file or directory
sh: /bin/kstat: No such file or directory
sh: /bin/kstat: No such file or directory
sh: /bin/kstat: No such file or directory
sh: /bin/kstat: No such file or directory
sh: /bin/kstat: No such file or directory
sh: /bin/kstat: No such file or directory
sh: /bin/kstat: No such file or directory
sh: /bin/kstat: No such file or directory
sh: /bin/kstat: No such file or directory
sh: /bin/kstat: No such file or directory
sh: /bin/kstat: No such file or directory
sh: /bin/kstat: No such file or directory
sh: /bin/kstat: No such file or directory
sh: /bin/kstat: No such file or directory
sh: /bin/kstat: No such file or directory
sh: /bin/kstat: No such file or directory
sh: /bin/kstat: No such file or directory
sh: /bin/kstat: No such file or directory
sh: /bin/kstat: No such file or directory
sh: /bin/kstat: No such file or directory
sh: /bin/kstat: No such file or directory
sh: /bin/kstat: No such file or directory
sh: /bin/kstat: No such file or directory
sh: /bin/kstat: No such file or directory
sh: /bin/kstat: No such file or directory
sh: /bin/kstat: No such file or directory
sh: /bin/kstat: No such file or directory
sh: /bin/kstat: No such file or directory
sh: /bin/kstat: No such file or directory
sh: /bin/kstat: No such file or directory
sh: /bin/kstat: No such file or directory
sh: /bin/kstat: No such file or directory
sh: /bin/kstat: No such file or directory
sh: /bin/kstat: No such file or directory
sh: /bin/kstat: No such file or directory
sh: /bin/kstat: No such file or directory
sh: /bin/kstat: No such file or directory
sh: /bin/kstat: No such file or directory
sh: /bin/kstat: No such file or directory
sh: /bin/kstat: No such file or directory
sh: /bin/kstat: No such file or directory
sh: /bin/kstat: No such file or directory
sh: /bin/kstat: No such file or directory
sh: /bin/kstat: No such file or directory
sh: /bin/kstat: No such file or directory
sh: /bin/kstat: No such file or directory
sh: /bin/kstat: No such file or directory
sh: /bin/kstat: No such file or directory
sh: /bin/kstat: No such file or directory
sh: /bin/kstat: No such file or directory
sh: /bin/kstat: No such file or directory
sh: /bin/kstat: No such file or directory
sh: /bin/kstat: No such file or directory
sh: /bin/kstat: No such file or directory
sh: /bin/kstat: No such file or directory
sh: /bin/kstat: No such file or directory
sh: /bin/kstat: No such file or directory
sh: /bin/kstat: No such file or directory
sh: /bin/kstat: No such file or directory
sh: /bin/kstat: No such file or directory
sh: /bin/kstat: No such file or directory
sh: /bin/kstat: No such file or directory
sh: /bin/kstat: No such file or directory
sh: /bin/kstat: No such file or directory
 *** WARNING *** GMRFLib_2order_approx: rescue NAN/INF values in logl for idx=1935
 *** WARNING *** GMRFLib_2order_approx: reset counter for 2 NAN/INF values in logl
 *** WARNING *** GMRFLib_2order_approx: reset counter for 2 NAN/INF values in logl
 *** WARNING *** GMRFLib_2order_approx: reset counter for 2 NAN/INF values in logl
sh: /bin/kstat: No such file or directory
sh: /bin/kstat: No such file or directory
sh: /bin/kstat: No such file or directory
sh: /bin/kstat: No such file or directory
sh: /bin/kstat: No such file or directory
sh: /bin/kstat: No such file or directory
sh: /bin/kstat: No such file or directory
sh: /bin/kstat: No such file or directory
sh: /bin/kstat: No such file or directory
sh: /bin/kstat: No such file or directory
sh: /bin/kstat: No such file or directory
sh: /bin/kstat: No such file or directory
sh: /bin/kstat: No such file or directory
sh: /bin/kstat: No such file or directory
sh: /bin/kstat: No such file or directory
sh: /bin/kstat: No such file or directory
sh: /bin/kstat: No such file or directory
sh: /bin/kstat: No such file or directory
sh: /bin/kstat: No such file or directory
sh: /bin/kstat: No such file or directory
sh: /bin/kstat: No such file or directory
sh: /bin/kstat: No such file or directory
sh: /bin/kstat: No such file or directory
sh: /bin/kstat: No such file or directory
sh: /bin/kstat: No such file or directory
sh: /bin/kstat: No such file or directory
sh: /bin/kstat: No such file or directory
sh: /bin/kstat: No such file or directory
sh: /bin/kstat: No such file or directory
sh: /bin/kstat: No such file or directory
sh: /bin/kstat: No such file or directory
sh: /bin/kstat: No such file or directory
sh: /bin/kstat: No such file or directory
sh: /bin/kstat: No such file or directory
sh: /bin/kstat: No such file or directory
sh: /bin/kstat: No such file or directory
sh: /bin/kstat: No such file or directory
sh: /bin/kstat: No such file or directory
sh: /bin/kstat: No such file or directory
sh: /bin/kstat: No such file or directory
sh: /bin/kstat: No such file or directory
sh: /bin/kstat: No such file or directory
sh: /bin/kstat: No such file or directory
sh: /bin/kstat: No such file or directory
sh: /bin/kstat: No such file or directory
sh: /bin/kstat: No such file or directory
sh: /bin/kstat: No such file or directory
sh: /bin/kstat: No such file or directory
sh: /bin/kstat: No such file or directory
sh: /bin/kstat: No such file or directory
sh: /bin/kstat: No such file or directory
sh: /bin/kstat: No such file or directory
sh: /bin/kstat: No such file or directory
sh: /bin/kstat: No such file or directory
sh: /bin/kstat: No such file or directory
sh: /bin/kstat: No such file or directory
sh: /bin/kstat: No such file or directory
sh: /bin/kstat: No such file or directory
sh: /bin/kstat: No such file or directory
sh: /bin/kstat: No such file or directory
sh: /bin/kstat: No such file or directory
sh: /bin/kstat: No such file or directory
sh: /bin/kstat: No such file or directory
sh: /bin/kstat: No such file or directory
sh: /bin/kstat: No such file or directory
sh: /bin/kstat: No such file or directory
sh: /bin/kstat: No such file or directory
sh: /bin/kstat: No such file or directory
sh: /bin/kstat: No such file or directory
sh: /bin/kstat: No such file or directory
sh: /bin/kstat: No such file or directory
sh: /bin/kstat: No such file or directory
sh: /bin/kstat: No such file or directory
sh: /bin/kstat: No such file or directory
sh: /bin/kstat: No such file or directory
sh: /bin/kstat: No such file or directory
sh: /bin/kstat: No such file or directory
sh: /bin/kstat: No such file or directory
sh: /bin/kstat: No such file or directory
sh: /bin/kstat: No such file or directory
sh: /bin/kstat: No such file or directory
sh: /bin/kstat: No such file or directory
sh: /bin/kstat: No such file or directory
sh: /bin/kstat: No such file or directory
sh: /bin/kstat: No such file or directory
sh: /bin/kstat: No such file or directory
sh: /bin/kstat: No such file or directory
sh: /bin/kstat: No such file or directory
sh: /bin/kstat: No such file or directory
sh: /bin/kstat: No such file or directory
sh: /bin/kstat: No such file or directory
sh: /bin/kstat: No such file or directory
sh: /bin/kstat: No such file or directory
sh: /bin/kstat: No such file or directory
sh: /bin/kstat: No such file or directory
sh: /bin/kstat: No such file or directory
sh: /bin/kstat: No such file or directory
sh: /bin/kstat: No such file or directory
sh: /bin/kstat: No such file or directory
sh: /bin/kstat: No such file or directory
sh: /bin/kstat: No such file or directory
sh: /bin/kstat: No such file or directory
sh: /bin/kstat: No such file or directory
sh: /bin/kstat: No such file or directory
sh: /bin/kstat: No such file or directory
sh: /bin/kstat: No such file or directory
sh: /bin/kstat: No such file or directory
sh: /bin/kstat: No such file or directory
sh: /bin/kstat: No such file or directory
sh: /bin/kstat: No such file or directory
sh: /bin/kstat: No such file or directory
sh: /bin/kstat: No such file or directory
sh: /bin/kstat: No such file or directory
sh: /bin/kstat: No such file or directory
sh: /bin/kstat: No such file or directory
sh: /bin/kstat: No such file or directory
sh: /bin/kstat: No such file or directory
sh: /bin/kstat: No such file or directory
sh: /bin/kstat: No such file or directory
sh: /bin/kstat: No such file or directory
sh: /bin/kstat: No such file or directory
sh: /bin/kstat: No such file or directory
sh: /bin/kstat: No such file or directory
sh: /bin/kstat: No such file or directory
sh: /bin/kstat: No such file or directory
sh: /bin/kstat: No such file or directory
sh: /bin/kstat: No such file or directory
sh: /bin/kstat: No such file or directory
sh: /bin/kstat: No such file or directory
sh: /bin/kstat: No such file or directory
sh: /bin/kstat: No such file or directory
sh: /bin/kstat: No such file or directory
sh: /bin/kstat: No such file or directory
sh: /bin/kstat: No such file or directory
sh: /bin/kstat: No such file or directory
sh: /bin/kstat: No such file or directory
sh: /bin/kstat: No such file or directory
sh: /bin/kstat: No such file or directory
sh: /bin/kstat: No such file or directory
sh: /bin/kstat: No such file or directory
sh: /bin/kstat: No such file or directory
sh: /bin/kstat: No such file or directory
sh: /bin/kstat: No such file or directory
sh: /bin/kstat: No such file or directory
sh: /bin/kstat: No such file or directory
sh: /bin/kstat: No such file or directory
sh: /bin/kstat: No such file or directory
sh: /bin/kstat: No such file or directory
sh: /bin/kstat: No such file or directory
sh: /bin/kstat: No such file or directory
sh: /bin/kstat: No such file or directory
sh: /bin/kstat: No such file or directory
sh: /bin/kstat: No such file or directory
sh: /bin/kstat: No such file or directory
sh: /bin/kstat: No such file or directory
sh: /bin/kstat: No such file or directory
sh: /bin/kstat: No such file or directory
sh: /bin/kstat: No such file or directory
sh: /bin/kstat: No such file or directory
sh: /bin/kstat: No such file or directory
sh: /bin/kstat: No such file or directory
sh: /bin/kstat: No such file or directory
sh: /bin/kstat: No such file or directory
sh: /bin/kstat: No such file or directory
sh: /bin/kstat: No such file or directory
sh: /bin/kstat: No such file or directory
sh: /bin/kstat: No such file or directory
sh: /bin/kstat: No such file or directory
sh: /bin/kstat: No such file or directory
sh: /bin/kstat: No such file or directory
sh: /bin/kstat: No such file or directory
sh: /bin/kstat: No such file or directory
sh: /bin/kstat: No such file or directory
sh: /bin/kstat: No such file or directory
sh: /bin/kstat: No such file or directory
sh: /bin/kstat: No such file or directory
sh: /bin/kstat: No such file or directory
sh: /bin/kstat: No such file or directory
sh: /bin/kstat: No such file or directory
sh: /bin/kstat: No such file or directory
sh: /bin/kstat: No such file or directory
sh: /bin/kstat: No such file or directory
sh: /bin/kstat: No such file or directory
sh: /bin/kstat: No such file or directory
sh: /bin/kstat: No such file or directory
sh: /bin/kstat: No such file or directory
sh: /bin/kstat: No such file or directory
sh: /bin/kstat: No such file or directory
sh: /bin/kstat: No such file or directory
sh: /bin/kstat: No such file or directory
sh: /bin/kstat: No such file or directory
sh: /bin/kstat: No such file or directory
sh: /bin/kstat: No such file or directory
sh: /bin/kstat: No such file or directory
sh: /bin/kstat: No such file or directory
sh: /bin/kstat: No such file or directory
sh: /bin/kstat: No such file or directory
sh: /bin/kstat: No such file or directory
sh: /bin/kstat: No such file or directory
sh: /bin/kstat: No such file or directory
sh: /bin/kstat: No such file or directory
sh: /bin/kstat: No such file or directory
sh: /bin/kstat: No such file or directory
sh: /bin/kstat: No such file or directory
sh: /bin/kstat: No such file or directory
sh: /bin/kstat: No such file or directory
sh: /bin/kstat: No such file or directory
sh: /bin/kstat: No such file or directory
sh: /bin/kstat: No such file or directory
sh: /bin/kstat: No such file or directory
sh: /bin/kstat: No such file or directory
sh: /bin/kstat: No such file or directory
sh: /bin/kstat: No such file or directory
sh: /bin/kstat: No such file or directory
sh: /bin/kstat: No such file or directory
sh: /bin/kstat: No such file or directory
sh: /bin/kstat: No such file or directory
sh: /bin/kstat: No such file or directory
sh: /bin/kstat: No such file or directory
sh: /bin/kstat: No such file or directory
sh: /bin/kstat: No such file or directory
sh: /bin/kstat: No such file or directory
sh: /bin/kstat: No such file or directory
sh: /bin/kstat: No such file or directory
sh: /bin/kstat: No such file or directory
sh: /bin/kstat: No such file or directory
sh: /bin/kstat: No such file or directory
sh: /bin/kstat: No such file or directory
sh: /bin/kstat: No such file or directory
sh: /bin/kstat: No such file or directory
sh: /bin/kstat: No such file or directory
sh: /bin/kstat: No such file or directory
sh: /bin/kstat: No such file or directory
sh: /bin/kstat: No such file or directory
sh: /bin/kstat: No such file or directory
sh: /bin/kstat: No such file or directory
sh: /bin/kstat: No such file or directory
sh: /bin/kstat: No such file or directory
sh: /bin/kstat: No such file or directory
sh: /bin/kstat: No such file or directory
sh: /bin/kstat: No such file or directory
sh: /bin/kstat: No such file or directory
sh: /bin/kstat: No such file or directory
sh: /bin/kstat: No such file or directory
sh: /bin/kstat: No such file or directory
sh: /bin/kstat: No such file or directory
sh: /bin/kstat: No such file or directory
sh: /bin/kstat: No such file or directory
sh: /bin/kstat: No such file or directory
sh: /bin/kstat: No such file or directory
sh: /bin/kstat: No such file or directory
sh: /bin/kstat: No such file or directory
sh: /bin/kstat: No such file or directory
sh: /bin/kstat: No such file or directory
sh: /bin/kstat: No such file or directory
sh: /bin/kstat: No such file or directory
sh: /bin/kstat: No such file or directory
sh: /bin/kstat: No such file or directory
sh: /bin/kstat: No such file or directory
sh: /bin/kstat: No such file or directory
sh: /bin/kstat: No such file or directory
sh: /bin/kstat: No such file or directory
sh: /bin/kstat: No such file or directory
sh: /bin/kstat: No such file or directory
sh: /bin/kstat: No such file or directory
sh: /bin/kstat: No such file or directory
sh: /bin/kstat: No such file or directory
sh: /bin/kstat: No such file or directory
sh: /bin/kstat: No such file or directory
sh: /bin/kstat: No such file or directory
sh: /bin/kstat: No such file or directory
sh: /bin/kstat: No such file or directory
sh: /bin/kstat: No such file or directory
sh: /bin/kstat: No such file or directory
sh: /bin/kstat: No such file or directory
sh: /bin/kstat: No such file or directory
sh: /bin/kstat: No such file or directory
sh: /bin/kstat: No such file or directory
sh: /bin/kstat: No such file or directory
sh: /bin/kstat: No such file or directory
sh: /bin/kstat: No such file or directory
sh: /bin/kstat: No such file or directory
sh: /bin/kstat: No such file or directory
sh: /bin/kstat: No such file or directory
sh: /bin/kstat: No such file or directory
sh: /bin/kstat: No such file or directory
sh: /bin/kstat: No such file or directory
sh: /bin/kstat: No such file or directory
sh: /bin/kstat: No such file or directory
sh: /bin/kstat: No such file or directory
sh: /bin/kstat: No such file or directory
sh: /bin/kstat: No such file or directory
sh: /bin/kstat: No such file or directory
sh: /bin/kstat: No such file or directory
sh: /bin/kstat: No such file or directory
sh: /bin/kstat: No such file or directory
sh: /bin/kstat: No such file or directory
sh: /bin/kstat: No such file or directory
sh: /bin/kstat: No such file or directory
sh: /bin/kstat: No such file or directory
sh: /bin/kstat: No such file or directory
sh: /bin/kstat: No such file or directory
sh: /bin/kstat: No such file or directory
sh: /bin/kstat: No such file or directory
sh: /bin/kstat: No such file or directory
sh: /bin/kstat: No such file or directory
sh: /bin/kstat: No such file or directory
sh: /bin/kstat: No such file or directory
sh: /bin/kstat: No such file or directory
sh: /bin/kstat: No such file or directory
sh: /bin/kstat: No such file or directory
sh: /bin/kstat: No such file or directory
sh: /bin/kstat: No such file or directory
sh: /bin/kstat: No such file or directory
sh: /bin/kstat: No such file or directory
sh: /bin/kstat: No such file or directory
sh: /bin/kstat: No such file or directory
sh: /bin/kstat: No such file or directory
sh: /bin/kstat: No such file or directory
sh: /bin/kstat: No such file or directory
sh: /bin/kstat: No such file or directory
sh: /bin/kstat: No such file or directory
sh: /bin/kstat: No such file or directory
sh: /bin/kstat: No such file or directory
sh: /bin/kstat: No such file or directory
sh: /bin/kstat: No such file or directory
sh: /bin/kstat: No such file or directory
sh: /bin/kstat: No such file or directory
sh: /bin/kstat: No such file or directory
sh: /bin/kstat: No such file or directory
sh: /bin/kstat: No such file or directory
sh: /bin/kstat: No such file or directory
sh: /bin/kstat: No such file or directory
sh: /bin/kstat: No such file or directory
sh: /bin/kstat: No such file or directory
sh: /bin/kstat: No such file or directory
sh: /bin/kstat: No such file or directory
sh: /bin/kstat: No such file or directory
sh: /bin/kstat: No such file or directory
sh: /bin/kstat: No such file or directory
sh: /bin/kstat: No such file or directory
sh: /bin/kstat: No such file or directory
sh: /bin/kstat: No such file or directory
sh: /bin/kstat: No such file or directory
sh: /bin/kstat: No such file or directory
sh: /bin/kstat: No such file or directory
sh: /bin/kstat: No such file or directory
sh: /bin/kstat: No such file or directory
sh: /bin/kstat: No such file or directory
sh: /bin/kstat: No such file or directory
sh: /bin/kstat: No such file or directory
sh: /bin/kstat: No such file or directory
sh: /bin/kstat: No such file or directory
sh: /bin/kstat: No such file or directory
sh: /bin/kstat: No such file or directory
sh: /bin/kstat: No such file or directory
sh: /bin/kstat: No such file or directory
sh: /bin/kstat: No such file or directory
sh: /bin/kstat: No such file or directory
sh: /bin/kstat: No such file or directory
sh: /bin/kstat: No such file or directory
sh: /bin/kstat: No such file or directory
sh: /bin/kstat: No such file or directory
sh: /bin/kstat: No such file or directory
sh: /bin/kstat: No such file or directory
sh: /bin/kstat: No such file or directory
sh: /bin/kstat: No such file or directory
sh: /bin/kstat: No such file or directory
sh: /bin/kstat: No such file or directory
sh: /bin/kstat: No such file or directory
sh: /bin/kstat: No such file or directory
sh: /bin/kstat: No such file or directory
sh: /bin/kstat: No such file or directory
sh: /bin/kstat: No such file or directory
sh: /bin/kstat: No such file or directory
sh: /bin/kstat: No such file or directory
sh: /bin/kstat: No such file or directory
sh: /bin/kstat: No such file or directory
sh: /bin/kstat: No such file or directory
sh: /bin/kstat: No such file or directory
sh: /bin/kstat: No such file or directory
sh: /bin/kstat: No such file or directory
sh: /bin/kstat: No such file or directory
sh: /bin/kstat: No such file or directory
sh: /bin/kstat: No such file or directory
sh: /bin/kstat: No such file or directory
sh: /bin/kstat: No such file or directory
sh: /bin/kstat: No such file or directory
sh: /bin/kstat: No such file or directory
sh: /bin/kstat: No such file or directory
sh: /bin/kstat: No such file or directory
sh: /bin/kstat: No such file or directory
sh: /bin/kstat: No such file or directory
sh: /bin/kstat: No such file or directory
sh: /bin/kstat: No such file or directory
sh: /bin/kstat: No such file or directory
sh: /bin/kstat: No such file or directory
sh: /bin/kstat: No such file or directory
sh: /bin/kstat: No such file or directory
sh: /bin/kstat: No such file or directory
sh: /bin/kstat: No such file or directory
sh: /bin/kstat: No such file or directory
sh: /bin/kstat: No such file or directory
sh: /bin/kstat: No such file or directory
sh: /bin/kstat: No such file or directory
sh: /bin/kstat: No such file or directory
sh: /bin/kstat: No such file or directory
sh: /bin/kstat: No such file or directory
sh: /bin/kstat: No such file or directory
sh: /bin/kstat: No such file or directory
sh: /bin/kstat: No such file or directory
sh: /bin/kstat: No such file or directory
sh: /bin/kstat: No such file or directory
sh: /bin/kstat: No such file or directory
sh: /bin/kstat: No such file or directory
sh: /bin/kstat: No such file or directory
sh: /bin/kstat: No such file or directory
sh: /bin/kstat: No such file or directory
sh: /bin/kstat: No such file or directory
sh: /bin/kstat: No such file or directory
sh: /bin/kstat: No such file or directory
sh: /bin/kstat: No such file or directory
sh: /bin/kstat: No such file or directory
sh: /bin/kstat: No such file or directory
sh: /bin/kstat: No such file or directory
sh: /bin/kstat: No such file or directory
sh: /bin/kstat: No such file or directory
sh: /bin/kstat: No such file or directory
sh: /bin/kstat: No such file or directory
sh: /bin/kstat: No such file or directory
sh: /bin/kstat: No such file or directory
sh: /bin/kstat: No such file or directory
sh: /bin/kstat: No such file or directory
sh: /bin/kstat: No such file or directory
sh: /bin/kstat: No such file or directory
sh: /bin/kstat: No such file or directory
sh: /bin/kstat: No such file or directory
sh: /bin/kstat: No such file or directory
sh: /bin/kstat: No such file or directory
sh: /bin/kstat: No such file or directory
sh: /bin/kstat: No such file or directory
sh: /bin/kstat: No such file or directory
sh: /bin/kstat: No such file or directory
sh: /bin/kstat: No such file or directory
sh: /bin/kstat: No such file or directory
sh: /bin/kstat: No such file or directory
sh: /bin/kstat: No such file or directory
sh: /bin/kstat: No such file or directory
sh: /bin/kstat: No such file or directory
sh: /bin/kstat: No such file or directory
sh: /bin/kstat: No such file or directory
sh: /bin/kstat: No such file or directory
sh: /bin/kstat: No such file or directory
sh: /bin/kstat: No such file or directory
sh: /bin/kstat: No such file or directory
sh: /bin/kstat: No such file or directory
sh: /bin/kstat: No such file or directory
sh: /bin/kstat: No such file or directory
sh: /bin/kstat: No such file or directory
sh: /bin/kstat: No such file or directory
sh: /bin/kstat: No such file or directory
sh: /bin/kstat: No such file or directory
sh: /bin/kstat: No such file or directory
sh: /bin/kstat: No such file or directory
sh: /bin/kstat: No such file or directory
sh: /bin/kstat: No such file or directory
sh: /bin/kstat: No such file or directory
sh: /bin/kstat: No such file or directory
sh: /bin/kstat: No such file or directory
sh: /bin/kstat: No such file or directory
sh: /bin/kstat: No such file or directory
sh: /bin/kstat: No such file or directory
sh: /bin/kstat: No such file or directory
sh: /bin/kstat: No such file or directory
sh: /bin/kstat: No such file or directory
sh: /bin/kstat: No such file or directory
sh: /bin/kstat: No such file or directory
sh: /bin/kstat: No such file or directory
sh: /bin/kstat: No such file or directory
sh: /bin/kstat: No such file or directory
sh: /bin/kstat: No such file or directory
sh: /bin/kstat: No such file or directory
sh: /bin/kstat: No such file or directory
sh: /bin/kstat: No such file or directory
sh: /bin/kstat: No such file or directory
sh: /bin/kstat: No such file or directory
sh: /bin/kstat: No such file or directory
sh: /bin/kstat: No such file or directory
sh: /bin/kstat: No such file or directory
sh: /bin/kstat: No such file or directory
sh: /bin/kstat: No such file or directory
sh: /bin/kstat: No such file or directory
sh: /bin/kstat: No such file or directory
sh: /bin/kstat: No such file or directory
sh: /bin/kstat: No such file or directory
sh: /bin/kstat: No such file or directory
sh: /bin/kstat: No such file or directory
sh: /bin/kstat: No such file or directory
sh: /bin/kstat: No such file or directory
sh: /bin/kstat: No such file or directory
sh: /bin/kstat: No such file or directory
sh: /bin/kstat: No such file or directory
sh: /bin/kstat: No such file or directory
sh: /bin/kstat: No such file or directory
sh: /bin/kstat: No such file or directory
sh: /bin/kstat: No such file or directory
sh: /bin/kstat: No such file or directory
sh: /bin/kstat: No such file or directory
sh: /bin/kstat: No such file or directory
sh: /bin/kstat: No such file or directory
sh: /bin/kstat: No such file or directory
sh: /bin/kstat: No such file or directory
sh: /bin/kstat: No such file or directory
sh: /bin/kstat: No such file or directory
sh: /bin/kstat: No such file or directory
sh: /bin/kstat: No such file or directory
sh: /bin/kstat: No such file or directory
sh: /bin/kstat: No such file or directory
sh: /bin/kstat: No such file or directory
sh: /bin/kstat: No such file or directory
sh: /bin/kstat: No such file or directory
sh: /bin/kstat: No such file or directory
sh: /bin/kstat: No such file or directory
sh: /bin/kstat: No such file or directory
sh: /bin/kstat: No such file or directory
sh: /bin/kstat: No such file or directory
sh: /bin/kstat: No such file or directory
sh: /bin/kstat: No such file or directory
sh: /bin/kstat: No such file or directory
sh: /bin/kstat: No such file or directory
sh: /bin/kstat: No such file or directory
sh: /bin/kstat: No such file or directory
sh: /bin/kstat: No such file or directory
sh: /bin/kstat: No such file or directory
sh: /bin/kstat: No such file or directory
sh: /bin/kstat: No such file or directory
sh: /bin/kstat: No such file or directory
sh: /bin/kstat: No such file or directory
sh: /bin/kstat: No such file or directory
sh: /bin/kstat: No such file or directory
sh: /bin/kstat: No such file or directory
sh: /bin/kstat: No such file or directory
sh: /bin/kstat: No such file or directory
sh: /bin/kstat: No such file or directory
sh: /bin/kstat: No such file or directory
sh: /bin/kstat: No such file or directory
sh: /bin/kstat: No such file or directory
sh: /bin/kstat: No such file or directory
sh: /bin/kstat: No such file or directory
sh: /bin/kstat: No such file or directory
sh: /bin/kstat: No such file or directory
sh: /bin/kstat: No such file or directory
sh: /bin/kstat: No such file or directory
sh: /bin/kstat: No such file or directory
sh: /bin/kstat: No such file or directory
sh: /bin/kstat: No such file or directory
sh: /bin/kstat: No such file or directory
sh: /bin/kstat: No such file or directory
sh: /bin/kstat: No such file or directory
sh: /bin/kstat: No such file or directory
sh: /bin/kstat: No such file or directory
sh: /bin/kstat: No such file or directory
sh: /bin/kstat: No such file or directory
sh: /bin/kstat: No such file or directory
sh: /bin/kstat: No such file or directory
sh: /bin/kstat: No such file or directory
sh: /bin/kstat: No such file or directory
sh: /bin/kstat: No such file or directory
sh: /bin/kstat: No such file or directory
sh: /bin/kstat: No such file or directory
sh: /bin/kstat: No such file or directory
sh: /bin/kstat: No such file or directory
sh: /bin/kstat: No such file or directory
sh: /bin/kstat: No such file or directory
sh: /bin/kstat: No such file or directory
sh: /bin/kstat: No such file or directory
sh: /bin/kstat: No such file or directory
sh: /bin/kstat: No such file or directory
sh: /bin/kstat: No such file or directory
sh: /bin/kstat: No such file or directory
sh: /bin/kstat: No such file or directory
sh: /bin/kstat: No such file or directory
sh: /bin/kstat: No such file or directory
sh: /bin/kstat: No such file or directory
sh: /bin/kstat: No such file or directory
sh: /bin/kstat: No such file or directory
sh: /bin/kstat: No such file or directory
sh: /bin/kstat: No such file or directory
sh: /bin/kstat: No such file or directory
sh: /bin/kstat: No such file or directory
sh: /bin/kstat: No such file or directory
sh: /bin/kstat: No such file or directory
sh: /bin/kstat: No such file or directory
sh: /bin/kstat: No such file or directory
sh: /bin/kstat: No such file or directory
sh: /bin/kstat: No such file or directory
sh: /bin/kstat: No such file or directory
sh: /bin/kstat: No such file or directory
sh: /bin/kstat: No such file or directory
sh: /bin/kstat: No such file or directory
sh: /bin/kstat: No such file or directory
sh: /bin/kstat: No such file or directory
sh: /bin/kstat: No such file or directory
sh: /bin/kstat: No such file or directory
sh: /bin/kstat: No such file or directory
sh: /bin/kstat: No such file or directory
sh: /bin/kstat: No such file or directory
sh: /bin/kstat: No such file or directory
sh: /bin/kstat: No such file or directory
sh: /bin/kstat: No such file or directory
sh: /bin/kstat: No such file or directory
sh: /bin/kstat: No such file or directory
sh: /bin/kstat: No such file or directory
sh: /bin/kstat: No such file or directory
sh: /bin/kstat: No such file or directory
sh: /bin/kstat: No such file or directory
sh: /bin/kstat: No such file or directory
sh: /bin/kstat: No such file or directory
sh: /bin/kstat: No such file or directory
sh: /bin/kstat: No such file or directory
sh: /bin/kstat: No such file or directory
sh: /bin/kstat: No such file or directory
sh: /bin/kstat: No such file or directory
sh: /bin/kstat: No such file or directory
sh: /bin/kstat: No such file or directory
sh: /bin/kstat: No such file or directory
sh: /bin/kstat: No such file or directory
sh: /bin/kstat: No such file or directory
sh: /bin/kstat: No such file or directory
sh: /bin/kstat: No such file or directory
sh: /bin/kstat: No such file or directory
sh: /bin/kstat: No such file or directory
sh: /bin/kstat: No such file or directory
sh: /bin/kstat: No such file or directory
sh: /bin/kstat: No such file or directory
sh: /bin/kstat: No such file or directory
sh: /bin/kstat: No such file or directory
sh: /bin/kstat: No such file or directory
sh: /bin/kstat: No such file or directory
sh: /bin/kstat: No such file or directory
sh: /bin/kstat: No such file or directory
sh: /bin/kstat: No such file or directory
sh: /bin/kstat: No such file or directory
sh: /bin/kstat: No such file or directory
sh: /bin/kstat: No such file or directory
sh: /bin/kstat: No such file or directory
sh: /bin/kstat: No such file or directory
sh: /bin/kstat: No such file or directory
sh: /bin/kstat: No such file or directory
sh: /bin/kstat: No such file or directory
sh: /bin/kstat: No such file or directory
sh: /bin/kstat: No such file or directory
sh: /bin/kstat: No such file or directory
sh: /bin/kstat: No such file or directory
sh: /bin/kstat: No such file or directory
sh: /bin/kstat: No such file or directory
sh: /bin/kstat: No such file or directory
sh: /bin/kstat: No such file or directory
sh: /bin/kstat: No such file or directory
sh: /bin/kstat: No such file or directory
sh: /bin/kstat: No such file or directory
sh: /bin/kstat: No such file or directory
sh: /bin/kstat: No such file or directory
sh: /bin/kstat: No such file or directory
sh: /bin/kstat: No such file or directory
sh: /bin/kstat: No such file or directory
sh: /bin/kstat: No such file or directory
sh: /bin/kstat: No such file or directory
sh: /bin/kstat: No such file or directory
sh: /bin/kstat: No such file or directory
sh: /bin/kstat: No such file or directory
sh: /bin/kstat: No such file or directory
sh: /bin/kstat: No such file or directory
sh: /bin/kstat: No such file or directory
sh: /bin/kstat: No such file or directory
sh: /bin/kstat: No such file or directory
sh: /bin/kstat: No such file or directory
sh: /bin/kstat: No such file or directory
sh: /bin/kstat: No such file or directory
sh: /bin/kstat: No such file or directory
sh: /bin/kstat: No such file or directory
sh: /bin/kstat: No such file or directory
sh: /bin/kstat: No such file or directory
sh: /bin/kstat: No such file or directory
sh: /bin/kstat: No such file or directory
sh: /bin/kstat: No such file or directory
sh: /bin/kstat: No such file or directory
sh: /bin/kstat: No such file or directory
sh: /bin/kstat: No such file or directory
sh: /bin/kstat: No such file or directory
sh: /bin/kstat: No such file or directory
sh: /bin/kstat: No such file or directory
sh: /bin/kstat: No such file or directory
sh: /bin/kstat: No such file or directory
sh: /bin/kstat: No such file or directory
sh: /bin/kstat: No such file or directory
sh: /bin/kstat: No such file or directory
sh: /bin/kstat: No such file or directory
sh: /bin/kstat: No such file or directory
sh: /bin/kstat: No such file or directory
sh: /bin/kstat: No such file or directory
sh: /bin/kstat: No such file or directory
sh: /bin/kstat: No such file or directory
sh: /bin/kstat: No such file or directory
sh: /bin/kstat: No such file or directory
sh: /bin/kstat: No such file or directory
sh: /bin/kstat: No such file or directory
sh: /bin/kstat: No such file or directory
sh: /bin/kstat: No such file or directory
sh: /bin/kstat: No such file or directory
sh: /bin/kstat: No such file or directory
sh: /bin/kstat: No such file or directory
sh: /bin/kstat: No such file or directory
sh: /bin/kstat: No such file or directory
sh: /bin/kstat: No such file or directory
sh: /bin/kstat: No such file or directory
sh: /bin/kstat: No such file or directory
sh: /bin/kstat: No such file or directory
sh: /bin/kstat: No such file or directory
sh: /bin/kstat: No such file or directory
sh: /bin/kstat: No such file or directory
sh: /bin/kstat: No such file or directory
sh: /bin/kstat: No such file or directory
sh: /bin/kstat: No such file or directory
sh: /bin/kstat: No such file or directory
sh: /bin/kstat: No such file or directory
sh: /bin/kstat: No such file or directory
sh: /bin/kstat: No such file or directory
sh: /bin/kstat: No such file or directory
sh: /bin/kstat: No such file or directory
sh: /bin/kstat: No such file or directory
sh: /bin/kstat: No such file or directory
sh: /bin/kstat: No such file or directory
sh: /bin/kstat: No such file or directory
sh: /bin/kstat: No such file or directory
sh: /bin/kstat: No such file or directory
sh: /bin/kstat: No such file or directory
sh: /bin/kstat: No such file or directory
sh: /bin/kstat: No such file or directory
sh: /bin/kstat: No such file or directory
sh: /bin/kstat: No such file or directory
sh: /bin/kstat: No such file or directory
sh: /bin/kstat: No such file or directory
sh: /bin/kstat: No such file or directory
sh: /bin/kstat: No such file or directory
sh: /bin/kstat: No such file or directory
sh: /bin/kstat: No such file or directory
sh: /bin/kstat: No such file or directory
sh: /bin/kstat: No such file or directory
sh: /bin/kstat: No such file or directory
sh: /bin/kstat: No such file or directory
sh: /bin/kstat: No such file or directory
sh: /bin/kstat: No such file or directory
sh: /bin/kstat: No such file or directory
sh: /bin/kstat: No such file or directory
sh: /bin/kstat: No such file or directory
sh: /bin/kstat: No such file or directory
sh: /bin/kstat: No such file or directory
sh: /bin/kstat: No such file or directory
sh: /bin/kstat: No such file or directory
sh: /bin/kstat: No such file or directory
sh: /bin/kstat: No such file or directory
sh: /bin/kstat: No such file or directory
sh: /bin/kstat: No such file or directory
sh: /bin/kstat: No such file or directory
sh: /bin/kstat: No such file or directory
sh: /bin/kstat: No such file or directory
sh: /bin/kstat: No such file or directory
sh: /bin/kstat: No such file or directory
sh: /bin/kstat: No such file or directory
sh: /bin/kstat: No such file or directory
sh: /bin/kstat: No such file or directory
sh: /bin/kstat: No such file or directory
sh: /bin/kstat: No such file or directory
sh: /bin/kstat: No such file or directory
sh: /bin/kstat: No such file or directory
sh: /bin/kstat: No such file or directory
sh: /bin/kstat: No such file or directory
sh: /bin/kstat: No such file or directory
sh: /bin/kstat: No such file or directory
sh: /bin/kstat: No such file or directory
sh: /bin/kstat: No such file or directory
sh: /bin/kstat: No such file or directory
sh: /bin/kstat: No such file or directory
sh: /bin/kstat: No such file or directory
sh: /bin/kstat: No such file or directory
sh: /bin/kstat: No such file or directory
sh: /bin/kstat: No such file or directory
sh: /bin/kstat: No such file or directory
sh: /bin/kstat: No such file or directory
sh: /bin/kstat: No such file or directory
sh: /bin/kstat: No such file or directory
sh: /bin/kstat: No such file or directory
sh: /bin/kstat: No such file or directory
sh: /bin/kstat: No such file or directory
sh: /bin/kstat: No such file or directory
sh: /bin/kstat: No such file or directory
sh: /bin/kstat: No such file or directory
sh: /bin/kstat: No such file or directory
sh: /bin/kstat: No such file or directory
sh: /bin/kstat: No such file or directory
sh: /bin/kstat: No such file or directory
sh: /bin/kstat: No such file or directory
sh: /bin/kstat: No such file or directory
sh: /bin/kstat: No such file or directory
sh: /bin/kstat: No such file or directory
sh: /bin/kstat: No such file or directory
sh: /bin/kstat: No such file or directory
sh: /bin/kstat: No such file or directory
sh: /bin/kstat: No such file or directory
sh: /bin/kstat: No such file or directory
sh: /bin/kstat: No such file or directory
sh: /bin/kstat: No such file or directory
sh: /bin/kstat: No such file or directory
sh: /bin/kstat: No such file or directory
sh: /bin/kstat: No such file or directory
sh: /bin/kstat: No such file or directory
sh: /bin/kstat: No such file or directory
sh: /bin/kstat: No such file or directory
sh: /bin/kstat: No such file or directory
sh: /bin/kstat: No such file or directory
sh: /bin/kstat: No such file or directory
sh: /bin/kstat: No such file or directory
sh: /bin/kstat: No such file or directory
sh: /bin/kstat: No such file or directory
sh: /bin/kstat: No such file or directory
sh: /bin/kstat: No such file or directory
sh: /bin/kstat: No such file or directory
sh: /bin/kstat: No such file or directory
sh: /bin/kstat: No such file or directory
sh: /bin/kstat: No such file or directory
sh: /bin/kstat: No such file or directory
sh: /bin/kstat: No such file or directory
sh: /bin/kstat: No such file or directory
sh: /bin/kstat: No such file or directory
sh: /bin/kstat: No such file or directory
sh: /bin/kstat: No such file or directory
sh: /bin/kstat: No such file or directory
sh: /bin/kstat: No such file or directory
sh: /bin/kstat: No such file or directory
sh: /bin/kstat: No such file or directory
sh: /bin/kstat: No such file or directory
sh: /bin/kstat: No such file or directory
sh: /bin/kstat: No such file or directory
sh: /bin/kstat: No such file or directory
sh: /bin/kstat: No such file or directory
sh: /bin/kstat: No such file or directory
sh: /bin/kstat: No such file or directory
sh: /bin/kstat: No such file or directory
sh: /bin/kstat: No such file or directory
sh: /bin/kstat: No such file or directory
sh: /bin/kstat: No such file or directory
sh: /bin/kstat: No such file or directory
sh: /bin/kstat: No such file or directory
sh: /bin/kstat: No such file or directory
sh: /bin/kstat: No such file or directory
sh: /bin/kstat: No such file or directory
sh: /bin/kstat: No such file or directory
sh: /bin/kstat: No such file or directory
sh: /bin/kstat: No such file or directory
sh: /bin/kstat: No such file or directory
sh: /bin/kstat: No such file or directory
sh: /bin/kstat: No such file or directory
sh: /bin/kstat: No such file or directory
sh: /bin/kstat: No such file or directory
sh: /bin/kstat: No such file or directory
sh: /bin/kstat: No such file or directory
 *** WARNING *** GMRFLib_2order_approx: rescue NAN/INF values in logl for idx=6636
 *** WARNING *** GMRFLib_2order_approx: reset counter for 6 NAN/INF values in logl

Train/test evaluation split:
Train rows: 25644 
Test rows: 365 
Dropped test rows with own/neighbor lagged cases inside test period: 4293 
No-leakage policy: scaler fit on training data only.
No-leakage policy: test own-case and neighbor-case lags must come from before test start.

S7 train/test metrics:
Index: <split>
    model  split      mae     rmse      wape        r2
   <char> <char>    <num>    <num>     <num>     <num>
1:     S7  train 2.929367 17.34163 0.6464720 0.7464392
2:     S7   test 4.020984 10.74629 0.4654802 0.8652189
                 evaluation_scope n_observations sample_start sample_end
                           <char>          <int>       <char>     <char>
1:                   training_fit          25644   2017-03-27 2022-12-26
2: model_eligible_not_cross_model            365   2023-01-02 2023-01-23
                   sample_signature
                             <char>
1: 5c97f3bd668c3a5290a95f97af5a1888
2: 9fe0b6127a3135ce3e25d8318581900f

S7 train-fit fixed effects:
                                                                 mean
(Intercept)                                               -0.61459649
rainfall_lag_z                                             0.12300495
humidity_lag_z                                            -0.02009467
temperature_lag_z                                         -0.01062567
idhm_z                                                     0.57963376
log_cases_lag_z                                            0.84963169
neighbor_log_cases_lag_z                                   0.24861587
temperature_lag_region_Campos.dos.Goytacazes               0.14028644
temperature_lag_region_Macaé...Rio.das.Ostras...Cabo.Frio  0.19926253
temperature_lag_region_Petrópolis                          0.07210711
temperature_lag_region_Volta.Redonda...Barra.Mansa         0.08906058
                                                                  sd
(Intercept)                                               0.14591329
rainfall_lag_z                                            0.02937652
humidity_lag_z                                            0.01746352
temperature_lag_z                                         0.02712913
idhm_z                                                    0.09776472
log_cases_lag_z                                           0.01158693
neighbor_log_cases_lag_z                                  0.02166172
temperature_lag_region_Campos.dos.Goytacazes              0.03353292
temperature_lag_region_Macaé...Rio.das.Ostras...Cabo.Frio 0.03603313
temperature_lag_region_Petrópolis                         0.04013106
temperature_lag_region_Volta.Redonda...Barra.Mansa        0.02986239
                                                            0.025quant
(Intercept)                                               -0.902025730
rainfall_lag_z                                             0.064804067
humidity_lag_z                                            -0.054349550
temperature_lag_z                                         -0.063888357
idhm_z                                                     0.387734586
log_cases_lag_z                                            0.826914321
neighbor_log_cases_lag_z                                   0.206167267
temperature_lag_region_Campos.dos.Goytacazes               0.074533765
temperature_lag_region_Macaé...Rio.das.Ostras...Cabo.Frio  0.128600589
temperature_lag_region_Petrópolis                         -0.006569193
temperature_lag_region_Volta.Redonda...Barra.Mansa         0.030517693
                                                             0.5quant
(Intercept)                                               -0.61514543
rainfall_lag_z                                             0.12322083
humidity_lag_z                                            -0.02009117
temperature_lag_z                                         -0.01060352
idhm_z                                                     0.57949540
log_cases_lag_z                                            0.84963031
neighbor_log_cases_lag_z                                   0.24860573
temperature_lag_region_Campos.dos.Goytacazes               0.14028535
temperature_lag_region_Macaé...Rio.das.Ostras...Cabo.Frio  0.19926373
temperature_lag_region_Petrópolis                          0.07210088
temperature_lag_region_Volta.Redonda...Barra.Mansa         0.08905521
                                                           0.975quant
(Intercept)                                               -0.32425046
rainfall_lag_z                                             0.18000437
humidity_lag_z                                             0.01414024
temperature_lag_z                                          0.04251093
idhm_z                                                     0.77232370
log_cases_lag_z                                            0.87235691
neighbor_log_cases_lag_z                                   0.29112216
temperature_lag_region_Campos.dos.Goytacazes               0.20604529
temperature_lag_region_Macaé...Rio.das.Ostras...Cabo.Frio  0.26991763
temperature_lag_region_Petrópolis                          0.15081890
temperature_lag_region_Volta.Redonda...Barra.Mansa         0.14763407
                                                                 mode
(Intercept)                                               -0.61520182
rainfall_lag_z                                             0.12322870
humidity_lag_z                                            -0.02009115
temperature_lag_z                                         -0.01060340
idhm_z                                                     0.57949713
log_cases_lag_z                                            0.84963030
neighbor_log_cases_lag_z                                   0.24860565
temperature_lag_region_Campos.dos.Goytacazes               0.14028534
temperature_lag_region_Macaé...Rio.das.Ostras...Cabo.Frio  0.19926373
temperature_lag_region_Petrópolis                          0.07210086
temperature_lag_region_Volta.Redonda...Barra.Mansa         0.08905519
                                                                   kld
(Intercept)                                               1.382855e-07
rainfall_lag_z                                            1.314896e-08
humidity_lag_z                                            5.214243e-11
temperature_lag_z                                         2.009875e-10
idhm_z                                                    1.617757e-08
log_cases_lag_z                                           4.476141e-11
neighbor_log_cases_lag_z                                  9.627496e-11
temperature_lag_region_Campos.dos.Goytacazes              4.430824e-11
temperature_lag_region_Macaé...Rio.das.Ostras...Cabo.Frio 4.418857e-11
temperature_lag_region_Petrópolis                         5.223666e-11
temperature_lag_region_Volta.Redonda...Barra.Mansa        5.155940e-11

S7 train-fit region-specific temperature effects:
                               region temperature_effect_mean
                               <char>                   <num>
1:              Campos dos Goytacazes              0.12966076
2: Macaé - Rio das Ostras - Cabo Frio              0.18863685
3:                         Petrópolis              0.06148144
4:                     Rio de Janeiro             -0.01062567
5:        Volta Redonda - Barra Mansa              0.07843491
   temperature_effect_q025 temperature_effect_q975 temperature_relative_risk
                     <num>                   <num>                     <num>
1:            0.0451202932              0.21420123                 1.1384421
2:            0.1002328982              0.27704081                 1.2076023
3:           -0.0334621403              0.15642502                 1.0634108
4:           -0.0637987643              0.04254742                 0.9894306
5:           -0.0006420943              0.15751192                 1.0815930
   temperature_relative_risk_q025 temperature_relative_risk_q975
                            <num>                          <num>
1:                      1.0461537                       1.238872
2:                      1.1054283                       1.319220
3:                      0.9670915                       1.169323
4:                      0.9381938                       1.043466
5:                      0.9993581                       1.170595
